{"classification_report_train": {"0.0": {"precision_mean": 0.9796358081865912, "precision_std": 0.0015433332364039325, "recall_mean": 0.9667232902074169, "recall_std": 0.009353483829929793, "f1-score_mean": 0.9728345879608357, "f1-score_std": 0.004238364318031951, "support_mean": 2222.1, "support_std": 25.471729426954894}, "1.0": {"precision_mean": 0.932856164646658, "precision_std": 0.01702932195882123, "recall_mean": 0.9553714508352869, "recall_std": 0.003979965444134557, "f1-score_mean": 0.9428465164373947, "f1-score_std": 0.007844050570372588, "support_mean": 1017.9, "support_std": 25.471729426954894}, "macro avg": {"precision_mean": 0.9562459864166246, "precision_std": 0.007883872332367916, "recall_mean": 0.9610473705213518, "recall_std": 0.0032848841373209936, "f1-score_mean": 0.9578405521991151, "f1-score_std": 0.00599335640830606, "support_mean": 3240.0, "support_std": 0.0}, "weighted avg": {"precision_mean": 0.9650738256552959, "precision_std": 0.004396497739368705, "recall_mean": 0.9633024691358025, "recall_std": 0.005468008759942802, "f1-score_mean": 0.9635582467888781, "f1-score_std": 0.0052855581711070306, "support_mean": 3240.0, "support_std": 0.0}}, "classification_report_test": {"0.0": {"precision_mean": 0.6912279020680006, "precision_std": 0.09854337871567054, "recall_mean": 0.8215340266586342, "recall_std": 0.09682560778899545, "f1-score_mean": 0.7183148189497878, "f1-score_std": 0.08476796766795622, "support_mean": 246.9, "support_std": 25.471729426954894}, "1.0": {"precision_mean": 0.2975292523174711, "precision_std": 0.11986747036489775, "recall_mean": 0.31317631722155403, "recall_std": 0.12183937018946854, "f1-score_mean": 0.21363336901613234, "f1-score_std": 0.09275073617356416, "support_mean": 113.1, "support_std": 25.471729426954894}, "macro avg": {"precision_mean": 0.4943785771927359, "precision_std": 0.08092389535275764, "recall_mean": 0.5673551719400941, "recall_std": 0.07520223396377691, "f1-score_mean": 0.46597409398296, "f1-score_std": 0.07340927093305911, "support_mean": 360.0, "support_std": 0.0}, "weighted avg": {"precision_mean": 0.6546066385703962, "precision_std": 0.10968017436403256, "recall_mean": 0.6319444444444444, "recall_std": 0.08641277804744239, "f1-score_mean": 0.5973136766582849, "f1-score_std": 0.09810433599427885, "support_mean": 360.0, "support_std": 0.0}}, "timing": {"extractor_fit": "0:00:00.102352", "filtered_features": "0:00:00.000392", "model_training_time": "0:00:00.002950"}, "selected_vocabulary": [["skew", "age"], ["skew", "age"], ["skew", "age"], ["kurtosis", "age"], ["kurtosis", "age"], ["skew", "age"], ["skew", "age"], ["skew", "age"], ["skew", "age"], ["std", "age"]]}