{"classification_report_train": {"0.0": {"precision_mean": 0.9951264232866555, "precision_std": 0.0008664069422503303, "recall_mean": 0.9628387281449532, "recall_std": 0.004768404011448, "f1-score_mean": 0.9786496310925766, "f1-score_std": 0.002388163740980294, "support_mean": 2222.1, "support_std": 25.471729426954894}, "1.0": {"precision_mean": 0.9247252191570092, "precision_std": 0.010028697413438308, "recall_mean": 0.9899295927461995, "recall_std": 0.0016104049628806307, "f1-score_mean": 0.9558933559016015, "f1-score_std": 0.005076539243615066, "support_mean": 1017.9, "support_std": 25.471729426954894}, "macro avg": {"precision_mean": 0.9599258212218323, "precision_std": 0.0048703207070339245, "recall_mean": 0.9763841604455763, "recall_std": 0.002234573867833251, "f1-score_mean": 0.967271493497089, "f1-score_std": 0.0036978634769049444, "support_mean": 3240.0, "support_std": 0.0}, "weighted avg": {"precision_mean": 0.9732350382967256, "precision_std": 0.0027888919188031615, "recall_mean": 0.9712962962962963, "recall_std": 0.0032166950372009644, "f1-score_mean": 0.9715981395014042, "f1-score_std": 0.003149385730413945, "support_mean": 3240.0, "support_std": 0.0}}, "classification_report_test": {"0.0": {"precision_mean": 0.6820427690597276, "precision_std": 0.09288323332638986, "recall_mean": 0.7992310947493981, "recall_std": 0.09439948121659154, "f1-score_mean": 0.7099281741259684, "f1-score_std": 0.08103944232750686, "support_mean": 246.9, "support_std": 25.471729426954894}, "1.0": {"precision_mean": 0.31001145698646326, "precision_std": 0.12437177802129379, "recall_mean": 0.2807142710165952, "recall_std": 0.10144048506794619, "f1-score_mean": 0.22681154932575692, "f1-score_std": 0.08263547462189871, "support_mean": 113.1, "support_std": 25.471729426954894}, "macro avg": {"precision_mean": 0.49602711302309543, "precision_std": 0.07718835140010623, "recall_mean": 0.5399726828829967, "recall_std": 0.06900241992046155, "f1-score_mean": 0.4683698617258626, "f1-score_std": 0.06375304380398372, "support_mean": 360.0, "support_std": 0.0}, "weighted avg": {"precision_mean": 0.6567858990322387, "precision_std": 0.10480182936678974, "recall_mean": 0.6291666666666667, "recall_std": 0.07969971614181834, "f1-score_mean": 0.6091799497199433, "f1-score_std": 0.08916361691729245, "support_mean": 360.0, "support_std": 0.0}}, "timing": {"extractor_fit": "0:00:00.792120", "filtered_features": "0:00:00.000546", "model_training_time": "0:00:00.014234"}, "selected_vocabulary": [["gender", "mean", "mean_hrt_rate", "root_mean_diff_R_R", "skew", "mean_R_R", "std_hrt_rate", "std_R_R", "std", "kurtosis", "age"], ["gender", "mean_hrt_rate", "mean", "root_mean_diff_R_R", "std_R_R", "maximum", "std_hrt_rate", "std", "skew", "kurtosis", "age"], ["minimum", "maximum", "mean_hrt_rate", "root_mean_diff_R_R", "std_hrt_rate", "skew", "std", "gender", "std_R_R", "age", "kurtosis"], ["maximum", "mean_R_R", "mean_hrt_rate", "root_mean_diff_R_R", "std_hrt_rate", "gender", "std_R_R", "skew", "std", "age", "kurtosis"], ["gender", "root_mean_diff_R_R", "std_hrt_rate", "std_R_R", "std", "mean_hrt_rate", "maximum", "skew", "mean_R_R", "age", "kurtosis"], ["root_mean_diff_R_R", "mean_R_R", "minimum", "std_hrt_rate", "gender", "mean_hrt_rate", "maximum", "std", "std_R_R", "kurtosis", "age"], ["mean", "root_mean_diff_R_R", "std_R_R", "maximum", "skew", "std_hrt_rate", "gender", "mean_hrt_rate", "std", "kurtosis", "age"], ["mean", "maximum", "std_hrt_rate", "mean_hrt_rate", "mean_R_R", "gender", "kurtosis", "std_R_R", "std", "skew", "age"], ["root_mean_diff_R_R", "minimum", "maximum", "std_R_R", "mean_hrt_rate", "std", "gender", "std_hrt_rate", "skew", "kurtosis", "age"], ["root_mean_diff_R_R", "mean", "maximum", "mean_hrt_rate", "std_R_R", "std_hrt_rate", "gender", "std", "skew", "kurtosis", "age"]]}