{"classification_report_train": {"0.0": {"precision_mean": 0.9958630775584819, "precision_std": 0.000515392717637931, "recall_mean": 0.9558322594493074, "recall_std": 0.0038669894331948874, "f1-score_mean": 0.9754017116665621, "f1-score_std": 0.002149058812479492, "support_mean": 2222.1, "support_std": 25.471729426954894}, "1.0": {"precision_mean": 0.9122173443292352, "precision_std": 0.006637929621280328, "recall_mean": 0.9912916130539268, "recall_std": 0.0011166325991255486, "f1-score_mean": 0.9500018169802867, "f1-score_std": 0.003889746619844296, "support_mean": 1017.9, "support_std": 25.471729426954894}, "macro avg": {"precision_mean": 0.9540402109438585, "precision_std": 0.0034616564273948994, "recall_mean": 0.973561936251617, "recall_std": 0.0021849924348912734, "f1-score_mean": 0.9627017643234245, "f1-score_std": 0.002947042629592857, "support_mean": 3240.0, "support_std": 0.0}, "weighted avg": {"precision_mean": 0.9695689029253316, "precision_std": 0.002343433809378107, "recall_mean": 0.9671296296296296, "recall_std": 0.0027062991375862893, "f1-score_mean": 0.9674953300872176, "f1-score_std": 0.002654378897250092, "support_mean": 3240.0, "support_std": 0.0}}, "classification_report_test": {"0.0": {"precision_mean": 0.6515415568139871, "precision_std": 0.09549877412050091, "recall_mean": 0.7633292892851852, "recall_std": 0.09277078768858353, "f1-score_mean": 0.6750468284530744, "f1-score_std": 0.08119340859556722, "support_mean": 246.9, "support_std": 25.471729426954894}, "1.0": {"precision_mean": 0.30303027345733763, "precision_std": 0.12340840687540085, "recall_mean": 0.21327876815715946, "recall_std": 0.0748506828384972, "f1-score_mean": 0.1695444138374725, "f1-score_std": 0.061159857240811424, "support_mean": 113.1, "support_std": 25.471729426954894}, "macro avg": {"precision_mean": 0.4772859151356624, "precision_std": 0.07382266152693336, "recall_mean": 0.4883040287211723, "recall_std": 0.0585356899682197, "f1-score_mean": 0.4222956211452734, "f1-score_std": 0.055545591967287804, "support_mean": 360.0, "support_std": 0.0}, "weighted avg": {"precision_mean": 0.6387773093805506, "precision_std": 0.10468269857944072, "recall_mean": 0.581388888888889, "recall_std": 0.08029176156560922, "f1-score_mean": 0.5606523870234988, "f1-score_std": 0.08928769348276781, "support_mean": 360.0, "support_std": 0.0}}, "timing": {"extractor_fit": "0:00:00.001293", "filtered_features": "0:00:00.000359", "model_training_time": "0:00:00.010316"}, "selected_vocabulary": [["maximum", "std_hrt_rate", "std_R_R", "mean", "minimum", "std", "age", "kurtosis", "skew"], ["mean", "std_hrt_rate", "std_R_R", "std", "maximum", "minimum", "age", "kurtosis", "skew"], ["std_hrt_rate", "std_R_R", "maximum", "std", "gender", "minimum", "age", "kurtosis", "skew"], ["std_hrt_rate", "std_R_R", "maximum", "age", "gender", "std", "minimum", "kurtosis", "skew"], ["mean_hrt_rate", "std_hrt_rate", "std_R_R", "maximum", "std", "minimum", "age", "kurtosis", "skew"], ["gender", "std_hrt_rate", "std", "std_R_R", "maximum", "minimum", "age", "kurtosis", "skew"], ["std_hrt_rate", "std_R_R", "maximum", "gender", "std", "minimum", "age", "kurtosis", "skew"], ["gender", "std_hrt_rate", "mean", "std_R_R", "minimum", "maximum", "age", "kurtosis", "skew"], ["std_hrt_rate", "std_R_R", "gender", "std", "maximum", "minimum", "kurtosis", "age", "skew"], ["maximum", "std_hrt_rate", "std_R_R", "minimum", "std", "gender", "age", "kurtosis", "skew"]]}