{"classification_report_train": {"0.0": {"precision_mean": 0.9951654665463134, "precision_std": 0.0008022861274801233, "recall_mean": 0.958575400556113, "recall_std": 0.004835612544583996, "f1-score_mean": 0.9764607171866121, "f1-score_std": 0.002442464414639017, "support_mean": 2222.1, "support_std": 25.471729426954894}, "1.0": {"precision_mean": 0.9179202561438314, "precision_std": 0.008996512442283751, "recall_mean": 0.9896441995002971, "recall_std": 0.0017150271566793087, "f1-score_mean": 0.9521796720920092, "f1-score_std": 0.00463273657257474, "support_mean": 1017.9, "support_std": 25.471729426954894}, "macro avg": {"precision_mean": 0.9565428613450724, "precision_std": 0.004443684678551096, "recall_mean": 0.9741098000282051, "recall_std": 0.002269680471018143, "f1-score_mean": 0.9643201946393105, "f1-score_std": 0.0034811788119783692, "support_mean": 3240.0, "support_std": 0.0}, "weighted avg": {"precision_mean": 0.970788482448798, "precision_std": 0.0027745527356247248, "recall_mean": 0.9685493827160492, "recall_std": 0.0031485868733270397, "f1-score_mean": 0.9688857509777845, "f1-score_std": 0.003092765671148525, "support_mean": 3240.0, "support_std": 0.0}}, "classification_report_test": {"0.0": {"precision_mean": 0.676879125521008, "precision_std": 0.09359801796558236, "recall_mean": 0.789732487105047, "recall_std": 0.09514859271519525, "f1-score_mean": 0.7008503130427608, "f1-score_std": 0.0808447846137577, "support_mean": 246.9, "support_std": 25.471729426954894}, "1.0": {"precision_mean": 0.30276932747568813, "precision_std": 0.12194468351364655, "recall_mean": 0.28438546016264465, "recall_std": 0.09924901716907221, "f1-score_mean": 0.22301127934528048, "f1-score_std": 0.07958409385741998, "support_mean": 113.1, "support_std": 25.471729426954894}, "macro avg": {"precision_mean": 0.4898242264983482, "precision_std": 0.07582383225474175, "recall_mean": 0.5370589736338458, "recall_std": 0.06719659252445366, "f1-score_mean": 0.46193079619402067, "f1-score_std": 0.06279698919462486, "support_mean": 360.0, "support_std": 0.0}, "weighted avg": {"precision_mean": 0.651030219733018, "precision_std": 0.1049912190768725, "recall_mean": 0.6172222222222222, "recall_std": 0.07952967456115025, "f1-score_mean": 0.5986609115321978, "f1-score_std": 0.08850713116066948, "support_mean": 360.0, "support_std": 0.0}}, "timing": {"extractor_fit": "0:00:00.001241", "filtered_features": "0:00:00.000339", "model_training_time": "0:00:00.012278"}, "selected_vocabulary": [["mean_hrt_rate", "gender", "maximum", "std_hrt_rate", "std_R_R", "mean", "minimum", "std", "age", "kurtosis", "skew"], ["root_mean_diff_R_R", "gender", "mean", "std_hrt_rate", "std_R_R", "std", "maximum", "minimum", "age", "kurtosis", "skew"], ["mean_R_R", "mean_hrt_rate", "std_hrt_rate", "std_R_R", "maximum", "std", "gender", "minimum", "age", "kurtosis", "skew"], ["mean_hrt_rate", "mean", "std_hrt_rate", "std_R_R", "maximum", "age", "gender", "std", "minimum", "kurtosis", "skew"], ["mean_R_R", "gender", "mean_hrt_rate", "std_hrt_rate", "std_R_R", "maximum", "std", "minimum", "age", "kurtosis", "skew"], ["mean_R_R", "mean_hrt_rate", "gender", "std_hrt_rate", "std", "std_R_R", "maximum", "minimum", "age", "kurtosis", "skew"], ["mean_R_R", "mean_hrt_rate", "std_hrt_rate", "std_R_R", "maximum", "gender", "std", "minimum", "age", "kurtosis", "skew"], ["root_mean_diff_R_R", "mean_R_R", "gender", "std_hrt_rate", "mean", "std_R_R", "minimum", "maximum", "age", "kurtosis", "skew"], ["mean_R_R", "mean_hrt_rate", "std_hrt_rate", "std_R_R", "gender", "std", "maximum", "minimum", "kurtosis", "age", "skew"], ["mean", "mean_hrt_rate", "maximum", "std_hrt_rate", "std_R_R", "minimum", "std", "gender", "age", "kurtosis", "skew"]]}