{"classification_report_train": {"0.0": {"precision_mean": 0.9815726583660214, "precision_std": 0.001224553270084399, "recall_mean": 0.9713780347946723, "recall_std": 0.007326005467437039, "f1-score_mean": 0.9762796341286439, "f1-score_std": 0.0035594059027227506, "support_mean": 2222.1, "support_std": 25.471729426954894}, "1.0": {"precision_mean": 0.9399843492063227, "precision_std": 0.014622210764470225, "recall_mean": 0.9595658234465642, "recall_std": 0.0032948637301507544, "f1-score_mean": 0.9489460127378135, "f1-score_std": 0.007509810205692184, "support_mean": 1017.9, "support_std": 25.471729426954894}, "macro avg": {"precision_mean": 0.9607785037861722, "precision_std": 0.007050630989535135, "recall_mean": 0.9654719291206183, "recall_std": 0.0033090471557620698, "f1-score_mean": 0.9626128234332286, "f1-score_std": 0.005509165987585635, "support_mean": 3240.0, "support_std": 0.0}, "weighted avg": {"precision_mean": 0.9688489663323088, "precision_std": 0.0039007407918543466, "recall_mean": 0.9676851851851852, "recall_std": 0.004815220384944603, "f1-score_mean": 0.9678844281832415, "f1-score_std": 0.004649739708181198, "support_mean": 3240.0, "support_std": 0.0}}, "classification_report_test": {"0.0": {"precision_mean": 0.6765909693866695, "precision_std": 0.09829912607511533, "recall_mean": 0.8330235602118414, "recall_std": 0.09813105696254443, "f1-score_mean": 0.713962514733, "f1-score_std": 0.08581513041375655, "support_mean": 246.9, "support_std": 25.471729426954894}, "1.0": {"precision_mean": 0.14723056653491434, "precision_std": 0.09365809684840232, "recall_mean": 0.20476446147644728, "recall_std": 0.11587697098067794, "f1-score_mean": 0.11855701606743893, "f1-score_std": 0.08561828757246989, "support_mean": 113.1, "support_std": 25.471729426954894}, "macro avg": {"precision_mean": 0.41191076796079196, "precision_std": 0.07364109320783098, "recall_mean": 0.5188940108441444, "recall_std": 0.06900213214274646, "f1-score_mean": 0.41625976540021953, "f1-score_std": 0.06781061013675695, "support_mean": 360.0, "support_std": 0.0}, "weighted avg": {"precision_mean": 0.5844845781213521, "precision_std": 0.11396045320846208, "recall_mean": 0.6216666666666667, "recall_std": 0.089023162473539, "f1-score_mean": 0.5695139344001808, "f1-score_std": 0.10127449096474157, "support_mean": 360.0, "support_std": 0.0}}, "timing": {"extractor_fit": "0:00:00.768365", "filtered_features": "0:00:00.000535", "model_training_time": "0:00:00.003331"}, "selected_vocabulary": [["kurtosis", "age"], ["age", "kurtosis"], ["kurtosis", "age"], ["age", "kurtosis"], ["kurtosis", "age"], ["kurtosis", "age"], ["skew", "age"], ["skew", "age"], ["skew", "age"], ["kurtosis", "age"]]}