{"classification_report_train": {"0.0": {"precision_mean": 0.9862187235225968, "precision_std": 0.0019357187772398724, "recall_mean": 0.9419263837379752, "recall_std": 0.010857152186811379, "f1-score_mean": 0.9632727305641667, "f1-score_std": 0.00620057146262449, "support_mean": 2222.1, "support_std": 25.471729426954894}, "1.0": {"precision_mean": 0.8863082145012342, "precision_std": 0.020047872911158053, "recall_mean": 0.9712333810122772, "recall_std": 0.004192693331724365, "f1-score_mean": 0.9257559983756071, "f1-score_std": 0.0122567008518648, "support_mean": 1017.9, "support_std": 25.471729426954894}, "macro avg": {"precision_mean": 0.9362634690119155, "precision_std": 0.010449693623342459, "recall_mean": 0.956579882375126, "recall_std": 0.0065478257656049945, "f1-score_mean": 0.944514364469887, "f1-score_std": 0.009199446407348594, "support_mean": 3240.0, "support_std": 0.0}, "weighted avg": {"precision_mean": 0.9554731910140226, "precision_std": 0.006498034125931069, "recall_mean": 0.9509567901234568, "recall_std": 0.008217699095119274, "f1-score_mean": 0.9517491926071345, "f1-score_std": 0.007918370985493358, "support_mean": 3240.0, "support_std": 0.0}}, "classification_report_test": {"0.0": {"precision_mean": 0.6997548742741388, "precision_std": 0.11226105749107881, "recall_mean": 0.7291920058680578, "recall_std": 0.11012493365617743, "f1-score_mean": 0.6897827348394541, "f1-score_std": 0.10188138963955767, "support_mean": 246.9, "support_std": 25.471729426954894}, "1.0": {"precision_mean": 0.26745060081841904, "precision_std": 0.11743735617959257, "recall_mean": 0.32555615719241565, "recall_std": 0.13635560656908874, "f1-score_mean": 0.2230934041684244, "f1-score_std": 0.11291130670056017, "support_mean": 113.1, "support_std": 25.471729426954894}, "macro avg": {"precision_mean": 0.4836027375462789, "precision_std": 0.09108804488632052, "recall_mean": 0.5273740815302368, "recall_std": 0.09010578691600811, "f1-score_mean": 0.4564380695039393, "f1-score_std": 0.08830253757547839, "support_mean": 360.0, "support_std": 0.0}, "weighted avg": {"precision_mean": 0.65621147865987, "precision_std": 0.11578350092427467, "recall_mean": 0.6258333333333334, "recall_std": 0.10467914675536909, "f1-score_mean": 0.6086890073351261, "f1-score_std": 0.11021695464977989, "support_mean": 360.0, "support_std": 0.0}}, "timing": {"extractor_fit": "0:00:00.001510", "filtered_features": "0:00:00.000376", "model_training_time": "0:00:00.005648"}, "selected_vocabulary": [["std", "age", "kurtosis", "skew"], ["minimum", "age", "kurtosis", "skew"], ["minimum", "age", "kurtosis", "skew"], ["std", "minimum", "kurtosis", "skew"], ["minimum", "age", "kurtosis", "skew"], ["minimum", "age", "kurtosis", "skew"], ["minimum", "age", "kurtosis", "skew"], ["maximum", "age", "kurtosis", "skew"], ["minimum", "kurtosis", "age", "skew"], ["gender", "age", "kurtosis", "skew"]]}