{"classification_report_train": {"0.0": {"precision_mean": 0.950761280257218, "precision_std": 0.010973264633992374, "recall_mean": 0.8619869929106582, "recall_std": 0.016977017040788946, "f1-score_mean": 0.9027281988319571, "f1-score_std": 0.00968177449326528, "support_mean": 2222.1, "support_std": 25.471729426954894}, "1.0": {"precision_mean": 0.7572660351825675, "precision_std": 0.01634607777875191, "recall_mean": 0.8967338571732488, "recall_std": 0.02491310112635113, "f1-score_mean": 0.8183894809979846, "f1-score_std": 0.014309701708020263, "support_mean": 1017.9, "support_std": 25.471729426954894}, "macro avg": {"precision_mean": 0.8540136577198929, "precision_std": 0.010049121917253542, "recall_mean": 0.8793604250419534, "recall_std": 0.012103138670553902, "f1-score_mean": 0.8605588399149706, "f1-score_std": 0.011248904518867758, "support_mean": 3240.0, "support_std": 0.0}, "weighted avg": {"precision_mean": 0.8891532852696074, "precision_std": 0.009729332429267446, "recall_mean": 0.8744444444444446, "recall_std": 0.010904963499641663, "f1-score_mean": 0.8765506733210418, "f1-score_std": 0.010731172602301354, "support_mean": 3240.0, "support_std": 0.0}}, "classification_report_test": {"0.0": {"precision_mean": 0.4876635132075263, "precision_std": 0.11612234658927176, "recall_mean": 0.6438333989229671, "recall_std": 0.14133257917806746, "f1-score_mean": 0.5271164869148773, "f1-score_std": 0.11523637365240197, "support_mean": 246.9, "support_std": 25.471729426954894}, "1.0": {"precision_mean": 0.1131542996836353, "precision_std": 0.06793808812027304, "recall_mean": 0.21972868217054264, "recall_std": 0.12405889281985004, "f1-score_mean": 0.08793828148830662, "f1-score_std": 0.06242479210603264, "support_mean": 113.1, "support_std": 25.471729426954894}, "macro avg": {"precision_mean": 0.3004089064455808, "precision_std": 0.05783234011652353, "recall_mean": 0.4317810405467549, "recall_std": 0.048897975636032154, "f1-score_mean": 0.307527384201592, "f1-score_std": 0.04931309195640581, "support_mean": 360.0, "support_std": 0.0}, "weighted avg": {"precision_mean": 0.42871907156192135, "precision_std": 0.1099542886834481, "recall_mean": 0.49527777777777776, "recall_std": 0.09406627719949823, "f1-score_mean": 0.42321440850280256, "f1-score_std": 0.09767285719944803, "support_mean": 360.0, "support_std": 0.0}}, "timing": {"extractor_fit": "0:00:00.655990", "filtered_features": "0:00:00.000500", "model_training_time": "0:00:00.002233"}, "selected_vocabulary": [["age"], ["age"], ["age"], ["kurtosis"], ["kurtosis"], ["age"], ["age"], ["age"], ["age"], ["age"]]}