{"classification_report_train": {"0.0": {"precision_mean": 0.9909358956898295, "precision_std": 0.0012409709440690344, "recall_mean": 0.9527999099549758, "recall_std": 0.008985497075207592, "f1-score_mean": 0.9712599491016938, "f1-score_std": 0.004758407701234375, "support_mean": 2222.1, "support_std": 25.471729426954894}, "1.0": {"precision_mean": 0.9065139470591312, "precision_std": 0.01595678282924564, "recall_mean": 0.9805413802314333, "recall_std": 0.0030687849200413003, "f1-score_mean": 0.9412569325937463, "f1-score_std": 0.0090689644440291, "support_mean": 1017.9, "support_std": 25.471729426954894}, "macro avg": {"precision_mean": 0.9487249213744804, "precision_std": 0.00793692618029293, "recall_mean": 0.9666706450932046, "recall_std": 0.004488440571912415, "f1-score_mean": 0.9562584408477199, "f1-score_std": 0.006876127854682322, "support_mean": 3240.0, "support_std": 0.0}, "weighted avg": {"precision_mean": 0.964785504525809, "precision_std": 0.004668052782458566, "recall_mean": 0.9615123456790122, "recall_std": 0.006211000867709833, "f1-score_mean": 0.9620364736846632, "f1-score_std": 0.005979731174837147, "support_mean": 3240.0, "support_std": 0.0}}, "classification_report_test": {"0.0": {"precision_mean": 0.6872879281582925, "precision_std": 0.09972792389426599, "recall_mean": 0.7779290976433855, "recall_std": 0.09775793608081416, "f1-score_mean": 0.7001414471295041, "f1-score_std": 0.08618416434739844, "support_mean": 246.9, "support_std": 25.471729426954894}, "1.0": {"precision_mean": 0.1821219927788881, "precision_std": 0.0934302680145203, "recall_mean": 0.32083969375891963, "recall_std": 0.13278432050036998, "f1-score_mean": 0.1753529282738542, "f1-score_std": 0.09272713921431124, "support_mean": 113.1, "support_std": 25.471729426954894}, "macro avg": {"precision_mean": 0.4347049604685903, "precision_std": 0.07475930735710226, "recall_mean": 0.5493843957011525, "recall_std": 0.07702906608066062, "f1-score_mean": 0.43774718770167914, "f1-score_std": 0.07065930501439988, "support_mean": 360.0, "support_std": 0.0}, "weighted avg": {"precision_mean": 0.6062386630395176, "precision_std": 0.11227812227813784, "recall_mean": 0.6166666666666667, "recall_std": 0.0893391374565564, "f1-score_mean": 0.5836909986892379, "f1-score_std": 0.09902683634357003, "support_mean": 360.0, "support_std": 0.0}}, "timing": {"extractor_fit": "0:00:00.775549", "filtered_features": "0:00:00.000594", "model_training_time": "0:00:00.006316"}, "selected_vocabulary": [["std_hrt_rate", "std_R_R", "kurtosis", "age"], ["std_hrt_rate", "skew", "kurtosis", "age"], ["std", "skew", "kurtosis", "age"], ["skew", "std", "age", "kurtosis"], ["skew", "mean_R_R", "age", "kurtosis"], ["std", "std_R_R", "kurtosis", "age"], ["std_R_R", "std", "kurtosis", "age"], ["kurtosis", "std", "skew", "age"], ["kurtosis", "std_hrt_rate", "skew", "age"], ["skew", "gender", "kurtosis", "age"]]}