{"classification_report_train": {"0.0": {"precision_mean": 0.9876276267650443, "precision_std": 0.0030876712735513298, "recall_mean": 0.950161299030553, "recall_std": 0.010269374455868573, "f1-score_mean": 0.9683176291237607, "f1-score_std": 0.006421745422981326, "support_mean": 2222.1, "support_std": 25.471729426954894}, "1.0": {"precision_mean": 0.9009347225119037, "precision_std": 0.019499248290647735, "recall_mean": 0.9744119742664475, "recall_std": 0.006244788177652859, "f1-score_mean": 0.9354023542536073, "f1-score_std": 0.01284005766312571, "support_mean": 1017.9, "support_std": 25.471729426954894}, "macro avg": {"precision_mean": 0.9442811746384739, "precision_std": 0.010704058815796271, "recall_mean": 0.9622866366485001, "recall_std": 0.007497565058548675, "f1-score_mean": 0.9518599916886841, "f1-score_std": 0.009611376699014297, "support_mean": 3240.0, "support_std": 0.0}, "weighted avg": {"precision_mean": 0.9609732561501338, "precision_std": 0.0071952108821271375, "recall_mean": 0.9575617283950617, "recall_std": 0.008547571898971311, "f1-score_mean": 0.9581832299435519, "f1-score_std": 0.008296977197819374, "support_mean": 3240.0, "support_std": 0.0}}, "classification_report_test": {"0.0": {"precision_mean": 0.6862979476893765, "precision_std": 0.07637984402508, "recall_mean": 0.7511611254977069, "recall_std": 0.0681304153670338, "f1-score_mean": 0.6960614071048712, "f1-score_std": 0.06258041305770465, "support_mean": 246.9, "support_std": 25.471729426954894}, "1.0": {"precision_mean": 0.2665124540547774, "precision_std": 0.12076102226243635, "recall_mean": 0.1932997638081128, "recall_std": 0.0800726108847924, "f1-score_mean": 0.19832804498287296, "f1-score_std": 0.08847187597629776, "support_mean": 113.1, "support_std": 25.471729426954894}, "macro avg": {"precision_mean": 0.47640520087207694, "precision_std": 0.067056326303383, "recall_mean": 0.4722304446529099, "recall_std": 0.05233861925388915, "f1-score_mean": 0.4471947260438721, "f1-score_std": 0.05510601245148386, "support_mean": 360.0, "support_std": 0.0}, "weighted avg": {"precision_mean": 0.648053347361844, "precision_std": 0.09557116772978971, "recall_mean": 0.6080555555555555, "recall_std": 0.07215536435316691, "f1-score_mean": 0.6013133357796084, "f1-score_std": 0.08286604428851167, "support_mean": 360.0, "support_std": 0.0}}, "timing": {"extractor_fit": "0:00:01.209133", "filtered_features": "-1 day, 23:59:59.999990", "model_training_time": "0:00:00.008807"}, "selected_vocabulary": [["maximum", "std", "mean_R_R", "minimum", "age", "gender", "std_hrt_rate"], ["root_mean_diff_R_R", "std", "kurtosis", "skew", "maximum", "std_hrt_rate", "age"], ["kurtosis", "std_hrt_rate", "std_R_R", "age", "mean_R_R", "maximum", "gender"], ["minimum", "std_hrt_rate", "std_R_R", "gender", "mean", "mean_hrt_rate", "mean_R_R"], ["std", "mean", "maximum", "gender", "std_hrt_rate", "skew", "minimum"], ["std_R_R", "std_hrt_rate", "gender", "age", "mean_hrt_rate", "maximum", "mean_R_R"], ["mean_hrt_rate", "root_mean_diff_R_R", "maximum", "mean", "minimum", "kurtosis", "age"], ["skew", "kurtosis", "std_hrt_rate", "root_mean_diff_R_R", "mean_hrt_rate", "minimum", "gender"], ["kurtosis", "maximum", "gender", "std_hrt_rate", "age", "std", "mean_hrt_rate"], ["skew", "mean_hrt_rate", "mean", "age", "root_mean_diff_R_R", "kurtosis", "mean_R_R"]]}