{"classification_report_train": {"0.0": {"precision_mean": 0.9948928603735743, "precision_std": 0.0008295554795429709, "recall_mean": 0.9580035918261901, "recall_std": 0.004965712397115784, "f1-score_mean": 0.9760271647203392, "f1-score_std": 0.0024718308317984525, "support_mean": 2222.1, "support_std": 25.471729426954894}, "1.0": {"precision_mean": 0.9168153895092356, "precision_std": 0.009354947659402407, "recall_mean": 0.9890290449386414, "recall_std": 0.0018397496684093362, "f1-score_mean": 0.9512712671322019, "f1-score_std": 0.004752981549974341, "support_mean": 1017.9, "support_std": 25.471729426954894}, "macro avg": {"precision_mean": 0.955854124941405, "precision_std": 0.004587209597030579, "recall_mean": 0.9735163183824158, "recall_std": 0.0022578290266039827, "f1-score_mean": 0.9636492159262705, "f1-score_std": 0.0035556140394752576, "support_mean": 3240.0, "support_std": 0.0}, "weighted avg": {"precision_mean": 0.9702694299997663, "precision_std": 0.002805716203256718, "recall_mean": 0.967962962962963, "recall_std": 0.0032014966588420394, "f1-score_mean": 0.968310759010517, "f1-score_std": 0.0031413714707895445, "support_mean": 3240.0, "support_std": 0.0}}, "classification_report_test": {"0.0": {"precision_mean": 0.7155534583984667, "precision_std": 0.09622301622667317, "recall_mean": 0.7540454648559605, "recall_std": 0.09566758486590896, "f1-score_mean": 0.707026861129615, "f1-score_std": 0.08462321193635, "support_mean": 246.9, "support_std": 25.471729426954894}, "1.0": {"precision_mean": 0.40428742149947805, "precision_std": 0.13096649308143735, "recall_mean": 0.4347491037570476, "recall_std": 0.11040467795317409, "f1-score_mean": 0.3261300850035293, "f1-score_std": 0.09877666422980588, "support_mean": 113.1, "support_std": 25.471729426954894}, "macro avg": {"precision_mean": 0.5599204399489723, "precision_std": 0.08302495434072571, "recall_mean": 0.5943972843065041, "recall_std": 0.07545545971038345, "f1-score_mean": 0.5165784730665721, "f1-score_std": 0.07717876201824256, "support_mean": 360.0, "support_std": 0.0}, "weighted avg": {"precision_mean": 0.7195180135246486, "precision_std": 0.10145248985524917, "recall_mean": 0.6377777777777778, "recall_std": 0.0869308651092463, "f1-score_mean": 0.6425500736216663, "f1-score_std": 0.09043902625258704, "support_mean": 360.0, "support_std": 0.0}}, "timing": {"extractor_fit": "0:00:00.001343", "filtered_features": "0:00:00.000366", "model_training_time": "0:00:00.010895"}, "selected_vocabulary": [["gender", "maximum", "std_hrt_rate", "std_R_R", "mean", "minimum", "std", "age", "kurtosis", "skew"], ["gender", "mean", "std_hrt_rate", "std_R_R", "std", "maximum", "minimum", "age", "kurtosis", "skew"], ["mean_hrt_rate", "std_hrt_rate", "std_R_R", "maximum", "std", "gender", "minimum", "age", "kurtosis", "skew"], ["mean", "std_hrt_rate", "std_R_R", "maximum", "age", "gender", "std", "minimum", "kurtosis", "skew"], ["gender", "mean_hrt_rate", "std_hrt_rate", "std_R_R", "maximum", "std", "minimum", "age", "kurtosis", "skew"], ["mean_hrt_rate", "gender", "std_hrt_rate", "std", "std_R_R", "maximum", "minimum", "age", "kurtosis", "skew"], ["mean_hrt_rate", "std_hrt_rate", "std_R_R", "maximum", "gender", "std", "minimum", "age", "kurtosis", "skew"], ["mean_R_R", "gender", "std_hrt_rate", "mean", "std_R_R", "minimum", "maximum", "age", "kurtosis", "skew"], ["mean_hrt_rate", "std_hrt_rate", "std_R_R", "gender", "std", "maximum", "minimum", "kurtosis", "age", "skew"], ["mean_hrt_rate", "maximum", "std_hrt_rate", "std_R_R", "minimum", "std", "gender", "age", "kurtosis", "skew"]]}