{"classification_report_train": {"0.0": {"precision_mean": 0.9946249233317669, "precision_std": 0.0014942120991212103, "recall_mean": 0.9567326559393996, "recall_std": 0.005686399850586902, "f1-score_mean": 0.9752070518085132, "f1-score_std": 0.0028249944020237376, "support_mean": 2222.1, "support_std": 25.471729426954894}, "1.0": {"precision_mean": 0.9139716717728641, "precision_std": 0.011263231529440136, "recall_mean": 0.9887826412526349, "recall_std": 0.002826608415948601, "f1-score_mean": 0.9494737401495383, "f1-score_std": 0.0058053759228817205, "support_mean": 1017.9, "support_std": 25.471729426954894}, "macro avg": {"precision_mean": 0.9542982975523152, "precision_std": 0.005458523720874152, "recall_mean": 0.9727576485960172, "recall_std": 0.002713923143035953, "f1-score_mean": 0.9623403959790258, "f1-score_std": 0.004274113666737499, "support_mean": 3240.0, "support_std": 0.0}, "weighted avg": {"precision_mean": 0.9694313710543419, "precision_std": 0.0031944184433786976, "recall_mean": 0.966820987654321, "recall_std": 0.003764736325112595, "f1-score_mean": 0.9672143465349071, "f1-score_std": 0.0036757029274415965, "support_mean": 3240.0, "support_std": 0.0}}, "classification_report_test": {"0.0": {"precision_mean": 0.6870000066939509, "precision_std": 0.09505193304646065, "recall_mean": 0.7748560617466854, "recall_std": 0.09848723602439871, "f1-score_mean": 0.6925283894928507, "f1-score_std": 0.08013368049020067, "support_mean": 246.9, "support_std": 25.471729426954894}, "1.0": {"precision_mean": 0.3154834520907589, "precision_std": 0.12286598863494115, "recall_mean": 0.37719737822595933, "recall_std": 0.12034650590384884, "f1-score_mean": 0.237672351413603, "f1-score_std": 0.08061497968249837, "support_mean": 113.1, "support_std": 25.471729426954894}, "macro avg": {"precision_mean": 0.501241729392355, "precision_std": 0.07709201441388336, "recall_mean": 0.5760267199863224, "recall_std": 0.06865252916071489, "f1-score_mean": 0.46510037045322694, "f1-score_std": 0.0641176766551766, "support_mean": 360.0, "support_std": 0.0}, "weighted avg": {"precision_mean": 0.6620910028099525, "precision_std": 0.10637821258068418, "recall_mean": 0.608611111111111, "recall_std": 0.08004286081782207, "f1-score_mean": 0.5911949468743771, "f1-score_std": 0.08761099615704689, "support_mean": 360.0, "support_std": 0.0}}, "timing": {"extractor_fit": "0:00:00.104950", "filtered_features": "0:00:00.000482", "model_training_time": "0:00:00.014332"}, "selected_vocabulary": [["std_hrt_rate", "mean", "minimum", "mean_hrt_rate", "std", "root_mean_diff_R_R", "mean_R_R", "kurtosis", "std_R_R", "skew", "age"], ["std_hrt_rate", "maximum", "std_R_R", "minimum", "mean_hrt_rate", "std", "mean_R_R", "root_mean_diff_R_R", "kurtosis", "skew", "age"], ["mean", "maximum", "std_R_R", "mean_hrt_rate", "minimum", "std", "mean_R_R", "root_mean_diff_R_R", "kurtosis", "skew", "age"], ["std_hrt_rate", "std_R_R", "mean_hrt_rate", "maximum", "mean_R_R", "root_mean_diff_R_R", "std", "minimum", "skew", "kurtosis", "age"], ["std_hrt_rate", "maximum", "std_R_R", "minimum", "mean_hrt_rate", "mean_R_R", "root_mean_diff_R_R", "std", "skew", "kurtosis", "age"], ["std_hrt_rate", "maximum", "minimum", "mean_hrt_rate", "root_mean_diff_R_R", "mean_R_R", "std", "std_R_R", "kurtosis", "skew", "age"], ["std_hrt_rate", "maximum", "std_R_R", "minimum", "mean_hrt_rate", "mean_R_R", "root_mean_diff_R_R", "std", "kurtosis", "skew", "age"], ["std_hrt_rate", "mean_hrt_rate", "mean_R_R", "minimum", "std", "maximum", "root_mean_diff_R_R", "std_R_R", "kurtosis", "skew", "age"], ["std_hrt_rate", "std_R_R", "maximum", "minimum", "std", "mean_hrt_rate", "mean_R_R", "root_mean_diff_R_R", "kurtosis", "skew", "age"], ["mean", "std_hrt_rate", "std_R_R", "minimum", "mean_hrt_rate", "mean_R_R", "root_mean_diff_R_R", "skew", "kurtosis", "std", "age"]]}