{"classification_report_train": {"0.0": {"precision_mean": 0.9945477466229852, "precision_std": 0.0015739780859564737, "recall_mean": 0.9614722251277646, "recall_std": 0.006170160708179905, "f1-score_mean": 0.9776080786543899, "f1-score_std": 0.0030475413419765824, "support_mean": 2222.1, "support_std": 25.471729426954894}, "1.0": {"precision_mean": 0.9218913680925083, "precision_std": 0.012869737713303811, "recall_mean": 0.988672639783981, "recall_std": 0.0029702540592255427, "f1-score_mean": 0.9535609664701845, "f1-score_std": 0.006624697577157835, "support_mean": 1017.9, "support_std": 25.471729426954894}, "macro avg": {"precision_mean": 0.9582195573577467, "precision_std": 0.006228200550995136, "recall_mean": 0.9750724324558728, "recall_std": 0.002949546055257798, "f1-score_mean": 0.9655845225622872, "f1-score_std": 0.004814152923749654, "support_mean": 3240.0, "support_std": 0.0}, "weighted avg": {"precision_mean": 0.97215511047378, "precision_std": 0.0035177033764042754, "recall_mean": 0.9698456790123455, "recall_std": 0.004158783122672254, "f1-score_mean": 0.9702010618622635, "f1-score_std": 0.004057768989889215, "support_mean": 3240.0, "support_std": 0.0}}, "classification_report_test": {"0.0": {"precision_mean": 0.6676507386218298, "precision_std": 0.09543957630109745, "recall_mean": 0.7662183845687617, "recall_std": 0.09832233713690436, "f1-score_mean": 0.6886420782814847, "f1-score_std": 0.08614815489177181, "support_mean": 246.9, "support_std": 25.471729426954894}, "1.0": {"precision_mean": 0.30180438243535634, "precision_std": 0.1177187835725404, "recall_mean": 0.30474326809028496, "recall_std": 0.09492109983557724, "f1-score_mean": 0.22787290192750137, "f1-score_std": 0.07600864770388631, "support_mean": 113.1, "support_std": 25.471729426954894}, "macro avg": {"precision_mean": 0.48472756052859306, "precision_std": 0.07559948924236538, "recall_mean": 0.5354808263295234, "recall_std": 0.06539346503841569, "f1-score_mean": 0.458257490104493, "f1-score_std": 0.06217443051803944, "support_mean": 360.0, "support_std": 0.0}, "weighted avg": {"precision_mean": 0.6423248235474646, "precision_std": 0.1066903933712849, "recall_mean": 0.6177777777777778, "recall_std": 0.08563326196960826, "f1-score_mean": 0.5955844526611966, "f1-score_std": 0.09334640549354176, "support_mean": 360.0, "support_std": 0.0}}, "timing": {"extractor_fit": "0:00:01.670438", "filtered_features": "-1 day, 23:59:59.999989", "model_training_time": "0:00:00.013850"}, "selected_vocabulary": [["maximum", "std", "mean_R_R", "minimum", "age", "root_mean_diff_R_R", "kurtosis", "mean", "std_R_R", "gender", "mean_hrt_rate", "std_hrt_rate"], ["root_mean_diff_R_R", "std", "kurtosis", "skew", "maximum", "std_hrt_rate", "age", "gender", "minimum", "mean_R_R", "mean_hrt_rate", "std_R_R"], ["kurtosis", "gender", "root_mean_diff_R_R", "mean", "std_hrt_rate", "std_R_R", "maximum", "minimum", "age", "skew", "mean_hrt_rate", "std"], ["minimum", "gender", "std_R_R", "std_hrt_rate", "mean", "mean_hrt_rate", "mean_R_R", "age", "maximum", "kurtosis", "std", "skew"], ["std", "mean", "std_hrt_rate", "skew", "std_R_R", "gender", "maximum", "minimum", "mean_hrt_rate", "root_mean_diff_R_R", "age", "mean_R_R"], ["std_R_R", "std_hrt_rate", "gender", "age", "mean_hrt_rate", "maximum", "mean_R_R", "kurtosis", "std", "mean", "root_mean_diff_R_R", "minimum"], ["mean_hrt_rate", "root_mean_diff_R_R", "mean", "maximum", "minimum", "kurtosis", "age", "std_hrt_rate", "std", "gender", "mean_R_R", "std_R_R"], ["skew", "kurtosis", "std_hrt_rate", "age", "minimum", "mean_R_R", "gender", "root_mean_diff_R_R", "mean_hrt_rate", "std_R_R", "std", "maximum"], ["kurtosis", "gender", "root_mean_diff_R_R", "std_hrt_rate", "mean_R_R", "skew", "std_R_R", "mean_hrt_rate", "age", "minimum", "maximum", "std"], ["skew", "mean_hrt_rate", "maximum", "age", "root_mean_diff_R_R", "kurtosis", "mean_R_R", "std_hrt_rate", "std", "gender", "mean", "minimum"]]}