{"classification_report_train": {"0.0": {"precision_mean": 0.9944890496782577, "precision_std": 0.0008966434645488406, "recall_mean": 0.9639889803621837, "recall_std": 0.007384578945533395, "f1-score_mean": 0.9788613912642135, "f1-score_std": 0.003944691328334774, "support_mean": 2222.1, "support_std": 25.471729426954894}, "1.0": {"precision_mean": 0.9261625058257976, "precision_std": 0.015129823919853413, "recall_mean": 0.9881228333022261, "recall_std": 0.0021164626120810286, "f1-score_mean": 0.9555149520254969, "f1-score_std": 0.008458007899633647, "support_mean": 1017.9, "support_std": 25.471729426954894}, "macro avg": {"precision_mean": 0.9603257777520277, "precision_std": 0.007663247077048259, "recall_mean": 0.9760559068322049, "recall_std": 0.004028146849735772, "f1-score_mean": 0.9671881716448552, "f1-score_std": 0.0061894871788686365, "support_mean": 3240.0, "support_std": 0.0}, "weighted avg": {"precision_mean": 0.9736138785654411, "precision_std": 0.004556012239834163, "recall_mean": 0.9713888888888889, "recall_std": 0.005373925671461212, "f1-score_mean": 0.9717497568476323, "f1-score_std": 0.005240557273258882, "support_mean": 3240.0, "support_std": 0.0}}, "classification_report_test": {"0.0": {"precision_mean": 0.6696111827469803, "precision_std": 0.09048639953801299, "recall_mean": 0.7725145866959121, "recall_std": 0.10090259516403587, "f1-score_mean": 0.6881347049466856, "f1-score_std": 0.08315043396977706, "support_mean": 246.9, "support_std": 25.471729426954894}, "1.0": {"precision_mean": 0.3057674284297136, "precision_std": 0.117764731654847, "recall_mean": 0.3240476043499285, "recall_std": 0.10059744885857021, "f1-score_mean": 0.2356951428859621, "f1-score_std": 0.07615913196822395, "support_mean": 113.1, "support_std": 25.471729426954894}, "macro avg": {"precision_mean": 0.48768930558834694, "precision_std": 0.07447947648782004, "recall_mean": 0.5482810955229203, "recall_std": 0.07863325217441129, "f1-score_mean": 0.4619149239163239, "f1-score_std": 0.06299732352497762, "support_mean": 360.0, "support_std": 0.0}, "weighted avg": {"precision_mean": 0.6404841118549225, "precision_std": 0.10345335883423203, "recall_mean": 0.6130555555555557, "recall_std": 0.08277502791853096, "f1-score_mean": 0.5914939949241573, "f1-score_std": 0.0897043863614641, "support_mean": 360.0, "support_std": 0.0}}, "timing": {"extractor_fit": "0:00:01.427588", "filtered_features": "-1 day, 23:59:59.999990", "model_training_time": "0:00:00.010488"}, "selected_vocabulary": [["maximum", "std", "mean_R_R", "minimum", "age", "root_mean_diff_R_R", "kurtosis", "mean", "std_R_R"], ["root_mean_diff_R_R", "std", "kurtosis", "skew", "age", "std_R_R", "std_hrt_rate", "gender", "minimum"], ["kurtosis", "std_hrt_rate", "std_R_R", "age", "mean_R_R", "mean_hrt_rate", "root_mean_diff_R_R", "gender", "mean"], ["minimum", "gender", "std_R_R", "std_hrt_rate", "mean", "mean_hrt_rate", "mean_R_R", "age", "maximum"], ["std", "mean", "maximum", "std_hrt_rate", "gender", "skew", "minimum", "mean_hrt_rate", "std_R_R"], ["std_R_R", "std_hrt_rate", "gender", "age", "mean_hrt_rate", "maximum", "mean_R_R", "kurtosis", "std"], ["mean_hrt_rate", "root_mean_diff_R_R", "gender", "maximum", "minimum", "kurtosis", "age", "std_hrt_rate", "std"], ["skew", "kurtosis", "std_hrt_rate", "root_mean_diff_R_R", "mean_hrt_rate", "mean_R_R", "age", "gender", "minimum"], ["kurtosis", "gender", "root_mean_diff_R_R", "std_hrt_rate", "mean_R_R", "skew", "std_R_R", "mean_hrt_rate", "age"], ["skew", "mean_hrt_rate", "age", "kurtosis", "root_mean_diff_R_R", "gender", "mean_R_R", "std_hrt_rate", "std"]]}