{"classification_report_train": {"0.0": {"precision_mean": 0.9723735168546703, "precision_std": 0.006428989514014935, "recall_mean": 0.9403920116007736, "recall_std": 0.012792530716181928, "f1-score_mean": 0.9556290013562372, "f1-score_std": 0.007872958654427097, "support_mean": 2222.1, "support_std": 25.471729426954894}, "1.0": {"precision_mean": 0.8835832178011144, "precision_std": 0.022603326278793412, "recall_mean": 0.943055122266275, "recall_std": 0.012647788019329293, "f1-score_mean": 0.9105619019712712, "f1-score_std": 0.014445742820081363, "support_mean": 1017.9, "support_std": 25.471729426954894}, "macro avg": {"precision_mean": 0.9279783673278923, "precision_std": 0.012148353145702485, "recall_mean": 0.9417235669335244, "recall_std": 0.009553046200214663, "f1-score_mean": 0.9330954516637542, "f1-score_std": 0.011119872556549412, "support_mean": 3240.0, "support_std": 0.0}, "weighted avg": {"precision_mean": 0.9449651814299582, "precision_std": 0.00875332581188772, "recall_mean": 0.9408333333333332, "recall_std": 0.010176300838980346, "f1-score_mean": 0.9415295173932983, "f1-score_std": 0.009883321784408627, "support_mean": 3240.0, "support_std": 0.0}}, "classification_report_test": {"0.0": {"precision_mean": 0.6840431541245378, "precision_std": 0.07460286224638359, "recall_mean": 0.7976989489613061, "recall_std": 0.06617324737013489, "f1-score_mean": 0.6821937904566961, "f1-score_std": 0.04314264278587628, "support_mean": 246.9, "support_std": 25.471729426954894}, "1.0": {"precision_mean": 0.23292846118307792, "precision_std": 0.08588115041131252, "recall_mean": 0.3298099735588547, "recall_std": 0.13217777040923825, "f1-score_mean": 0.11378741665458869, "f1-score_std": 0.037233772141504806, "support_mean": 113.1, "support_std": 25.471729426954894}, "macro avg": {"precision_mean": 0.458485807653808, "precision_std": 0.04377745864506442, "recall_mean": 0.5637544612600804, "recall_std": 0.05996311660906785, "f1-score_mean": 0.39799060355564236, "f1-score_std": 0.03183571977018411, "support_mean": 360.0, "support_std": 0.0}, "weighted avg": {"precision_mean": 0.6257932608500821, "precision_std": 0.08950611489213528, "recall_mean": 0.55, "recall_std": 0.05322181628237673, "f1-score_mean": 0.5159540110875771, "f1-score_std": 0.06872421679654622, "support_mean": 360.0, "support_std": 0.0}}, "timing": {"extractor_fit": "0:00:00.911309", "filtered_features": "-1 day, 23:59:59.999988", "model_training_time": "0:00:00.007217"}, "selected_vocabulary": [["maximum", "std", "mean_R_R", "minimum", "age"], ["root_mean_diff_R_R", "std", "kurtosis", "skew", "std_hrt_rate"], ["kurtosis", "std_hrt_rate", "std_R_R", "age", "mean_R_R"], ["minimum", "gender", "std_R_R", "std_hrt_rate", "mean"], ["std", "mean", "maximum", "std_hrt_rate", "gender"], ["std_R_R", "std_hrt_rate", "gender", "age", "mean_hrt_rate"], ["mean_hrt_rate", "root_mean_diff_R_R", "mean", "maximum", "minimum"], ["skew", "kurtosis", "std_hrt_rate", "age", "mean_hrt_rate"], ["kurtosis", "minimum", "gender", "std_R_R", "std"], ["skew", "mean_hrt_rate", "maximum", "age", "kurtosis"]]}