{"classification_report_train": {"0.0": {"precision_mean": 0.9931233770514337, "precision_std": 0.0015137170235475438, "recall_mean": 0.9562186794512393, "recall_std": 0.006606020193197612, "f1-score_mean": 0.9741913388131094, "f1-score_std": 0.003366391737736084, "support_mean": 2222.1, "support_std": 25.471729426954894}, "1.0": {"precision_mean": 0.912687194906934, "precision_std": 0.012573945993534572, "recall_mean": 0.9859393905773166, "recall_std": 0.002735198597635754, "f1-score_mean": 0.9473788716729349, "f1-score_std": 0.00645811933210042, "support_mean": 1017.9, "support_std": 25.471729426954894}, "macro avg": {"precision_mean": 0.952905285979184, "precision_std": 0.0061153902327939205, "recall_mean": 0.971079035014278, "recall_std": 0.003268516371002684, "f1-score_mean": 0.9607851052430222, "f1-score_std": 0.00486565422871507, "support_mean": 3240.0, "support_std": 0.0}, "weighted avg": {"precision_mean": 0.9681457929088306, "precision_std": 0.0037720003592982758, "recall_mean": 0.965462962962963, "recall_std": 0.004377159144524841, "f1-score_mean": 0.9658780864595873, "f1-score_std": 0.004279627923559086, "support_mean": 3240.0, "support_std": 0.0}}, "classification_report_test": {"0.0": {"precision_mean": 0.6981950909126897, "precision_std": 0.07411206170352477, "recall_mean": 0.8449367600133687, "recall_std": 0.055588656980327625, "f1-score_mean": 0.7354163113718146, "f1-score_std": 0.04853663103030641, "support_mean": 246.9, "support_std": 25.471729426954894}, "1.0": {"precision_mean": 0.30602292437351775, "precision_std": 0.12021548352700982, "recall_mean": 0.23595054374106197, "recall_std": 0.08880543003004361, "f1-score_mean": 0.1804543715242896, "f1-score_std": 0.06581147469985522, "support_mean": 113.1, "support_std": 25.471729426954894}, "macro avg": {"precision_mean": 0.5021090076431036, "precision_std": 0.062278420641286955, "recall_mean": 0.5404436518772153, "recall_std": 0.0434001109737059, "f1-score_mean": 0.45793534144805215, "f1-score_std": 0.04277556132594993, "support_mean": 360.0, "support_std": 0.0}, "weighted avg": {"precision_mean": 0.6627684677431078, "precision_std": 0.09329334952591616, "recall_mean": 0.6294444444444444, "recall_std": 0.060903941772735774, "f1-score_mean": 0.596302037930865, "f1-score_std": 0.07741871567006083, "support_mean": 360.0, "support_std": 0.0}}, "timing": {"extractor_fit": "0:00:00.104114", "filtered_features": "0:00:00.000452", "model_training_time": "0:00:00.010417"}, "selected_vocabulary": [["mean_hrt_rate", "std", "root_mean_diff_R_R", "mean_R_R", "kurtosis", "std_R_R", "skew", "age"], ["minimum", "mean_hrt_rate", "std", "mean_R_R", "root_mean_diff_R_R", "kurtosis", "skew", "age"], ["mean_hrt_rate", "minimum", "std", "mean_R_R", "root_mean_diff_R_R", "kurtosis", "skew", "age"], ["maximum", "mean_R_R", "root_mean_diff_R_R", "std", "minimum", "skew", "kurtosis", "age"], ["minimum", "mean_hrt_rate", "mean_R_R", "root_mean_diff_R_R", "std", "skew", "kurtosis", "age"], ["mean_hrt_rate", "root_mean_diff_R_R", "mean_R_R", "std", "std_R_R", "kurtosis", "skew", "age"], ["minimum", "mean_hrt_rate", "mean_R_R", "root_mean_diff_R_R", "std", "kurtosis", "skew", "age"], ["mean_R_R", "std", "root_mean_diff_R_R", "std_R_R", "maximum", "kurtosis", "skew", "age"], ["minimum", "std", "mean_hrt_rate", "mean_R_R", "root_mean_diff_R_R", "kurtosis", "skew", "age"], ["minimum", "mean_hrt_rate", "mean_R_R", "root_mean_diff_R_R", "skew", "kurtosis", "std", "age"]]}