{"classification_report_train": {"0.0": {"precision_mean": 0.986521035193177, "precision_std": 0.0014790537014488575, "recall_mean": 0.9565162188258747, "recall_std": 0.006735811605687249, "f1-score_mean": 0.97115734093084, "f1-score_std": 0.0035304761563633227, "support_mean": 2222.1, "support_std": 25.471729426954894}, "1.0": {"precision_mean": 0.9122080806544828, "precision_std": 0.011492694053816761, "recall_mean": 0.9708523923175683, "recall_std": 0.00343031487705448, "f1-score_mean": 0.9402192788609168, "f1-score_std": 0.006331453853105099, "support_mean": 1017.9, "support_std": 25.471729426954894}, "macro avg": {"precision_mean": 0.9493645579238297, "precision_std": 0.005805087258247058, "recall_mean": 0.9636843055717215, "recall_std": 0.0035569270264547053, "f1-score_mean": 0.9556883098958784, "f1-score_std": 0.004845730560141656, "support_mean": 3240.0, "support_std": 0.0}, "weighted avg": {"precision_mean": 0.9632928919393586, "precision_std": 0.0038758706882463805, "recall_mean": 0.9612345679012346, "recall_std": 0.004439554923584624, "f1-score_mean": 0.9616010986437061, "f1-score_std": 0.004349564302746435, "support_mean": 3240.0, "support_std": 0.0}}, "classification_report_test": {"0.0": {"precision_mean": 0.6972746188286855, "precision_std": 0.07314035489744887, "recall_mean": 0.8652353952436969, "recall_std": 0.0519174360474898, "f1-score_mean": 0.7336016130381001, "f1-score_std": 0.04015303906201185, "support_mean": 246.9, "support_std": 25.471729426954894}, "1.0": {"precision_mean": 0.28524632809113537, "precision_std": 0.10469927245514735, "recall_mean": 0.2516370655178951, "recall_std": 0.10191696610102607, "f1-score_mean": 0.13462327099902924, "f1-score_std": 0.04961600553758646, "support_mean": 113.1, "support_std": 25.471729426954894}, "macro avg": {"precision_mean": 0.49126047345991053, "precision_std": 0.050659560626079556, "recall_mean": 0.5584362303807959, "recall_std": 0.029467022417007376, "f1-score_mean": 0.4341124420185647, "f1-score_std": 0.03167425925475543, "support_mean": 360.0, "support_std": 0.0}, "weighted avg": {"precision_mean": 0.6518134069887895, "precision_std": 0.08978694976666766, "recall_mean": 0.6155555555555556, "recall_std": 0.054528280124476074, "f1-score_mean": 0.565344766510216, "f1-score_std": 0.0750824231066487, "support_mean": 360.0, "support_std": 0.0}}, "timing": {"extractor_fit": "0:00:00.109364", "filtered_features": "0:00:00.000419", "model_training_time": "0:00:00.007166"}, "selected_vocabulary": [["mean_R_R", "kurtosis", "std_R_R", "skew", "age"], ["std", "root_mean_diff_R_R", "kurtosis", "skew", "age"], ["mean_R_R", "root_mean_diff_R_R", "kurtosis", "skew", "age"], ["std", "minimum", "skew", "kurtosis", "age"], ["root_mean_diff_R_R", "std", "skew", "kurtosis", "age"], ["std", "std_R_R", "kurtosis", "skew", "age"], ["root_mean_diff_R_R", "std", "kurtosis", "skew", "age"], ["std_R_R", "maximum", "kurtosis", "skew", "age"], ["mean_R_R", "root_mean_diff_R_R", "kurtosis", "skew", "age"], ["root_mean_diff_R_R", "skew", "kurtosis", "std", "age"]]}