{"classification_report_train": {"0.0": {"precision_mean": 0.9904564650326095, "precision_std": 0.0010980578833465074, "recall_mean": 0.9598897275842567, "recall_std": 0.005399041452649638, "f1-score_mean": 0.97484226629315, "f1-score_std": 0.002669053658152175, "support_mean": 2222.1, "support_std": 25.471729426954894}, "1.0": {"precision_mean": 0.9172696104105293, "precision_std": 0.011351738684002797, "recall_mean": 0.9793288296615102, "recall_std": 0.0027497635111629138, "f1-score_mean": 0.946874750061393, "f1-score_std": 0.006119203572652424, "support_mean": 1017.9, "support_std": 25.471729426954894}, "macro avg": {"precision_mean": 0.9538630377215694, "precision_std": 0.005563931931865924, "recall_mean": 0.9696092786228835, "recall_std": 0.00268072509737056, "f1-score_mean": 0.9608585081772715, "f1-score_std": 0.0043649091215892865, "support_mean": 3240.0, "support_std": 0.0}, "weighted avg": {"precision_mean": 0.9679629872457701, "precision_std": 0.003068163338950539, "recall_mean": 0.965925925925926, "recall_std": 0.003702726208456468, "f1-score_mean": 0.966284296217119, "f1-score_std": 0.0035975089112139733, "support_mean": 3240.0, "support_std": 0.0}}, "classification_report_test": {"0.0": {"precision_mean": 0.7439303270542833, "precision_std": 0.09356128621692303, "recall_mean": 0.7552819028968847, "recall_std": 0.09672075708541636, "f1-score_mean": 0.7052144809210584, "f1-score_std": 0.07737455762922087, "support_mean": 246.9, "support_std": 25.471729426954894}, "1.0": {"precision_mean": 0.28849479940068323, "precision_std": 0.11232446730154343, "recall_mean": 0.4020361078163788, "recall_std": 0.13471060285015904, "f1-score_mean": 0.24522192498054882, "f1-score_std": 0.10179306063196186, "support_mean": 113.1, "support_std": 25.471729426954894}, "macro avg": {"precision_mean": 0.5162125632274832, "precision_std": 0.07793571560288784, "recall_mean": 0.5786590053566318, "recall_std": 0.06766576367721697, "f1-score_mean": 0.47521820295080364, "f1-score_std": 0.06912108449299624, "support_mean": 360.0, "support_std": 0.0}, "weighted avg": {"precision_mean": 0.6820769065792383, "precision_std": 0.10281313598010543, "recall_mean": 0.6355555555555555, "recall_std": 0.07955198626381695, "f1-score_mean": 0.6111484496629669, "f1-score_std": 0.08951780921557366, "support_mean": 360.0, "support_std": 0.0}}, "timing": {"extractor_fit": "0:00:00.001351", "filtered_features": "0:00:00.000373", "model_training_time": "0:00:00.007224"}, "selected_vocabulary": [["mean", "minimum", "std", "age", "kurtosis", "skew"], ["std", "maximum", "minimum", "age", "kurtosis", "skew"], ["std", "gender", "minimum", "age", "kurtosis", "skew"], ["age", "gender", "std", "minimum", "kurtosis", "skew"], ["maximum", "std", "minimum", "age", "kurtosis", "skew"], ["std_R_R", "maximum", "minimum", "age", "kurtosis", "skew"], ["gender", "std", "minimum", "age", "kurtosis", "skew"], ["std_R_R", "minimum", "maximum", "age", "kurtosis", "skew"], ["std", "maximum", "minimum", "kurtosis", "age", "skew"], ["minimum", "std", "gender", "age", "kurtosis", "skew"]]}