{"classification_report_train": {"0.0": {"precision_mean": 0.9858020721591952, "precision_std": 0.002752327628751246, "recall_mean": 0.9484695784100186, "recall_std": 0.006774301300225122, "f1-score_mean": 0.9666886155059939, "f1-score_std": 0.004431099070484657, "support_mean": 2222.1, "support_std": 25.471729426954894}, "1.0": {"precision_mean": 0.8984748953801087, "precision_std": 0.011298595751964693, "recall_mean": 0.9708423967686313, "recall_std": 0.005358326249643188, "f1-score_mean": 0.9329837559094198, "f1-score_std": 0.0077149460317742285, "support_mean": 1017.9, "support_std": 25.471729426954894}, "macro avg": {"precision_mean": 0.942138483769652, "precision_std": 0.00650057984680028, "recall_mean": 0.9596559875893249, "recall_std": 0.005254660896937177, "f1-score_mean": 0.9498361857077068, "f1-score_std": 0.006006780356265136, "support_mean": 3240.0, "support_std": 0.0}, "weighted avg": {"precision_mean": 0.9582724302405208, "precision_std": 0.005073150008907993, "recall_mean": 0.955648148148148, "recall_std": 0.005579176465120904, "f1-score_mean": 0.9561281683746046, "f1-score_std": 0.005487851328945533, "support_mean": 3240.0, "support_std": 0.0}}, "classification_report_test": {"0.0": {"precision_mean": 0.7470667926320669, "precision_std": 0.06820271641953243, "recall_mean": 0.8766849028796109, "recall_std": 0.046118626362775174, "f1-score_mean": 0.7737349523563526, "f1-score_std": 0.03953430042724101, "support_mean": 246.9, "support_std": 25.471729426954894}, "1.0": {"precision_mean": 0.23788529693653032, "precision_std": 0.1175918820113923, "recall_mean": 0.21848117005374945, "recall_std": 0.10303803781459385, "f1-score_mean": 0.1904689747533172, "f1-score_std": 0.10699296710075835, "support_mean": 113.1, "support_std": 25.471729426954894}, "macro avg": {"precision_mean": 0.4924760447842987, "precision_std": 0.0718227533981262, "recall_mean": 0.5475830364666802, "recall_std": 0.05739245132137501, "f1-score_mean": 0.48210196355483487, "f1-score_std": 0.06564490087037242, "support_mean": 360.0, "support_std": 0.0}, "weighted avg": {"precision_mean": 0.6639575269149701, "precision_std": 0.09647198479523658, "recall_mean": 0.6644444444444445, "recall_std": 0.05949478657520867, "f1-score_mean": 0.6308571172498494, "f1-score_std": 0.08156309006702273, "support_mean": 360.0, "support_std": 0.0}}, "timing": {"extractor_fit": "0:00:01.057532", "filtered_features": "-1 day, 23:59:59.999989", "model_training_time": "0:00:00.008623"}, "selected_vocabulary": [["maximum", "std", "mean_R_R", "minimum", "age", "std_hrt_rate"], ["root_mean_diff_R_R", "std", "kurtosis", "skew", "maximum", "std_hrt_rate"], ["kurtosis", "std_hrt_rate", "std_R_R", "age", "mean_R_R", "maximum"], ["minimum", "std_hrt_rate", "kurtosis", "age", "mean_R_R", "maximum"], ["std", "mean", "std_hrt_rate", "maximum", "gender", "skew"], ["std_R_R", "std_hrt_rate", "gender", "age", "mean_hrt_rate", "maximum"], ["mean_hrt_rate", "root_mean_diff_R_R", "mean", "maximum", "minimum", "kurtosis"], ["skew", "kurtosis", "std_hrt_rate", "age", "mean_hrt_rate", "minimum"], ["kurtosis", "std_R_R", "gender", "std", "root_mean_diff_R_R", "mean_hrt_rate"], ["skew", "mean_hrt_rate", "maximum", "age", "std_hrt_rate", "root_mean_diff_R_R"]]}