{"classification_report_train": {"0.0": {"precision_mean": 0.9889059577326696, "precision_std": 0.0020070025827904673, "recall_mean": 0.9464032941747691, "recall_std": 0.010022177060089375, "f1-score_mean": 0.9669139914547837, "f1-score_std": 0.00555359229069267, "support_mean": 2222.1, "support_std": 25.471729426954894}, "1.0": {"precision_mean": 0.8933866083181327, "precision_std": 0.0189808851927633, "recall_mean": 0.9766574874950587, "recall_std": 0.004409537222428709, "f1-score_mean": 0.9321318997866154, "f1-score_std": 0.011364410528889899, "support_mean": 1017.9, "support_std": 25.471729426954894}, "macro avg": {"precision_mean": 0.9411462830254012, "precision_std": 0.00970350221337214, "recall_mean": 0.9615303908349139, "recall_std": 0.005813522115840374, "f1-score_mean": 0.9495229456206997, "f1-score_std": 0.008438788661416164, "support_mean": 3240.0, "support_std": 0.0}, "weighted avg": {"precision_mean": 0.9597639606864732, "precision_std": 0.00579720265221703, "recall_mean": 0.9555864197530864, "recall_std": 0.00745042166322918, "f1-score_mean": 0.9562944781152567, "f1-score_std": 0.007176138727282264, "support_mean": 3240.0, "support_std": 0.0}}, "classification_report_test": {"0.0": {"precision_mean": 0.6898125738001448, "precision_std": 0.1123942736977248, "recall_mean": 0.6329964736884706, "recall_std": 0.10496829366729087, "f1-score_mean": 0.630087392484554, "f1-score_std": 0.09728228915989387, "support_mean": 246.9, "support_std": 25.471729426954894}, "1.0": {"precision_mean": 0.34829494885336654, "precision_std": 0.12717446064431542, "recall_mean": 0.3827562310203965, "recall_std": 0.1388280716340981, "f1-score_mean": 0.23164557557468352, "f1-score_std": 0.10381510937414734, "support_mean": 113.1, "support_std": 25.471729426954894}, "macro avg": {"precision_mean": 0.5190537613267556, "precision_std": 0.10004631287408541, "recall_mean": 0.5078763523544335, "recall_std": 0.08848448279381488, "f1-score_mean": 0.43086648402961875, "f1-score_std": 0.08320429179983109, "support_mean": 360.0, "support_std": 0.0}, "weighted avg": {"precision_mean": 0.6495736173108757, "precision_std": 0.11835400864739638, "recall_mean": 0.568611111111111, "recall_std": 0.10373060580294957, "f1-score_mean": 0.5663456264631687, "f1-score_std": 0.10769583028534838, "support_mean": 360.0, "support_std": 0.0}}, "timing": {"extractor_fit": "0:00:00.001280", "filtered_features": "0:00:00.000346", "model_training_time": "0:00:00.006066"}, "selected_vocabulary": [["minimum", "std", "age", "kurtosis", "skew"], ["maximum", "minimum", "age", "kurtosis", "skew"], ["gender", "minimum", "age", "kurtosis", "skew"], ["gender", "std", "minimum", "kurtosis", "skew"], ["std", "minimum", "age", "kurtosis", "skew"], ["maximum", "minimum", "age", "kurtosis", "skew"], ["std", "minimum", "age", "kurtosis", "skew"], ["minimum", "maximum", "age", "kurtosis", "skew"], ["maximum", "minimum", "kurtosis", "age", "skew"], ["std", "gender", "age", "kurtosis", "skew"]]}