{"classification_report_train": {"0.0": {"precision_mean": 0.9936762982317472, "precision_std": 0.0014460304290976535, "recall_mean": 0.9608013414459069, "recall_std": 0.005146399208801062, "f1-score_mean": 0.9768830296115263, "f1-score_std": 0.002701681515024578, "support_mean": 2222.1, "support_std": 25.471729426954894}, "1.0": {"precision_mean": 0.9209607289168605, "precision_std": 0.010031293866976298, "recall_mean": 0.9866124486601409, "recall_std": 0.0027811643366967903, "f1-score_mean": 0.9523362902457864, "f1-score_std": 0.005480952295858073, "support_mean": 1017.9, "support_std": 25.471729426954894}, "macro avg": {"precision_mean": 0.9573185135743039, "precision_std": 0.004997870503138888, "recall_mean": 0.973706895053024, "recall_std": 0.0027424376301688723, "f1-score_mean": 0.9646096599286563, "f1-score_std": 0.0040490218546708, "support_mean": 3240.0, "support_std": 0.0}, "weighted avg": {"precision_mean": 0.970980743340464, "precision_std": 0.0030483595514287807, "recall_mean": 0.9689506172839506, "recall_std": 0.0035800340507176906, "f1-score_mean": 0.9692738525573255, "f1-score_std": 0.0034966313732685233, "support_mean": 3240.0, "support_std": 0.0}}, "classification_report_test": {"0.0": {"precision_mean": 0.6570397269284584, "precision_std": 0.09690167846716903, "recall_mean": 0.741831914557335, "recall_std": 0.10140155088362458, "f1-score_mean": 0.6661132128868791, "f1-score_std": 0.08480753620089237, "support_mean": 246.9, "support_std": 25.471729426954894}, "1.0": {"precision_mean": 0.2562582085305575, "precision_std": 0.12062731522180507, "recall_mean": 0.28218683998183364, "recall_std": 0.10376294929356059, "f1-score_mean": 0.18115833622282923, "f1-score_std": 0.07370830310998366, "support_mean": 113.1, "support_std": 25.471729426954894}, "macro avg": {"precision_mean": 0.4566489677295079, "precision_std": 0.07328349040855643, "recall_mean": 0.5120093772695843, "recall_std": 0.06382880638162237, "f1-score_mean": 0.4236357745548541, "f1-score_std": 0.05715093698144116, "support_mean": 360.0, "support_std": 0.0}, "weighted avg": {"precision_mean": 0.6301131227629453, "precision_std": 0.10692412643896675, "recall_mean": 0.5861111111111111, "recall_std": 0.08319803831970388, "f1-score_mean": 0.5694609963878337, "f1-score_std": 0.08879930454090203, "support_mean": 360.0, "support_std": 0.0}}, "timing": {"extractor_fit": "0:00:00.688622", "filtered_features": "0:00:00.000542", "model_training_time": "0:00:00.008945"}, "selected_vocabulary": [["std_hrt_rate", "mean_hrt_rate", "std_R_R", "std", "kurtosis", "age"], ["std_hrt_rate", "std_R_R", "std", "skew", "kurtosis", "age"], ["mean_R_R", "std", "std_R_R", "kurtosis", "skew", "age"], ["std_R_R", "mean_hrt_rate", "skew", "std", "kurtosis", "age"], ["std_hrt_rate", "maximum", "skew", "mean_R_R", "age", "kurtosis"], ["maximum", "std_hrt_rate", "std_R_R", "std", "kurtosis", "age"], ["std_hrt_rate", "mean_hrt_rate", "skew", "std", "kurtosis", "age"], ["root_mean_diff_R_R", "std", "std_hrt_rate", "skew", "kurtosis", "age"], ["mean_hrt_rate", "std", "std_hrt_rate", "gender", "skew", "age"], ["mean_R_R", "mean", "std_hrt_rate", "std", "kurtosis", "age"]]}