{"classification_report_train": {"0.0": {"precision_mean": 0.9950943945959269, "precision_std": 0.0009663690944477532, "recall_mean": 0.9561526516583785, "recall_std": 0.005567103107141229, "f1-score_mean": 0.9751483442549491, "f1-score_std": 0.0028825973218809765, "support_mean": 2222.1, "support_std": 25.471729426954894}, "1.0": {"precision_mean": 0.913279349149682, "precision_std": 0.010907936425644848, "recall_mean": 0.9895963119254321, "recall_std": 0.0021243789123572866, "f1-score_mean": 0.9495405337073303, "f1-score_std": 0.00582143023982043, "support_mean": 1017.9, "support_std": 25.471729426954894}, "macro avg": {"precision_mean": 0.9541868718728045, "precision_std": 0.00542673884147512, "recall_mean": 0.972874481791905, "recall_std": 0.002802106424088275, "f1-score_mean": 0.9623444389811396, "f1-score_std": 0.004307494836278565, "support_mean": 3240.0, "support_std": 0.0}, "weighted avg": {"precision_mean": 0.9694105938811598, "precision_std": 0.0032709798482330895, "recall_mean": 0.9667901234567902, "recall_std": 0.003816742091770445, "f1-score_mean": 0.9671856560111323, "f1-score_std": 0.0037290754429229124, "support_mean": 3240.0, "support_std": 0.0}}, "classification_report_test": {"0.0": {"precision_mean": 0.6854631274119094, "precision_std": 0.09358207747117894, "recall_mean": 0.7894110320386858, "recall_std": 0.09461968023739192, "f1-score_mean": 0.7059008217531834, "f1-score_std": 0.08097638748390261, "support_mean": 246.9, "support_std": 25.471729426954894}, "1.0": {"precision_mean": 0.3084986275254652, "precision_std": 0.12370242412167257, "recall_mean": 0.29881800437697226, "recall_std": 0.10461370697302765, "f1-score_mean": 0.23243510770791218, "f1-score_std": 0.08646183467798248, "support_mean": 113.1, "support_std": 25.471729426954894}, "macro avg": {"precision_mean": 0.49698087746868724, "precision_std": 0.07779547444006694, "recall_mean": 0.5441145182078291, "recall_std": 0.06944683183983938, "f1-score_mean": 0.46916796473054784, "f1-score_std": 0.06641223154970442, "support_mean": 360.0, "support_std": 0.0}, "weighted avg": {"precision_mean": 0.6581686670086822, "precision_std": 0.10532941182289676, "recall_mean": 0.6238888888888888, "recall_std": 0.080301515137221, "f1-score_mean": 0.6057061082951927, "f1-score_std": 0.08980931373556418, "support_mean": 360.0, "support_std": 0.0}}, "timing": {"extractor_fit": "0:00:00.101712", "filtered_features": "0:00:00.000444", "model_training_time": "0:00:00.012143"}, "selected_vocabulary": [["mean", "minimum", "mean_hrt_rate", "std", "root_mean_diff_R_R", "mean_R_R", "kurtosis", "std_R_R", "skew", "age"], ["maximum", "std_R_R", "minimum", "mean_hrt_rate", "std", "mean_R_R", "root_mean_diff_R_R", "kurtosis", "skew", "age"], ["maximum", "std_R_R", "mean_hrt_rate", "minimum", "std", "mean_R_R", "root_mean_diff_R_R", "kurtosis", "skew", "age"], ["std_R_R", "maximum", "mean_hrt_rate", "mean_R_R", "root_mean_diff_R_R", "std", "minimum", "skew", "kurtosis", "age"], ["maximum", "std_R_R", "minimum", "mean_hrt_rate", "mean_R_R", "root_mean_diff_R_R", "std", "skew", "kurtosis", "age"], ["maximum", "minimum", "mean_hrt_rate", "root_mean_diff_R_R", "std", "mean_R_R", "std_R_R", "kurtosis", "skew", "age"], ["std_R_R", "maximum", "minimum", "mean_hrt_rate", "mean_R_R", "root_mean_diff_R_R", "std", "kurtosis", "skew", "age"], ["mean_hrt_rate", "minimum", "mean_R_R", "std", "root_mean_diff_R_R", "std_R_R", "maximum", "kurtosis", "skew", "age"], ["std_R_R", "maximum", "minimum", "std", "mean_hrt_rate", "mean_R_R", "root_mean_diff_R_R", "kurtosis", "skew", "age"], ["std_hrt_rate", "std_R_R", "minimum", "mean_hrt_rate", "mean_R_R", "root_mean_diff_R_R", "skew", "kurtosis", "std", "age"]]}