{"classification_report_train": {"0.0": {"precision_mean": 0.995724866494279, "precision_std": 0.0004346919145777657, "recall_mean": 0.9543953185166444, "recall_std": 0.005019796815340314, "f1-score_mean": 0.9745554353419026, "f1-score_std": 0.0026402870606475268, "support_mean": 2222.1, "support_std": 25.471729426954894}, "1.0": {"precision_mean": 0.910209424478707, "precision_std": 0.008907422605002232, "recall_mean": 0.9909913631690678, "recall_std": 0.0009616887158081872, "f1-score_mean": 0.9486526324618275, "f1-score_std": 0.004854907937023643, "support_mean": 1017.9, "support_std": 25.471729426954894}, "macro avg": {"precision_mean": 0.9529671454864932, "precision_std": 0.004471482765256614, "recall_mean": 0.9726933408428561, "recall_std": 0.0024971568313985485, "f1-score_mean": 0.9616040339018651, "f1-score_std": 0.003686095838075018, "support_mean": 3240.0, "support_std": 0.0}, "weighted avg": {"precision_mean": 0.9687922966674518, "precision_std": 0.0028497031622979584, "recall_mean": 0.9660802469135803, "recall_std": 0.003367862427820302, "f1-score_mean": 0.96648105268712, "f1-score_std": 0.003293908078763841, "support_mean": 3240.0, "support_std": 0.0}}, "classification_report_test": {"0.0": {"precision_mean": 0.7272747642163078, "precision_std": 0.095745232849118, "recall_mean": 0.7666287459985822, "recall_std": 0.09393180753633408, "f1-score_mean": 0.7234077780318342, "f1-score_std": 0.08514062107425582, "support_mean": 246.9, "support_std": 25.471729426954894}, "1.0": {"precision_mean": 0.4149174770742755, "precision_std": 0.13321209596084452, "recall_mean": 0.45530838027792786, "recall_std": 0.11297221465082988, "f1-score_mean": 0.34586255321299164, "f1-score_std": 0.10402254775028258, "support_mean": 113.1, "support_std": 25.471729426954894}, "macro avg": {"precision_mean": 0.5710961206452916, "precision_std": 0.08514728527156361, "recall_mean": 0.6109685631382551, "recall_std": 0.0780262895664717, "f1-score_mean": 0.5346351656224129, "f1-score_std": 0.07971336015056789, "support_mean": 360.0, "support_std": 0.0}, "weighted avg": {"precision_mean": 0.7300475382972031, "precision_std": 0.10167477150943478, "recall_mean": 0.6588888888888889, "recall_std": 0.0872565396042251, "f1-score_mean": 0.663100600484624, "f1-score_std": 0.09177418891941434, "support_mean": 360.0, "support_std": 0.0}}, "timing": {"extractor_fit": "0:00:00.001222", "filtered_features": "0:00:00.000361", "model_training_time": "0:00:00.009319"}, "selected_vocabulary": [["std_hrt_rate", "std_R_R", "mean", "minimum", "std", "age", "kurtosis", "skew"], ["std_hrt_rate", "std_R_R", "std", "maximum", "minimum", "age", "kurtosis", "skew"], ["std_R_R", "maximum", "std", "gender", "minimum", "age", "kurtosis", "skew"], ["std_R_R", "maximum", "age", "gender", "std", "minimum", "kurtosis", "skew"], ["std_hrt_rate", "std_R_R", "maximum", "std", "minimum", "age", "kurtosis", "skew"], ["std_hrt_rate", "std", "std_R_R", "maximum", "minimum", "age", "kurtosis", "skew"], ["std_R_R", "maximum", "gender", "std", "minimum", "age", "kurtosis", "skew"], ["std_hrt_rate", "mean", "std_R_R", "minimum", "maximum", "age", "kurtosis", "skew"], ["std_R_R", "gender", "std", "maximum", "minimum", "kurtosis", "age", "skew"], ["std_hrt_rate", "std_R_R", "minimum", "std", "gender", "age", "kurtosis", "skew"]]}