{"classification_report_train": {"0.0": {"precision_mean": 0.9939275024847681, "precision_std": 0.0014778777854305336, "recall_mean": 0.9613550102292419, "recall_std": 0.004653018061464111, "f1-score_mean": 0.9772984821038817, "f1-score_std": 0.002322452539288466, "support_mean": 2222.1, "support_std": 25.471729426954894}, "1.0": {"precision_mean": 0.9217030861985714, "precision_std": 0.009760980523453899, "recall_mean": 0.9873915995824885, "recall_std": 0.0027486074176245033, "f1-score_mean": 0.9530885196882298, "f1-score_std": 0.0049925886266248744, "support_mean": 1017.9, "support_std": 25.471729426954894}, "macro avg": {"precision_mean": 0.9578152943416699, "precision_std": 0.004715855658196127, "recall_mean": 0.9743733049058652, "recall_std": 0.002325162531872154, "f1-score_mean": 0.9651935008960557, "f1-score_std": 0.003620661361115239, "support_mean": 3240.0, "support_std": 0.0}, "weighted avg": {"precision_mean": 0.9714739375390359, "precision_std": 0.0027226339295214584, "recall_mean": 0.9694753086419754, "recall_std": 0.0031404074528107425, "f1-score_mean": 0.9697916681062113, "f1-score_std": 0.003071604807335007, "support_mean": 3240.0, "support_std": 0.0}}, "classification_report_test": {"0.0": {"precision_mean": 0.6776851092136917, "precision_std": 0.09621822148488167, "recall_mean": 0.7603437736405502, "recall_std": 0.09456726747987855, "f1-score_mean": 0.6851447894924492, "f1-score_std": 0.08084108604347193, "support_mean": 246.9, "support_std": 25.471729426954894}, "1.0": {"precision_mean": 0.31090663746447034, "precision_std": 0.12020765927703875, "recall_mean": 0.3721570992050019, "recall_std": 0.11796139976016275, "f1-score_mean": 0.23719980275675884, "f1-score_std": 0.07704816414255208, "support_mean": 113.1, "support_std": 25.471729426954894}, "macro avg": {"precision_mean": 0.4942958733390811, "precision_std": 0.07641018508321913, "recall_mean": 0.5662504364227761, "recall_std": 0.06985693464690736, "f1-score_mean": 0.46117229612460403, "f1-score_std": 0.06313249179362289, "support_mean": 360.0, "support_std": 0.0}, "weighted avg": {"precision_mean": 0.654717523186682, "precision_std": 0.10699266514328483, "recall_mean": 0.6008333333333333, "recall_std": 0.08032346835079543, "f1-score_mean": 0.5882816197874682, "f1-score_std": 0.08827191093447095, "support_mean": 360.0, "support_std": 0.0}}, "timing": {"extractor_fit": "0:00:00.105707", "filtered_features": "0:00:00.000438", "model_training_time": "0:00:00.014590"}, "selected_vocabulary": [["maximum", "std_hrt_rate", "mean", "minimum", "mean_hrt_rate", "std", "root_mean_diff_R_R", "mean_R_R", "kurtosis", "std_R_R", "skew", "age"], ["mean", "std_hrt_rate", "std_R_R", "maximum", "minimum", "mean_hrt_rate", "mean_R_R", "std", "root_mean_diff_R_R", "kurtosis", "skew", "age"], ["std_hrt_rate", "mean", "maximum", "std_R_R", "mean_hrt_rate", "minimum", "std", "mean_R_R", "root_mean_diff_R_R", "kurtosis", "skew", "age"], ["gender", "std_hrt_rate", "std_R_R", "mean_hrt_rate", "maximum", "mean_R_R", "root_mean_diff_R_R", "std", "minimum", "skew", "kurtosis", "age"], ["mean", "std_hrt_rate", "maximum", "std_R_R", "minimum", "mean_hrt_rate", "mean_R_R", "root_mean_diff_R_R", "std", "skew", "kurtosis", "age"], ["mean", "std_hrt_rate", "maximum", "minimum", "mean_hrt_rate", "root_mean_diff_R_R", "mean_R_R", "std", "std_R_R", "kurtosis", "skew", "age"], ["mean", "std_hrt_rate", "std_R_R", "maximum", "minimum", "mean_hrt_rate", "mean_R_R", "root_mean_diff_R_R", "std", "kurtosis", "skew", "age"], ["mean", "std_hrt_rate", "mean_hrt_rate", "mean_R_R", "minimum", "std", "root_mean_diff_R_R", "std_R_R", "maximum", "kurtosis", "skew", "age"], ["mean", "std_hrt_rate", "std_R_R", "maximum", "minimum", "std", "mean_hrt_rate", "mean_R_R", "root_mean_diff_R_R", "kurtosis", "skew", "age"], ["maximum", "mean", "std_hrt_rate", "std_R_R", "minimum", "mean_hrt_rate", "mean_R_R", "root_mean_diff_R_R", "skew", "kurtosis", "std", "age"]]}