{"classification_report_train": {"0.0": {"precision_mean": 0.9632970503282821, "precision_std": 0.011390668249855934, "recall_mean": 0.9514008385576604, "recall_std": 0.006558733896838314, "f1-score_mean": 0.956950782009776, "f1-score_std": 0.007427644293487747, "support_mean": 2222.1, "support_std": 25.471729426954894}, "1.0": {"precision_mean": 0.8955363553808011, "precision_std": 0.01423579630960477, "recall_mean": 0.9213362101076472, "recall_std": 0.02380999563753222, "f1-score_mean": 0.9067011741577297, "f1-score_std": 0.01657015330176359, "support_mean": 1017.9, "support_std": 25.471729426954894}, "macro avg": {"precision_mean": 0.9294167028545415, "precision_std": 0.010474734932528785, "recall_mean": 0.9363685243326539, "recall_std": 0.013210221652537504, "f1-score_mean": 0.9318259780837529, "f1-score_std": 0.011974586521297605, "support_mean": 3240.0, "support_std": 0.0}, "weighted avg": {"precision_mean": 0.9428224019881852, "precision_std": 0.010137521916505883, "recall_mean": 0.9411728395061729, "recall_std": 0.01024265492346177, "f1-score_mean": 0.9411736894975931, "f1-score_std": 0.010507733402273331, "support_mean": 3240.0, "support_std": 0.0}}, "classification_report_test": {"0.0": {"precision_mean": 0.7999376355794235, "precision_std": 0.07680122822949852, "recall_mean": 0.7738330471009869, "recall_std": 0.0718968624016664, "f1-score_mean": 0.7494261201232427, "f1-score_std": 0.060829949599397345, "support_mean": 246.9, "support_std": 25.471729426954894}, "1.0": {"precision_mean": 0.4698394689625581, "precision_std": 0.13053540359186816, "recall_mean": 0.5820559906584668, "recall_std": 0.13862424894348196, "f1-score_mean": 0.35402851456616985, "f1-score_std": 0.1161902259835901, "support_mean": 113.1, "support_std": 25.471729426954894}, "macro avg": {"precision_mean": 0.6348885522709907, "precision_std": 0.07205885421609154, "recall_mean": 0.677944518879727, "recall_std": 0.07862029226570745, "f1-score_mean": 0.5517273173447064, "f1-score_std": 0.07960459247874971, "support_mean": 360.0, "support_std": 0.0}, "weighted avg": {"precision_mean": 0.8005969777025743, "precision_std": 0.07464166667763864, "recall_mean": 0.6677777777777778, "recall_std": 0.0766427096224527, "f1-score_mean": 0.6713750454270728, "f1-score_std": 0.08235182353224484, "support_mean": 360.0, "support_std": 0.0}}, "timing": {"extractor_fit": "0:00:00.750242", "filtered_features": "-1 day, 23:59:59.999986", "model_training_time": "0:00:00.006375"}, "selected_vocabulary": [["maximum", "std", "mean_R_R", "minimum"], ["root_mean_diff_R_R", "std", "kurtosis", "skew"], ["kurtosis", "std_hrt_rate", "std_R_R", "age"], ["minimum", "gender", "kurtosis", "age"], ["std", "mean", "maximum", "std_hrt_rate"], ["std_R_R", "std_hrt_rate", "gender", "age"], ["mean_hrt_rate", "root_mean_diff_R_R", "maximum", "mean"], ["skew", "kurtosis", "std_hrt_rate", "age"], ["kurtosis", "gender", "std_R_R", "std"], ["skew", "mean_hrt_rate", "maximum", "age"]]}