{"classification_report_train": {"0.0": {"precision_mean": 0.9656096650263317, "precision_std": 0.007436062503757264, "recall_mean": 0.8497524606945538, "recall_std": 0.019132939726780908, "f1-score_mean": 0.9023173542353373, "f1-score_std": 0.009877375298778471, "support_mean": 2222.1, "support_std": 25.471729426954894}, "1.0": {"precision_mean": 0.7494049823633157, "precision_std": 0.01996100837299124, "recall_mean": 0.9282191072657511, "recall_std": 0.01970541944159538, "f1-score_mean": 0.8259792014442027, "f1-score_std": 0.012991954183334205, "support_mean": 1017.9, "support_std": 25.471729426954894}, "macro avg": {"precision_mean": 0.8575073236948239, "precision_std": 0.00957068826942205, "recall_mean": 0.8889857839801525, "recall_std": 0.009390205548369418, "f1-score_mean": 0.86414827783977, "f1-score_std": 0.010797188680861967, "support_mean": 3240.0, "support_std": 0.0}, "weighted avg": {"precision_mean": 0.8969689016097453, "precision_std": 0.007003287728793246, "recall_mean": 0.8759567901234568, "recall_std": 0.010856518224511601, "f1-score_mean": 0.8787256408568374, "f1-score_std": 0.010406163658650897, "support_mean": 3240.0, "support_std": 0.0}}, "classification_report_test": {"0.0": {"precision_mean": 0.5422222222222223, "precision_std": 0.12842937724006764, "recall_mean": 0.6484710800823874, "recall_std": 0.14084740744581153, "f1-score_mean": 0.5626258233439712, "f1-score_std": 0.12289155168283745, "support_mean": 246.9, "support_std": 25.471729426954894}, "1.0": {"precision_mean": 0.15805555555555556, "precision_std": 0.09615160514957359, "recall_mean": 0.4, "recall_std": 0.15491933384829668, "f1-score_mean": 0.18751164297266287, "f1-score_std": 0.1039454683324067, "support_mean": 113.1, "support_std": 25.471729426954894}, "macro avg": {"precision_mean": 0.3501388888888889, "precision_std": 0.08569825986463879, "recall_mean": 0.5242355400411938, "recall_std": 0.0733894143533723, "f1-score_mean": 0.375068733158317, "f1-score_std": 0.08068094389107278, "support_mean": 360.0, "support_std": 0.0}, "weighted avg": {"precision_mean": 0.4787091049382717, "precision_std": 0.12426437131016851, "recall_mean": 0.5480555555555556, "recall_std": 0.10438092779056792, "f1-score_mean": 0.4860053549246455, "f1-score_std": 0.11168687805138788, "support_mean": 360.0, "support_std": 0.0}}, "timing": {"extractor_fit": "0:00:00.117514", "filtered_features": "0:00:00.000457", "model_training_time": "0:00:00.001990"}, "selected_vocabulary": [["age"], ["age"], ["age"], ["age"], ["age"], ["age"], ["age"], ["age"], ["age"], ["age"]]}