{"classification_report_train": {"0.0": {"precision_mean": 0.9858396699165283, "precision_std": 0.0026073034495642787, "recall_mean": 0.952466347106516, "recall_std": 0.00850350190578356, "f1-score_mean": 0.9685877080341381, "f1-score_std": 0.00401957647655596, "support_mean": 2222.1, "support_std": 25.471729426954894}, "1.0": {"precision_mean": 0.9042892638871013, "precision_std": 0.015609537155734777, "recall_mean": 0.9698261576827448, "recall_std": 0.005179712269284555, "f1-score_mean": 0.934893948451849, "f1-score_std": 0.007980142830442643, "support_mean": 1017.9, "support_std": 25.471729426954894}, "macro avg": {"precision_mean": 0.9450644669018148, "precision_std": 0.007204438083792131, "recall_mean": 0.9611462523946305, "recall_std": 0.003558034163320815, "f1-score_mean": 0.9517408282429936, "f1-score_std": 0.0059617212302288825, "support_mean": 3240.0, "support_std": 0.0}, "weighted avg": {"precision_mean": 0.9608333202142066, "precision_std": 0.0037458957199992776, "recall_mean": 0.9577160493827159, "recall_std": 0.005321904191923603, "f1-score_mean": 0.9582265023945828, "f1-score_std": 0.0050798411711716115, "support_mean": 3240.0, "support_std": 0.0}}, "classification_report_test": {"0.0": {"precision_mean": 0.7282912960221297, "precision_std": 0.07614496049341668, "recall_mean": 0.861087874609548, "recall_std": 0.05528371538693582, "f1-score_mean": 0.7515936466323163, "f1-score_std": 0.04809313717653418, "support_mean": 246.9, "support_std": 25.471729426954894}, "1.0": {"precision_mean": 0.36447845102583376, "precision_std": 0.11628867343115006, "recall_mean": 0.30038227924060246, "recall_std": 0.12339978112722211, "f1-score_mean": 0.17840026188430388, "f1-score_std": 0.08562568550294322, "support_mean": 113.1, "support_std": 25.471729426954894}, "macro avg": {"precision_mean": 0.5463848735239817, "precision_std": 0.062171321038670804, "recall_mean": 0.5807350769250753, "recall_std": 0.049840915442276715, "f1-score_mean": 0.46499695425831006, "f1-score_std": 0.05536334999955687, "support_mean": 360.0, "support_std": 0.0}, "weighted avg": {"precision_mean": 0.7044799139029958, "precision_std": 0.08744303480751024, "recall_mean": 0.643888888888889, "recall_std": 0.0665679825163441, "f1-score_mean": 0.6052384665455935, "f1-score_std": 0.08179339785172635, "support_mean": 360.0, "support_std": 0.0}}, "timing": {"extractor_fit": "0:00:00.123758", "filtered_features": "0:00:00.000563", "model_training_time": "0:00:00.006683"}, "selected_vocabulary": [["kurtosis", "std_R_R", "skew", "age"], ["root_mean_diff_R_R", "kurtosis", "skew", "age"], ["root_mean_diff_R_R", "kurtosis", "skew", "age"], ["minimum", "skew", "kurtosis", "age"], ["std", "skew", "kurtosis", "age"], ["std_R_R", "kurtosis", "skew", "age"], ["std", "kurtosis", "skew", "age"], ["maximum", "kurtosis", "skew", "age"], ["root_mean_diff_R_R", "kurtosis", "skew", "age"], ["skew", "kurtosis", "std", "age"]]}