{"classification_report_train": {"0.0": {"precision_mean": 0.9924098636042741, "precision_std": 0.0013903236853752604, "recall_mean": 0.9562169308110974, "recall_std": 0.006590579697371162, "f1-score_mean": 0.973845844133808, "f1-score_std": 0.0033097111234593815, "support_mean": 2222.1, "support_std": 25.471729426954894}, "1.0": {"precision_mean": 0.9125389305621814, "precision_std": 0.012492471676775559, "recall_mean": 0.9842341072126037, "recall_std": 0.0025298638369329863, "f1-score_mean": 0.9465153925904952, "f1-score_std": 0.006366128556624582, "support_mean": 1017.9, "support_std": 25.471729426954894}, "macro avg": {"precision_mean": 0.9524743970832278, "precision_std": 0.006055844783626467, "recall_mean": 0.9702255190118505, "recall_std": 0.003130311545463127, "f1-score_mean": 0.9601806183621516, "f1-score_std": 0.004787602253204583, "support_mean": 3240.0, "support_std": 0.0}, "weighted avg": {"precision_mean": 0.9675939310827957, "precision_std": 0.0036906740770401886, "recall_mean": 0.9649691358024691, "recall_std": 0.004302484634295548, "f1-score_mean": 0.9653821479363565, "f1-score_std": 0.004204494438155218, "support_mean": 3240.0, "support_std": 0.0}}, "classification_report_test": {"0.0": {"precision_mean": 0.695793296122855, "precision_std": 0.07971623341911947, "recall_mean": 0.8191905659065533, "recall_std": 0.0703443528382099, "f1-score_mean": 0.7157764191686775, "f1-score_std": 0.05466346651646994, "support_mean": 246.9, "support_std": 25.471729426954894}, "1.0": {"precision_mean": 0.31598333970544923, "precision_std": 0.1222017162945629, "recall_mean": 0.3148824037778944, "recall_std": 0.11511526154120903, "f1-score_mean": 0.17894737799507873, "f1-score_std": 0.06550455280283136, "support_mean": 113.1, "support_std": 25.471729426954894}, "macro avg": {"precision_mean": 0.5058883179141522, "precision_std": 0.06518362556247256, "recall_mean": 0.5670364848422238, "recall_std": 0.050009038897977795, "f1-score_mean": 0.447361898581878, "f1-score_std": 0.04629958216145076, "support_mean": 360.0, "support_std": 0.0}, "weighted avg": {"precision_mean": 0.6662589160583907, "precision_std": 0.09703148461306096, "recall_mean": 0.6091666666666666, "recall_std": 0.06601188865988038, "f1-score_mean": 0.5757261717772594, "f1-score_std": 0.07984857833915525, "support_mean": 360.0, "support_std": 0.0}}, "timing": {"extractor_fit": "0:00:00.105788", "filtered_features": "0:00:00.000426", "model_training_time": "0:00:00.009389"}, "selected_vocabulary": [["std", "root_mean_diff_R_R", "mean_R_R", "kurtosis", "std_R_R", "skew", "age"], ["mean_hrt_rate", "mean_R_R", "std", "root_mean_diff_R_R", "kurtosis", "skew", "age"], ["mean_hrt_rate", "std", "mean_R_R", "root_mean_diff_R_R", "kurtosis", "skew", "age"], ["mean_R_R", "root_mean_diff_R_R", "std", "minimum", "skew", "kurtosis", "age"], ["mean_hrt_rate", "mean_R_R", "root_mean_diff_R_R", "std", "skew", "kurtosis", "age"], ["root_mean_diff_R_R", "mean_R_R", "std", "std_R_R", "kurtosis", "skew", "age"], ["mean_hrt_rate", "mean_R_R", "root_mean_diff_R_R", "std", "kurtosis", "skew", "age"], ["std", "root_mean_diff_R_R", "std_R_R", "maximum", "kurtosis", "skew", "age"], ["std", "mean_hrt_rate", "mean_R_R", "root_mean_diff_R_R", "kurtosis", "skew", "age"], ["mean_hrt_rate", "mean_R_R", "root_mean_diff_R_R", "skew", "kurtosis", "std", "age"]]}