{"classification_report_train": {"0.0": {"precision_mean": 0.9936690905625942, "precision_std": 0.0012629140465978898, "recall_mean": 0.9585282756320476, "recall_std": 0.005158638104889419, "f1-score_mean": 0.9757007462922325, "f1-score_std": 0.0025989629293464156, "support_mean": 2222.1, "support_std": 25.471729426954894}, "1.0": {"precision_mean": 0.917539923602362, "precision_std": 0.009695536524592837, "recall_mean": 0.9865902412439402, "recall_std": 0.0025655824467282393, "f1-score_mean": 0.9504960504666757, "f1-score_std": 0.005000787533311262, "support_mean": 1017.9, "support_std": 25.471729426954894}, "macro avg": {"precision_mean": 0.9556045070824783, "precision_std": 0.00474398067034382, "recall_mean": 0.9725592584379938, "recall_std": 0.002485771981252375, "f1-score_mean": 0.963098398379454, "f1-score_std": 0.0037463238392839307, "support_mean": 3240.0, "support_std": 0.0}, "weighted avg": {"precision_mean": 0.9697102377916587, "precision_std": 0.002928717351903433, "recall_mean": 0.9674999999999999, "recall_std": 0.0033736840988331535, "f1-score_mean": 0.9678426813826322, "f1-score_std": 0.0033049111388809616, "support_mean": 3240.0, "support_std": 0.0}}, "classification_report_test": {"0.0": {"precision_mean": 0.6817755259908375, "precision_std": 0.09338948527478365, "recall_mean": 0.7826768203509752, "recall_std": 0.09732487057282088, "f1-score_mean": 0.696545276582107, "f1-score_std": 0.08047999081536457, "support_mean": 246.9, "support_std": 25.471729426954894}, "1.0": {"precision_mean": 0.30730897269447155, "precision_std": 0.12458242201104233, "recall_mean": 0.2899782253714474, "recall_std": 0.10236494591021113, "f1-score_mean": 0.22305093483121724, "f1-score_std": 0.0830164845480363, "support_mean": 113.1, "support_std": 25.471729426954894}, "macro avg": {"precision_mean": 0.49454224934265456, "precision_std": 0.0771101732187537, "recall_mean": 0.5363275228612113, "recall_std": 0.06661917150403479, "f1-score_mean": 0.45979810570666213, "f1-score_std": 0.06461705158049995, "support_mean": 360.0, "support_std": 0.0}, "weighted avg": {"precision_mean": 0.6564364721163152, "precision_std": 0.10510161314756264, "recall_mean": 0.6119444444444444, "recall_std": 0.08009451399964611, "f1-score_mean": 0.5940563512853456, "f1-score_std": 0.0882540702787021, "support_mean": 360.0, "support_std": 0.0}}, "timing": {"extractor_fit": "0:00:00.723789", "filtered_features": "0:00:00.000534", "model_training_time": "0:00:00.010156"}, "selected_vocabulary": [["skew", "std_hrt_rate", "mean_R_R", "std_R_R", "std", "kurtosis", "age"], ["mean_R_R", "std_hrt_rate", "std", "std_R_R", "skew", "kurtosis", "age"], ["mean_hrt_rate", "gender", "std_R_R", "std", "kurtosis", "age", "skew"], ["root_mean_diff_R_R", "mean_hrt_rate", "std_R_R", "std", "skew", "age", "kurtosis"], ["root_mean_diff_R_R", "mean_hrt_rate", "std", "mean_R_R", "skew", "age", "kurtosis"], ["std_hrt_rate", "mean_R_R", "skew", "std", "std_R_R", "kurtosis", "age"], ["mean_hrt_rate", "std_R_R", "skew", "maximum", "std", "kurtosis", "age"], ["maximum", "gender", "std_hrt_rate", "std", "kurtosis", "skew", "age"], ["mean_hrt_rate", "std", "std_R_R", "std_hrt_rate", "kurtosis", "skew", "age"], ["root_mean_diff_R_R", "gender", "std_hrt_rate", "std", "skew", "kurtosis", "age"]]}