{"classification_report_train": {"0.0": {"precision_mean": 0.9949253126401303, "precision_std": 0.0006811803006203794, "recall_mean": 0.960243998945604, "recall_std": 0.007000389474806723, "f1-score_mean": 0.9771461481246944, "f1-score_std": 0.0036692478109212607, "support_mean": 2222.1, "support_std": 25.471729426954894}, "1.0": {"precision_mean": 0.9190677618575507, "precision_std": 0.014550994480055748, "recall_mean": 0.9891767889807591, "recall_std": 0.0015869917108515283, "f1-score_mean": 0.9522324762210532, "f1-score_std": 0.008002272536971085, "support_mean": 1017.9, "support_std": 25.471729426954894}, "macro avg": {"precision_mean": 0.9569965372488406, "precision_std": 0.00728836725491083, "recall_mean": 0.9747103939631815, "recall_std": 0.0036323985539564595, "f1-score_mean": 0.9646893121728738, "f1-score_std": 0.00582189315550324, "support_mean": 3240.0, "support_std": 0.0}, "weighted avg": {"precision_mean": 0.9716951753851164, "precision_std": 0.004188853782542234, "recall_mean": 0.9691358024691359, "recall_std": 0.0050258438936629365, "f1-score_mean": 0.9695426516034591, "f1-score_std": 0.0048904293986296215, "support_mean": 3240.0, "support_std": 0.0}}, "classification_report_test": {"0.0": {"precision_mean": 0.7567619613077267, "precision_std": 0.06240795727582339, "recall_mean": 0.8363966084448787, "recall_std": 0.06747894846600246, "f1-score_mean": 0.7619910092415834, "f1-score_std": 0.04755050401683331, "support_mean": 246.9, "support_std": 25.471729426954894}, "1.0": {"precision_mean": 0.4050084725062524, "precision_std": 0.1125950163970754, "recall_mean": 0.32816713800109426, "recall_std": 0.10081460857397397, "f1-score_mean": 0.2957040248254819, "f1-score_std": 0.08967962470556277, "support_mean": 113.1, "support_std": 25.471729426954894}, "macro avg": {"precision_mean": 0.5808852169069896, "precision_std": 0.051060828652584135, "recall_mean": 0.5822818732229865, "recall_std": 0.03837499825676315, "f1-score_mean": 0.5288475170335326, "f1-score_std": 0.041315498644286956, "support_mean": 360.0, "support_std": 0.0}, "weighted avg": {"precision_mean": 0.7383442778662541, "precision_std": 0.07032520232051277, "recall_mean": 0.7027777777777778, "recall_std": 0.04991041356987587, "f1-score_mean": 0.6745950716412745, "f1-score_std": 0.06708427050852518, "support_mean": 360.0, "support_std": 0.0}}, "timing": {"extractor_fit": "0:00:01.539241", "filtered_features": "-1 day, 23:59:59.999990", "model_training_time": "0:00:00.011901"}, "selected_vocabulary": [["maximum", "std", "mean_R_R", "minimum", "age", "gender", "std_hrt_rate", "kurtosis", "root_mean_diff_R_R", "std_R_R"], ["root_mean_diff_R_R", "std", "kurtosis", "skew", "maximum", "std_hrt_rate", "age", "gender", "minimum", "mean_R_R"], ["kurtosis", "std_hrt_rate", "std_R_R", "age", "mean_R_R", "maximum", "mean_hrt_rate", "mean", "gender", "root_mean_diff_R_R"], ["minimum", "gender", "std_R_R", "std_hrt_rate", "mean", "mean_hrt_rate", "mean_R_R", "age", "maximum", "kurtosis"], ["std", "mean", "std_hrt_rate", "skew", "gender", "std_R_R", "maximum", "minimum", "mean_hrt_rate", "root_mean_diff_R_R"], ["std_R_R", "std_hrt_rate", "gender", "age", "mean_hrt_rate", "maximum", "mean_R_R", "kurtosis", "std", "mean"], ["mean_hrt_rate", "root_mean_diff_R_R", "mean", "maximum", "minimum", "kurtosis", "std_R_R", "std_hrt_rate", "age", "std"], ["skew", "kurtosis", "std_hrt_rate", "age", "mean_hrt_rate", "minimum", "gender", "root_mean_diff_R_R", "mean_R_R", "std_R_R"], ["kurtosis", "maximum", "gender", "std", "root_mean_diff_R_R", "std_R_R", "mean_hrt_rate", "age", "std_hrt_rate", "minimum"], ["skew", "mean_hrt_rate", "mean", "age", "root_mean_diff_R_R", "kurtosis", "mean_R_R", "maximum", "std", "std_hrt_rate"]]}