{"classification_report_train": {"0.0": {"precision_mean": 0.907717711328551, "precision_std": 0.0071243984498676055, "recall_mean": 0.7958741420843947, "recall_std": 0.011207554065197507, "f1-score_mean": 0.8474492338022579, "f1-score_std": 0.006008879983426894, "support_mean": 2222.1, "support_std": 25.471729426954894}, "1.0": {"precision_mean": 0.6503504507732819, "precision_std": 0.013517889116088175, "recall_mean": 0.8220240014833063, "recall_std": 0.014841396150757894, "f1-score_mean": 0.7245669477493004, "f1-score_std": 0.008851400010575394, "support_mean": 1017.9, "support_std": 25.471729426954894}, "macro avg": {"precision_mean": 0.7790340810509162, "precision_std": 0.006699760170483616, "recall_mean": 0.8089490717838504, "recall_std": 0.006329593819384421, "f1-score_mean": 0.7860080907757792, "f1-score_std": 0.006440009506870891, "support_mean": 3240.0, "support_std": 0.0}, "weighted avg": {"precision_mean": 0.8275865217951222, "precision_std": 0.005852108540276763, "recall_mean": 0.80429012345679, "recall_std": 0.00648287022159273, "f1-score_mean": 0.8093661542991646, "f1-score_std": 0.006016553643708623, "support_mean": 3240.0, "support_std": 0.0}}, "classification_report_test": {"0.0": {"precision_mean": 0.7599920150593804, "precision_std": 0.06822626487087576, "recall_mean": 0.7782245284842555, "recall_std": 0.05709975917343242, "f1-score_mean": 0.7327398014386095, "f1-score_std": 0.038465511300427586, "support_mean": 246.9, "support_std": 25.471729426954894}, "1.0": {"precision_mean": 0.44744248191473324, "precision_std": 0.10329001558304186, "recall_mean": 0.44315691359253934, "recall_std": 0.10559843651549615, "f1-score_mean": 0.30569581354838044, "f1-score_std": 0.08311647649003326, "support_mean": 113.1, "support_std": 25.471729426954894}, "macro avg": {"precision_mean": 0.6037172484870569, "precision_std": 0.04106443368461641, "recall_mean": 0.6106907210383974, "recall_std": 0.03778767525302134, "f1-score_mean": 0.5192178074934949, "f1-score_std": 0.04576340943677175, "support_mean": 360.0, "support_std": 0.0}, "weighted avg": {"precision_mean": 0.7650021471515749, "precision_std": 0.05696551105740928, "recall_mean": 0.6463888888888889, "recall_std": 0.04626822296987559, "f1-score_mean": 0.6467976664696957, "f1-score_std": 0.05606396495309754, "support_mean": 360.0, "support_std": 0.0}}, "timing": {"extractor_fit": "0:00:00.001693", "filtered_features": "0:00:00.000442", "model_training_time": "0:00:00.003660"}, "selected_vocabulary": [["skew"], ["skew"], ["skew"], ["skew"], ["skew"], ["skew"], ["skew"], ["skew"], ["skew"], ["skew"]]}