{"classification_report_train": {"0.0": {"precision_mean": 0.9871437965709747, "precision_std": 0.001874449355861641, "recall_mean": 0.9630373979452438, "recall_std": 0.007084845505283451, "f1-score_mean": 0.9747847564511213, "f1-score_std": 0.0035746923387350686, "support_mean": 2222.1, "support_std": 25.471729426954894}, "1.0": {"precision_mean": 0.925604233897548, "precision_std": 0.012164012606738666, "recall_mean": 0.9719714899167526, "recall_std": 0.004500898190264781, "f1-score_mean": 0.9476915097188383, "f1-score_std": 0.006278873348233858, "support_mean": 1017.9, "support_std": 25.471729426954894}, "macro avg": {"precision_mean": 0.9563740152342615, "precision_std": 0.005961597878498045, "recall_mean": 0.967504443930998, "recall_std": 0.0035859682965176153, "f1-score_mean": 0.9612381330849799, "f1-score_std": 0.0048595324876275795, "support_mean": 3240.0, "support_std": 0.0}, "weighted avg": {"precision_mean": 0.9677715015801966, "precision_std": 0.003947293663927197, "recall_mean": 0.9661111111111109, "recall_std": 0.004488337781432872, "f1-score_mean": 0.9663829742907584, "f1-score_std": 0.0044029468504641995, "support_mean": 3240.0, "support_std": 0.0}}, "classification_report_test": {"0.0": {"precision_mean": 0.6752748863028037, "precision_std": 0.08251829440479243, "recall_mean": 0.824972588190209, "recall_std": 0.06819461513846373, "f1-score_mean": 0.7062573563118317, "f1-score_std": 0.0560601723282142, "support_mean": 246.9, "support_std": 25.471729426954894}, "1.0": {"precision_mean": 0.2613514426749721, "precision_std": 0.09965323780698428, "recall_mean": 0.2628283280348159, "recall_std": 0.1119838951953233, "f1-score_mean": 0.12666462654347174, "f1-score_std": 0.03805474981927688, "support_mean": 113.1, "support_std": 25.471729426954894}, "macro avg": {"precision_mean": 0.46831316448888793, "precision_std": 0.05607187853046084, "recall_mean": 0.5439004581125124, "recall_std": 0.04939949916692951, "f1-score_mean": 0.4164609914276518, "f1-score_std": 0.03721474113014233, "support_mean": 360.0, "support_std": 0.0}, "weighted avg": {"precision_mean": 0.6282203143773175, "precision_std": 0.09765358862490114, "recall_mean": 0.5888888888888889, "recall_std": 0.06663309339811914, "f1-score_mean": 0.546089137223783, "f1-score_std": 0.08136644872291907, "support_mean": 360.0, "support_std": 0.0}}, "timing": {"extractor_fit": "0:00:00.104050", "filtered_features": "0:00:00.000396", "model_training_time": "0:00:00.008276"}, "selected_vocabulary": [["root_mean_diff_R_R", "mean_R_R", "kurtosis", "std_R_R", "skew", "age"], ["mean_R_R", "std", "root_mean_diff_R_R", "kurtosis", "skew", "age"], ["std", "mean_R_R", "root_mean_diff_R_R", "kurtosis", "skew", "age"], ["root_mean_diff_R_R", "std", "minimum", "skew", "kurtosis", "age"], ["mean_R_R", "root_mean_diff_R_R", "std", "skew", "kurtosis", "age"], ["mean_R_R", "std", "std_R_R", "kurtosis", "skew", "age"], ["mean_R_R", "root_mean_diff_R_R", "std", "kurtosis", "skew", "age"], ["root_mean_diff_R_R", "std_R_R", "maximum", "kurtosis", "skew", "age"], ["mean_hrt_rate", "mean_R_R", "root_mean_diff_R_R", "kurtosis", "skew", "age"], ["mean_R_R", "root_mean_diff_R_R", "skew", "kurtosis", "std", "age"]]}