{"classification_report_train": {"0.0": {"precision_mean": 0.9276417473617581, "precision_std": 0.008550586744613875, "recall_mean": 0.8835060170008688, "recall_std": 0.016216465863427548, "f1-score_mean": 0.9041171497599084, "f1-score_std": 0.009505649174167838, "support_mean": 2222.1, "support_std": 25.471729426954894}, "1.0": {"precision_mean": 0.7778627067242916, "precision_std": 0.028232527657256052, "recall_mean": 0.8508087743188977, "recall_std": 0.017250159909347966, "f1-score_mean": 0.8094793907087906, "f1-score_std": 0.01756540389936663, "support_mean": 1017.9, "support_std": 25.471729426954894}, "macro avg": {"precision_mean": 0.8527522270430248, "precision_std": 0.01518928118480939, "recall_mean": 0.8671573956598835, "recall_std": 0.011434799379495562, "f1-score_mean": 0.8567982702343494, "f1-score_std": 0.013342349591738347, "support_mean": 3240.0, "support_std": 0.0}, "weighted avg": {"precision_mean": 0.8812462150471282, "precision_std": 0.011125172355254075, "recall_mean": 0.8727777777777778, "recall_std": 0.012195678246872312, "f1-score_mean": 0.8745414002389872, "f1-score_std": 0.01182022935953207, "support_mean": 3240.0, "support_std": 0.0}}, "classification_report_test": {"0.0": {"precision_mean": 0.7173895493730968, "precision_std": 0.10311462761856623, "recall_mean": 0.6970073436704339, "recall_std": 0.09521298003089522, "f1-score_mean": 0.6821431825084765, "f1-score_std": 0.0876402634311596, "support_mean": 246.9, "support_std": 25.471729426954894}, "1.0": {"precision_mean": 0.38791931346362263, "precision_std": 0.10954819258954063, "recall_mean": 0.30109234717344213, "recall_std": 0.11006950497215173, "f1-score_mean": 0.27986472709621246, "f1-score_std": 0.09572502214437002, "support_mean": 113.1, "support_std": 25.471729426954894}, "macro avg": {"precision_mean": 0.5526544314183598, "precision_std": 0.07525246371644631, "recall_mean": 0.499049845421938, "recall_std": 0.07141808225224602, "f1-score_mean": 0.4810039548023445, "f1-score_std": 0.0700145146122187, "support_mean": 360.0, "support_std": 0.0}, "weighted avg": {"precision_mean": 0.7114721066160574, "precision_std": 0.093403911481968, "recall_mean": 0.6277777777777779, "recall_std": 0.08300862665268852, "f1-score_mean": 0.6251033732941117, "f1-score_std": 0.09032471098227592, "support_mean": 360.0, "support_std": 0.0}}, "timing": {"extractor_fit": "0:00:00.001444", "filtered_features": "0:00:00.000361", "model_training_time": "0:00:00.004371"}, "selected_vocabulary": [["kurtosis", "skew"], ["kurtosis", "skew"], ["kurtosis", "skew"], ["kurtosis", "skew"], ["kurtosis", "skew"], ["kurtosis", "skew"], ["kurtosis", "skew"], ["kurtosis", "skew"], ["age", "skew"], ["kurtosis", "skew"]]}