{"classification_report_train": {"0.0": {"precision_mean": 0.9937541123901893, "precision_std": 0.001490044669956828, "recall_mean": 0.9609692058299106, "recall_std": 0.005333414568137086, "f1-score_mean": 0.9769941739674373, "f1-score_std": 0.0026518094601920474, "support_mean": 2222.1, "support_std": 25.471729426954894}, "1.0": {"precision_mean": 0.9212900707925277, "precision_std": 0.01056853930154779, "recall_mean": 0.9869600868944444, "recall_std": 0.0027221207683819173, "f1-score_mean": 0.9526104126498358, "f1-score_std": 0.005418281933249344, "support_mean": 1017.9, "support_std": 25.471729426954894}, "macro avg": {"precision_mean": 0.9575220915913587, "precision_std": 0.005101946940170876, "recall_mean": 0.9739646463621776, "recall_std": 0.0025457028675814047, "f1-score_mean": 0.9648022933086364, "f1-score_std": 0.0039946734380310895, "support_mean": 3240.0, "support_std": 0.0}, "weighted avg": {"precision_mean": 0.9711962702059596, "precision_std": 0.002987277976476798, "recall_mean": 0.969104938271605, "recall_std": 0.0035226989460717143, "f1-score_mean": 0.9694320764944321, "f1-score_std": 0.003440968311538937, "support_mean": 3240.0, "support_std": 0.0}}, "classification_report_test": {"0.0": {"precision_mean": 0.6681655653802974, "precision_std": 0.09292993266893139, "recall_mean": 0.8042993652320473, "recall_std": 0.0912423383523081, "f1-score_mean": 0.7115078207214698, "f1-score_std": 0.08412031726107924, "support_mean": 246.9, "support_std": 25.471729426954894}, "1.0": {"precision_mean": 0.298665467716854, "precision_std": 0.1241116205525969, "recall_mean": 0.18494411938052174, "recall_std": 0.06188950372380506, "f1-score_mean": 0.20599960692407757, "f1-score_std": 0.0800906165829952, "support_mean": 113.1, "support_std": 25.471729426954894}, "macro avg": {"precision_mean": 0.4834155165485757, "precision_std": 0.07656041259258196, "recall_mean": 0.49462174230628453, "recall_std": 0.06076836971417105, "f1-score_mean": 0.45875371382277363, "f1-score_std": 0.06286608891531396, "support_mean": 360.0, "support_std": 0.0}, "weighted avg": {"precision_mean": 0.6454761933723564, "precision_std": 0.10463333615560326, "recall_mean": 0.6338888888888888, "recall_std": 0.08388226611090831, "f1-score_mean": 0.611554480658819, "f1-score_std": 0.0929644346433391, "support_mean": 360.0, "support_std": 0.0}}, "timing": {"extractor_fit": "0:00:00.627015", "filtered_features": "0:00:00.000565", "model_training_time": "0:00:00.012090"}, "selected_vocabulary": [["mean", "maximum", "skew", "mean_hrt_rate", "std_hrt_rate", "std", "std_R_R", "kurtosis", "age"], ["root_mean_diff_R_R", "maximum", "std", "std_R_R", "std_hrt_rate", "mean_R_R", "skew", "kurtosis", "age"], ["mean_R_R", "mean", "root_mean_diff_R_R", "std", "gender", "std_R_R", "skew", "kurtosis", "age"], ["mean_R_R", "std_R_R", "std_hrt_rate", "gender", "mean_hrt_rate", "std", "skew", "age", "kurtosis"], ["std_R_R", "std", "mean_hrt_rate", "maximum", "std_hrt_rate", "skew", "mean_R_R", "kurtosis", "age"], ["gender", "mean_hrt_rate", "maximum", "std_hrt_rate", "root_mean_diff_R_R", "std", "std_R_R", "kurtosis", "age"], ["std_R_R", "maximum", "mean_hrt_rate", "gender", "skew", "std_hrt_rate", "std", "kurtosis", "age"], ["std_hrt_rate", "mean", "maximum", "mean_hrt_rate", "std", "std_R_R", "kurtosis", "skew", "age"], ["maximum", "root_mean_diff_R_R", "std", "std_hrt_rate", "std_R_R", "gender", "kurtosis", "skew", "age"], ["root_mean_diff_R_R", "std_R_R", "mean", "std", "std_hrt_rate", "gender", "skew", "kurtosis", "age"]]}