{"classification_report_train": {"0.0": {"precision_mean": 0.9922730875021788, "precision_std": 0.0013649944164792005, "recall_mean": 0.9637630639756439, "recall_std": 0.004888308011142364, "f1-score_mean": 0.9777346946611214, "f1-score_std": 0.0024573047918914057, "support_mean": 2222.1, "support_std": 25.471729426954894}, "1.0": {"precision_mean": 0.9253686545038299, "precision_std": 0.010184439847702407, "recall_mean": 0.9832486773836671, "recall_std": 0.0031959125103748418, "f1-score_mean": 0.9531004985996754, "f1-score_std": 0.005542723866375069, "support_mean": 1017.9, "support_std": 25.471729426954894}, "macro avg": {"precision_mean": 0.9588208710030044, "precision_std": 0.005036577555016033, "recall_mean": 0.9735058706796555, "recall_std": 0.0026440403257593573, "f1-score_mean": 0.9654175966303985, "f1-score_std": 0.003967822853545326, "support_mean": 3240.0, "support_std": 0.0}, "weighted avg": {"precision_mean": 0.9715821274895824, "precision_std": 0.0029293805539908685, "recall_mean": 0.9698765432098766, "recall_std": 0.0033813415248307266, "f1-score_mean": 0.9701644929199897, "f1-score_std": 0.003305919932403291, "support_mean": 3240.0, "support_std": 0.0}}, "classification_report_test": {"0.0": {"precision_mean": 0.725469775335861, "precision_std": 0.09200032110833949, "recall_mean": 0.7894039238496202, "recall_std": 0.0881142402703635, "f1-score_mean": 0.7260911087139977, "f1-score_std": 0.07671663841477645, "support_mean": 246.9, "support_std": 25.471729426954894}, "1.0": {"precision_mean": 0.3262982848575716, "precision_std": 0.1213501628347717, "recall_mean": 0.40723886980638735, "recall_std": 0.11958808035848595, "f1-score_mean": 0.2806639570713608, "f1-score_std": 0.09810112480160615, "support_mean": 113.1, "support_std": 25.471729426954894}, "macro avg": {"precision_mean": 0.5258840300967164, "precision_std": 0.07957241190070038, "recall_mean": 0.5983213968280038, "recall_std": 0.06913235088797727, "f1-score_mean": 0.5033775328926792, "f1-score_std": 0.0716176236812657, "support_mean": 360.0, "support_std": 0.0}, "weighted avg": {"precision_mean": 0.6861336304454249, "precision_std": 0.10374800687781464, "recall_mean": 0.6480555555555556, "recall_std": 0.0797585573411142, "f1-score_mean": 0.6332094283609255, "f1-score_std": 0.08884974467738631, "support_mean": 360.0, "support_std": 0.0}}, "timing": {"extractor_fit": "0:00:00.001269", "filtered_features": "0:00:00.000345", "model_training_time": "0:00:00.008227"}, "selected_vocabulary": [["std_R_R", "mean", "minimum", "std", "age", "kurtosis", "skew"], ["std_R_R", "std", "maximum", "minimum", "age", "kurtosis", "skew"], ["maximum", "std", "gender", "minimum", "age", "kurtosis", "skew"], ["maximum", "age", "gender", "std", "minimum", "kurtosis", "skew"], ["std_R_R", "maximum", "std", "minimum", "age", "kurtosis", "skew"], ["std", "std_R_R", "maximum", "minimum", "age", "kurtosis", "skew"], ["maximum", "gender", "std", "minimum", "age", "kurtosis", "skew"], ["mean", "std_R_R", "minimum", "maximum", "age", "kurtosis", "skew"], ["gender", "std", "maximum", "minimum", "kurtosis", "age", "skew"], ["std_R_R", "minimum", "std", "gender", "age", "kurtosis", "skew"]]}