{"classification_report_train": {"0.0": {"precision_mean": 0.9947008422173788, "precision_std": 0.0011874742232024307, "recall_mean": 0.9586505969458916, "recall_std": 0.004217652009979757, "f1-score_mean": 0.9762917649760144, "f1-score_std": 0.002259156079526595, "support_mean": 2222.1, "support_std": 25.471729426954894}, "1.0": {"precision_mean": 0.9163220273960834, "precision_std": 0.008951847898463743, "recall_mean": 0.9892668240453654, "recall_std": 0.0020995573906668927, "f1-score_mean": 0.9511439021898763, "f1-score_std": 0.004848549627010682, "support_mean": 1017.9, "support_std": 25.471729426954894}, "macro avg": {"precision_mean": 0.9555114348067312, "precision_std": 0.004413639528958507, "recall_mean": 0.9739587104956284, "recall_std": 0.002340552232664969, "f1-score_mean": 0.9637178335829454, "f1-score_std": 0.0035138981305728964, "support_mean": 3240.0, "support_std": 0.0}, "weighted avg": {"precision_mean": 0.9703929789762794, "precision_std": 0.002578704766126417, "recall_mean": 0.9681481481481482, "recall_std": 0.0030497200793039086, "f1-score_mean": 0.9685026811209839, "f1-score_std": 0.002974214681967747, "support_mean": 3240.0, "support_std": 0.0}}, "classification_report_test": {"0.0": {"precision_mean": 0.6527165671476306, "precision_std": 0.09361192080904698, "recall_mean": 0.7473714340879795, "recall_std": 0.09643422271760842, "f1-score_mean": 0.6650197309566165, "f1-score_std": 0.07977680937614744, "support_mean": 246.9, "support_std": 25.471729426954894}, "1.0": {"precision_mean": 0.2642913420108103, "precision_std": 0.12291726321564811, "recall_mean": 0.2369947044220942, "recall_std": 0.09292807439023898, "f1-score_mean": 0.14363994707886085, "f1-score_std": 0.05917979703235731, "support_mean": 113.1, "support_std": 25.471729426954894}, "macro avg": {"precision_mean": 0.45850395457922044, "precision_std": 0.06965174740940966, "recall_mean": 0.4921830692550369, "recall_std": 0.054700983717944705, "f1-score_mean": 0.40432983901773867, "f1-score_std": 0.04684227832641793, "support_mean": 360.0, "support_std": 0.0}, "weighted avg": {"precision_mean": 0.6314660799639521, "precision_std": 0.10358924532536179, "recall_mean": 0.5769444444444444, "recall_std": 0.0781519274582022, "f1-score_mean": 0.5521810974490974, "f1-score_std": 0.08635716531434953, "support_mean": 360.0, "support_std": 0.0}}, "timing": {"extractor_fit": "0:00:00.721311", "filtered_features": "0:00:00.000535", "model_training_time": "0:00:00.011141"}, "selected_vocabulary": [["root_mean_diff_R_R", "mean_R_R", "mean_hrt_rate", "std_R_R", "std_hrt_rate", "std", "kurtosis", "age"], ["root_mean_diff_R_R", "maximum", "std_R_R", "std_hrt_rate", "std", "skew", "kurtosis", "age"], ["root_mean_diff_R_R", "mean_hrt_rate", "std", "gender", "std_R_R", "skew", "kurtosis", "age"], ["mean_hrt_rate", "gender", "std_hrt_rate", "std_R_R", "skew", "std", "age", "kurtosis"], ["mean_hrt_rate", "std", "std_hrt_rate", "maximum", "skew", "mean_R_R", "age", "kurtosis"], ["mean_R_R", "mean_hrt_rate", "std_hrt_rate", "maximum", "std", "std_R_R", "kurtosis", "age"], ["mean", "maximum", "mean_hrt_rate", "std_hrt_rate", "skew", "std", "kurtosis", "age"], ["mean_hrt_rate", "mean", "std_hrt_rate", "std_R_R", "std", "kurtosis", "skew", "age"], ["root_mean_diff_R_R", "std_R_R", "mean_R_R", "gender", "kurtosis", "std_hrt_rate", "skew", "age"], ["std_R_R", "maximum", "std_hrt_rate", "gender", "std", "skew", "kurtosis", "age"]]}