{"classification_report_train": {"0.0": {"precision_mean": 0.9909089173252216, "precision_std": 0.0012599371562527293, "recall_mean": 0.9646077746257552, "recall_std": 0.00521750857748746, "f1-score_mean": 0.9774884810196376, "f1-score_std": 0.002414576909900492, "support_mean": 2222.1, "support_std": 25.471729426954894}, "1.0": {"precision_mean": 0.9267751543439433, "precision_std": 0.010747913453493458, "recall_mean": 0.9806329439344678, "recall_std": 0.0025724172257431243, "f1-score_mean": 0.9525412616700706, "f1-score_std": 0.005233751808326519, "support_mean": 1017.9, "support_std": 25.471729426954894}, "macro avg": {"precision_mean": 0.9588420358345825, "precision_std": 0.005071727747471842, "recall_mean": 0.9726203592801115, "recall_std": 0.002248746728546985, "f1-score_mean": 0.9650148713448541, "f1-score_std": 0.0037827005257761058, "support_mean": 3240.0, "support_std": 0.0}, "weighted avg": {"precision_mean": 0.9711802795142012, "precision_std": 0.0028259507187635563, "recall_mean": 0.969537037037037, "recall_std": 0.003261996722638342, "f1-score_mean": 0.9698173594702306, "f1-score_std": 0.0031867250743634196, "support_mean": 3240.0, "support_std": 0.0}}, "classification_report_test": {"0.0": {"precision_mean": 0.691102862979436, "precision_std": 0.10040842121878435, "recall_mean": 0.743056623414805, "recall_std": 0.09675113362707385, "f1-score_mean": 0.6865849733915759, "f1-score_std": 0.08651451364724629, "support_mean": 246.9, "support_std": 25.471729426954894}, "1.0": {"precision_mean": 0.28043797576692314, "precision_std": 0.10899613128664978, "recall_mean": 0.42249039873364697, "recall_std": 0.12450604472254446, "f1-score_mean": 0.2355021414958339, "f1-score_std": 0.0966817813708334, "support_mean": 113.1, "support_std": 25.471729426954894}, "macro avg": {"precision_mean": 0.4857704193731795, "precision_std": 0.08654398502831308, "recall_mean": 0.5827735110742259, "recall_std": 0.08282591519646679, "f1-score_mean": 0.4610435574437049, "f1-score_std": 0.07700813908047971, "support_mean": 360.0, "support_std": 0.0}, "weighted avg": {"precision_mean": 0.6234284262433183, "precision_std": 0.11316848011958387, "recall_mean": 0.6052777777777778, "recall_std": 0.08772981284448517, "f1-score_mean": 0.5852645164453248, "f1-score_std": 0.09861715340972539, "support_mean": 360.0, "support_std": 0.0}}, "timing": {"extractor_fit": "0:00:00.716143", "filtered_features": "0:00:00.000593", "model_training_time": "0:00:00.007314"}, "selected_vocabulary": [["std_hrt_rate", "std", "std_R_R", "kurtosis", "age"], ["std_R_R", "skew", "std_hrt_rate", "age", "kurtosis"], ["std_R_R", "gender", "skew", "kurtosis", "age"], ["mean_hrt_rate", "std", "skew", "kurtosis", "age"], ["maximum", "skew", "mean_R_R", "age", "kurtosis"], ["gender", "std", "std_R_R", "kurtosis", "age"], ["mean_hrt_rate", "std", "skew", "kurtosis", "age"], ["std_hrt_rate", "std", "kurtosis", "skew", "age"], ["std_R_R", "gender", "kurtosis", "skew", "age"], ["skew", "gender", "std", "kurtosis", "age"]]}