{"classification_report_train": {"0.0": {"precision_mean": 0.9934445871301625, "precision_std": 0.0016702146059368987, "recall_mean": 0.9602096044991677, "recall_std": 0.006130445313953231, "f1-score_mean": 0.976419962809733, "f1-score_std": 0.002973627332259878, "support_mean": 2222.1, "support_std": 25.471729426954894}, "1.0": {"precision_mean": 0.9195397214094438, "precision_std": 0.012525527199370038, "recall_mean": 0.9865736664734154, "recall_std": 0.00304269341007689, "f1-score_mean": 0.9513385098116516, "f1-score_std": 0.006286980721052479, "support_mean": 1017.9, "support_std": 25.471729426954894}, "macro avg": {"precision_mean": 0.956492154269803, "precision_std": 0.0059877171146903605, "recall_mean": 0.9733916354862917, "recall_std": 0.002882715818568176, "f1-score_mean": 0.9638792363106923, "f1-score_std": 0.004599896754747831, "support_mean": 3240.0, "support_std": 0.0}, "weighted avg": {"precision_mean": 0.9706400419632987, "precision_std": 0.0034503411895876637, "recall_mean": 0.9683024691358024, "recall_std": 0.004010220234769147, "f1-score_mean": 0.9686658075234318, "f1-score_std": 0.003917522428964318, "support_mean": 3240.0, "support_std": 0.0}}, "classification_report_test": {"0.0": {"precision_mean": 0.6960425661744929, "precision_std": 0.08808442863418947, "recall_mean": 0.7887001584252131, "recall_std": 0.08864369752974577, "f1-score_mean": 0.7061697893341558, "f1-score_std": 0.07163162829246873, "support_mean": 246.9, "support_std": 25.471729426954894}, "1.0": {"precision_mean": 0.31616558572958503, "precision_std": 0.12279191273949053, "recall_mean": 0.3651277817216581, "recall_std": 0.11346547549446913, "f1-score_mean": 0.23941412875400747, "f1-score_std": 0.08113239688855436, "support_mean": 113.1, "support_std": 25.471729426954894}, "macro avg": {"precision_mean": 0.506104075952039, "precision_std": 0.07407859180449959, "recall_mean": 0.5769139700734357, "recall_std": 0.06322167131693901, "f1-score_mean": 0.4727919590440816, "f1-score_std": 0.06070710381950709, "support_mean": 360.0, "support_std": 0.0}, "weighted avg": {"precision_mean": 0.6665976451146485, "precision_std": 0.1031318566219339, "recall_mean": 0.6180555555555556, "recall_std": 0.07555478962030071, "f1-score_mean": 0.6007666668290269, "f1-score_std": 0.08457771887307933, "support_mean": 360.0, "support_std": 0.0}}, "timing": {"extractor_fit": "0:00:00.104208", "filtered_features": "0:00:00.000420", "model_training_time": "0:00:00.011351"}, "selected_vocabulary": [["minimum", "mean_hrt_rate", "std", "root_mean_diff_R_R", "mean_R_R", "kurtosis", "std_R_R", "skew", "age"], ["std_R_R", "minimum", "mean_hrt_rate", "std", "mean_R_R", "root_mean_diff_R_R", "kurtosis", "skew", "age"], ["std_R_R", "minimum", "mean_hrt_rate", "std", "mean_R_R", "root_mean_diff_R_R", "kurtosis", "skew", "age"], ["mean_hrt_rate", "maximum", "mean_R_R", "root_mean_diff_R_R", "std", "minimum", "skew", "kurtosis", "age"], ["std_R_R", "minimum", "mean_hrt_rate", "mean_R_R", "root_mean_diff_R_R", "std", "skew", "kurtosis", "age"], ["minimum", "mean_hrt_rate", "root_mean_diff_R_R", "mean_R_R", "std", "std_R_R", "kurtosis", "skew", "age"], ["maximum", "minimum", "mean_hrt_rate", "mean_R_R", "root_mean_diff_R_R", "std", "kurtosis", "skew", "age"], ["mean_R_R", "minimum", "std", "maximum", "root_mean_diff_R_R", "std_R_R", "kurtosis", "skew", "age"], ["maximum", "minimum", "std", "mean_hrt_rate", "mean_R_R", "root_mean_diff_R_R", "kurtosis", "skew", "age"], ["std_R_R", "minimum", "mean_hrt_rate", "mean_R_R", "root_mean_diff_R_R", "skew", "kurtosis", "std", "age"]]}