{"classification_report_train": {"0.0": {"precision_mean": 0.9457767237013315, "precision_std": 0.00896628292466045, "recall_mean": 0.8827834620656276, "recall_std": 0.011196359158246448, "f1-score_mean": 0.9129778675745543, "f1-score_std": 0.009288771650515056, "support_mean": 2222.1, "support_std": 25.471729426954894}, "1.0": {"precision_mean": 0.7809621570848878, "precision_std": 0.014625416908977796, "recall_mean": 0.8938277263267349, "recall_std": 0.014611046991319775, "f1-score_mean": 0.8329077890752714, "f1-score_std": 0.012697988355236736, "support_mean": 1017.9, "support_std": 25.471729426954894}, "macro avg": {"precision_mean": 0.8633694403931095, "precision_std": 0.010419725025963287, "recall_mean": 0.8883055941961813, "recall_std": 0.011430147806998189, "f1-score_mean": 0.8729428283249128, "f1-score_std": 0.010914760242305763, "support_mean": 3240.0, "support_std": 0.0}, "weighted avg": {"precision_mean": 0.8941700805396767, "precision_std": 0.01042983503161241, "recall_mean": 0.885895061728395, "recall_std": 0.01091266981985458, "f1-score_mean": 0.88775454441643, "f1-score_std": 0.010769572019630233, "support_mean": 3240.0, "support_std": 0.0}}, "classification_report_test": {"0.0": {"precision_mean": 0.724429333808453, "precision_std": 0.09302372315964447, "recall_mean": 0.6865818322273438, "recall_std": 0.08592872913032344, "f1-score_mean": 0.6732892226586223, "f1-score_std": 0.07299507578277703, "support_mean": 246.9, "support_std": 25.471729426954894}, "1.0": {"precision_mean": 0.44328307899597397, "precision_std": 0.12977243606328853, "recall_mean": 0.5443890292518336, "recall_std": 0.1275989957807673, "f1-score_mean": 0.30850997024962773, "f1-score_std": 0.10196339240128997, "support_mean": 113.1, "support_std": 25.471729426954894}, "macro avg": {"precision_mean": 0.5838562064022135, "precision_std": 0.0753092971713045, "recall_mean": 0.6154854307395887, "recall_std": 0.0855888722341153, "f1-score_mean": 0.49089959645412506, "f1-score_std": 0.07643274752030958, "support_mean": 360.0, "support_std": 0.0}, "weighted avg": {"precision_mean": 0.7505489472559936, "precision_std": 0.08693948701253951, "recall_mean": 0.5836111111111111, "recall_std": 0.07311357012075437, "f1-score_mean": 0.6075548039163052, "f1-score_std": 0.07997190943104267, "support_mean": 360.0, "support_std": 0.0}}, "timing": {"extractor_fit": "0:00:00.595697", "filtered_features": "-1 day, 23:59:59.999989", "model_training_time": "0:00:00.006161"}, "selected_vocabulary": [["maximum", "std", "mean_R_R"], ["root_mean_diff_R_R", "std", "kurtosis"], ["kurtosis", "std_hrt_rate", "std_R_R"], ["std", "gender", "maximum"], ["std", "mean", "std_hrt_rate"], ["std_R_R", "std_hrt_rate", "gender"], ["mean_hrt_rate", "root_mean_diff_R_R", "mean"], ["skew", "kurtosis", "std_hrt_rate"], ["kurtosis", "gender", "root_mean_diff_R_R"], ["skew", "mean_hrt_rate", "maximum"]]}