{"classification_report_train": {"0.0": {"precision_mean": 0.9862450432297292, "precision_std": 0.0012480905912223726, "recall_mean": 0.9572772197154128, "recall_std": 0.006972823334374196, "f1-score_mean": 0.9713880819858416, "f1-score_std": 0.0033479918933430734, "support_mean": 2222.1, "support_std": 25.471729426954894}, "1.0": {"precision_mean": 0.9137332305566848, "precision_std": 0.01291525172750862, "recall_mean": 0.9701705350913936, "recall_std": 0.0034196447543818113, "f1-score_mean": 0.940495321555902, "f1-score_std": 0.006415252196187521, "support_mean": 1017.9, "support_std": 25.471729426954894}, "macro avg": {"precision_mean": 0.9499891368932069, "precision_std": 0.006165829866916651, "recall_mean": 0.9637238774034032, "recall_std": 0.002960103266310047, "f1-score_mean": 0.9559417017708718, "f1-score_std": 0.00481220303059011, "support_mean": 3240.0, "support_std": 0.0}, "weighted avg": {"precision_mean": 0.9636494152237866, "precision_std": 0.0035683931597345034, "recall_mean": 0.9614814814814816, "recall_std": 0.004327992558384208, "f1-score_mean": 0.9618594190503756, "f1-score_std": 0.004206539913930754, "support_mean": 3240.0, "support_std": 0.0}}, "classification_report_test": {"0.0": {"precision_mean": 0.6923474547012745, "precision_std": 0.10009113579231851, "recall_mean": 0.8079476019175882, "recall_std": 0.09777483004136525, "f1-score_mean": 0.7070344844767454, "f1-score_std": 0.083001396957016, "support_mean": 246.9, "support_std": 25.471729426954894}, "1.0": {"precision_mean": 0.1602577868879712, "precision_std": 0.08825466083413731, "recall_mean": 0.22040627356223513, "recall_std": 0.12396114654141582, "f1-score_mean": 0.11865313132516422, "f1-score_std": 0.07814559597783689, "support_mean": 113.1, "support_std": 25.471729426954894}, "macro avg": {"precision_mean": 0.42630262079462283, "precision_std": 0.07124563733401683, "recall_mean": 0.5141769377399117, "recall_std": 0.06340155108146664, "f1-score_mean": 0.4128438079009548, "f1-score_std": 0.0595710077867075, "support_mean": 360.0, "support_std": 0.0}, "weighted avg": {"precision_mean": 0.5988380294094342, "precision_std": 0.1102400247657264, "recall_mean": 0.6222222222222223, "recall_std": 0.0870149696217358, "f1-score_mean": 0.5680503590599036, "f1-score_std": 0.0979235179606961, "support_mean": 360.0, "support_std": 0.0}}, "timing": {"extractor_fit": "0:00:00.843579", "filtered_features": "0:00:00.000609", "model_training_time": "0:00:00.005166"}, "selected_vocabulary": [["skew", "kurtosis", "age"], ["skew", "kurtosis", "age"], ["skew", "kurtosis", "age"], ["std", "age", "kurtosis"], ["mean_R_R", "age", "kurtosis"], ["std_R_R", "kurtosis", "age"], ["std", "kurtosis", "age"], ["std", "skew", "age"], ["kurtosis", "skew", "age"], ["skew", "kurtosis", "age"]]}