{"classification_report_train": {"0.0": {"precision_mean": 0.994750978088659, "precision_std": 0.0014593195677261273, "recall_mean": 0.9572415681085505, "recall_std": 0.005797878907028204, "f1-score_mean": 0.9755298104394781, "f1-score_std": 0.002929461236474053, "support_mean": 2222.1, "support_std": 25.471729426954894}, "1.0": {"precision_mean": 0.913295923495516, "precision_std": 0.012149664005113046, "recall_mean": 0.9891358287016286, "recall_std": 0.002722285364432934, "f1-score_mean": 0.9492215164483465, "f1-score_std": 0.006475838374643904, "support_mean": 1017.9, "support_std": 25.471729426954894}, "macro avg": {"precision_mean": 0.9540234507920875, "precision_std": 0.005923119266628273, "recall_mean": 0.9731886984050895, "recall_std": 0.002895991517668243, "f1-score_mean": 0.9623756634439123, "f1-score_std": 0.004679203305070615, "support_mean": 3240.0, "support_std": 0.0}, "weighted avg": {"precision_mean": 0.9697221455968927, "precision_std": 0.0032967512581786955, "recall_mean": 0.9670370370370371, "recall_std": 0.0040210731293295245, "f1-score_mean": 0.967453726917145, "f1-score_std": 0.003906909385987608, "support_mean": 3240.0, "support_std": 0.0}}, "classification_report_test": {"0.0": {"precision_mean": 0.6956619396377937, "precision_std": 0.08219993859429987, "recall_mean": 0.8055076116025178, "recall_std": 0.08408988772464922, "f1-score_mean": 0.7202308961562698, "f1-score_std": 0.07010198960543211, "support_mean": 246.9, "support_std": 25.471729426954894}, "1.0": {"precision_mean": 0.3017052440445732, "precision_std": 0.11675615131929351, "recall_mean": 0.31638868924525887, "recall_std": 0.09647083092691276, "f1-score_mean": 0.23943109334476248, "f1-score_std": 0.08027419937309739, "support_mean": 113.1, "support_std": 25.471729426954894}, "macro avg": {"precision_mean": 0.49868359184118355, "precision_std": 0.06982239526726838, "recall_mean": 0.5609481504238883, "recall_std": 0.05660768561414922, "f1-score_mean": 0.4798309947505161, "f1-score_std": 0.056357005901113, "support_mean": 360.0, "support_std": 0.0}, "weighted avg": {"precision_mean": 0.6562275568016623, "precision_std": 0.1005373399007816, "recall_mean": 0.6427777777777778, "recall_std": 0.07601900347208511, "f1-score_mean": 0.616893349628145, "f1-score_std": 0.08603241399127032, "support_mean": 360.0, "support_std": 0.0}}, "timing": {"extractor_fit": "0:00:01.676080", "filtered_features": "-1 day, 23:59:59.999989", "model_training_time": "0:00:00.012932"}, "selected_vocabulary": [["maximum", "std", "mean_R_R", "minimum", "age", "kurtosis", "root_mean_diff_R_R", "mean", "std_R_R", "gender", "std_hrt_rate"], ["root_mean_diff_R_R", "std", "kurtosis", "skew", "maximum", "std_hrt_rate", "age", "gender", "minimum", "mean_R_R", "mean_hrt_rate"], ["kurtosis", "std_hrt_rate", "std_R_R", "age", "mean_R_R", "maximum", "mean", "mean_hrt_rate", "gender", "skew", "std"], ["minimum", "gender", "std_R_R", "std_hrt_rate", "mean", "maximum", "mean_R_R", "mean_hrt_rate", "kurtosis", "std", "age"], ["std", "mean", "std_hrt_rate", "skew", "gender", "std_R_R", "maximum", "minimum", "mean_hrt_rate", "root_mean_diff_R_R", "age"], ["std_R_R", "std_hrt_rate", "gender", "age", "mean_hrt_rate", "maximum", "mean_R_R", "kurtosis", "std", "mean", "root_mean_diff_R_R"], ["mean_hrt_rate", "root_mean_diff_R_R", "mean", "maximum", "minimum", "kurtosis", "std_R_R", "std_hrt_rate", "gender", "age", "std"], ["skew", "kurtosis", "std_hrt_rate", "age", "root_mean_diff_R_R", "minimum", "mean_R_R", "gender", "mean_hrt_rate", "std_R_R", "std"], ["kurtosis", "maximum", "gender", "std_hrt_rate", "age", "std", "mean_hrt_rate", "root_mean_diff_R_R", "std_R_R", "minimum", "mean"], ["skew", "mean_hrt_rate", "maximum", "age", "std_hrt_rate", "root_mean_diff_R_R", "minimum", "mean", "gender", "mean_R_R", "std"]]}