{"classification_report_train": {"0.0": {"precision_mean": 0.994253286745959, "precision_std": 0.001404641083998126, "recall_mean": 0.9620900985547133, "recall_std": 0.004440980745080633, "f1-score_mean": 0.9778438005993795, "f1-score_std": 0.002242851221040248, "support_mean": 2222.1, "support_std": 25.471729426954894}, "1.0": {"precision_mean": 0.923412927513489, "precision_std": 0.00906199838229887, "recall_mean": 0.9880664062263842, "recall_std": 0.002590640932990727, "f1-score_mean": 0.9543665313589142, "f1-score_std": 0.004643528494467137, "support_mean": 1017.9, "support_std": 25.471729426954894}, "macro avg": {"precision_mean": 0.9588331071297242, "precision_std": 0.004401203808682362, "recall_mean": 0.9750782523905487, "recall_std": 0.0022542400122865527, "f1-score_mean": 0.9661051659791469, "f1-score_std": 0.0034004492790396536, "support_mean": 3240.0, "support_std": 0.0}, "weighted avg": {"precision_mean": 0.9721379889633109, "precision_std": 0.0026310673115621823, "recall_mean": 0.9702469135802471, "recall_std": 0.0029864041869768197, "f1-score_mean": 0.9705436471908587, "f1-score_std": 0.002928976747087532, "support_mean": 3240.0, "support_std": 0.0}}, "classification_report_test": {"0.0": {"precision_mean": 0.6759844760895941, "precision_std": 0.09566374604493226, "recall_mean": 0.7686962133344177, "recall_std": 0.09369978587030499, "f1-score_mean": 0.690671873946317, "f1-score_std": 0.08151591104286578, "support_mean": 246.9, "support_std": 25.471729426954894}, "1.0": {"precision_mean": 0.309339941160598, "precision_std": 0.12052733574603308, "recall_mean": 0.34303318444572806, "recall_std": 0.10534277178138085, "f1-score_mean": 0.23447684863017235, "f1-score_std": 0.07742540282245461, "support_mean": 113.1, "support_std": 25.471729426954894}, "macro avg": {"precision_mean": 0.492662208625096, "precision_std": 0.07649817909886478, "recall_mean": 0.555864698890073, "recall_std": 0.0672344841236517, "f1-score_mean": 0.4625743612882447, "f1-score_std": 0.06333762918273217, "support_mean": 360.0, "support_std": 0.0}, "weighted avg": {"precision_mean": 0.6527758067561578, "precision_std": 0.10668110352806098, "recall_mean": 0.6075, "recall_std": 0.0811872264629156, "f1-score_mean": 0.5932505490190431, "f1-score_std": 0.08947830433948217, "support_mean": 360.0, "support_std": 0.0}}, "timing": {"extractor_fit": "0:00:00.825142", "filtered_features": "0:00:00.000618", "model_training_time": "0:00:00.015790"}, "selected_vocabulary": [["minimum", "mean_hrt_rate", "mean", "maximum", "mean_R_R", "root_mean_diff_R_R", "std_R_R", "skew", "std_hrt_rate", "std", "kurtosis", "age"], ["gender", "minimum", "mean", "root_mean_diff_R_R", "mean_hrt_rate", "std_R_R", "std_hrt_rate", "maximum", "std", "skew", "age", "kurtosis"], ["maximum", "mean", "mean_hrt_rate", "mean_R_R", "root_mean_diff_R_R", "std", "std_hrt_rate", "std_R_R", "gender", "skew", "kurtosis", "age"], ["mean", "gender", "root_mean_diff_R_R", "mean_R_R", "maximum", "std_R_R", "std_hrt_rate", "mean_hrt_rate", "skew", "std", "age", "kurtosis"], ["minimum", "std_R_R", "std_hrt_rate", "gender", "std", "mean_hrt_rate", "maximum", "root_mean_diff_R_R", "mean_R_R", "skew", "kurtosis", "age"], ["minimum", "mean_hrt_rate", "skew", "maximum", "mean_R_R", "std_hrt_rate", "root_mean_diff_R_R", "gender", "std", "std_R_R", "kurtosis", "age"], ["mean_R_R", "mean", "root_mean_diff_R_R", "std_hrt_rate", "std_R_R", "maximum", "gender", "skew", "mean_hrt_rate", "std", "kurtosis", "age"], ["mean_R_R", "root_mean_diff_R_R", "gender", "mean", "maximum", "std_hrt_rate", "mean_hrt_rate", "std_R_R", "kurtosis", "std", "skew", "age"], ["minimum", "mean", "maximum", "gender", "mean_R_R", "std_R_R", "mean_hrt_rate", "std", "kurtosis", "std_hrt_rate", "skew", "age"], ["mean_R_R", "mean", "root_mean_diff_R_R", "maximum", "std_hrt_rate", "mean_hrt_rate", "std_R_R", "std", "skew", "gender", "kurtosis", "age"]]}