{"classification_report_train": {"0.0": {"precision_mean": 0.9259135076017362, "precision_std": 0.008092821630859124, "recall_mean": 0.8350020416112726, "recall_std": 0.013310834686183177, "f1-score_mean": 0.8773765645913784, "f1-score_std": 0.008137024781991638, "support_mean": 2222.1, "support_std": 25.471729426954894}, "1.0": {"precision_mean": 0.7065083935192452, "precision_std": 0.016276353638728414, "recall_mean": 0.8550958618403024, "recall_std": 0.014639389038907458, "f1-score_mean": 0.7717086921271594, "f1-score_std": 0.00942514008132948, "support_mean": 1017.9, "support_std": 25.471729426954894}, "macro avg": {"precision_mean": 0.8162109505604909, "precision_std": 0.008293486032923153, "recall_mean": 0.8450489517257875, "recall_std": 0.008398787996809718, "f1-score_mean": 0.824542628359269, "f1-score_std": 0.008342720920906663, "support_mean": 3240.0, "support_std": 0.0}, "weighted avg": {"precision_mean": 0.8578673175974941, "precision_std": 0.007560147970270503, "recall_mean": 0.8409876543209875, "recall_std": 0.008668807550986654, "f1-score_mean": 0.8445086883877762, "f1-score_std": 0.008389695850505292, "support_mean": 3240.0, "support_std": 0.0}}, "classification_report_test": {"0.0": {"precision_mean": 0.7126231076877374, "precision_std": 0.11368351597796174, "recall_mean": 0.5348581446347613, "recall_std": 0.08935512649689208, "f1-score_mean": 0.5926150448165981, "f1-score_std": 0.09219081935387735, "support_mean": 246.9, "support_std": 25.471729426954894}, "1.0": {"precision_mean": 0.3242119615882338, "precision_std": 0.1060474276971681, "recall_mean": 0.5559395462225905, "recall_std": 0.11602905549377378, "f1-score_mean": 0.3296902174448987, "f1-score_std": 0.10630943977065015, "support_mean": 113.1, "support_std": 25.471729426954894}, "macro avg": {"precision_mean": 0.5184175346379857, "precision_std": 0.08542948737135195, "recall_mean": 0.5453988454286759, "recall_std": 0.0927853044716771, "f1-score_mean": 0.46115263113074834, "f1-score_std": 0.08393239873471654, "support_mean": 360.0, "support_std": 0.0}, "weighted avg": {"precision_mean": 0.6849417746840334, "precision_std": 0.10424830297364618, "recall_mean": 0.5419444444444445, "recall_std": 0.08666795761146798, "f1-score_mean": 0.5799630186924714, "f1-score_std": 0.0904720169655938, "support_mean": 360.0, "support_std": 0.0}}, "timing": {"extractor_fit": "0:00:00.402249", "filtered_features": "-1 day, 23:59:59.999990", "model_training_time": "0:00:00.004805"}, "selected_vocabulary": [["maximum", "std"], ["root_mean_diff_R_R", "std"], ["kurtosis", "std_hrt_rate"], ["minimum", "std_hrt_rate"], ["std", "mean"], ["std_R_R", "std_hrt_rate"], ["mean_hrt_rate", "root_mean_diff_R_R"], ["skew", "kurtosis"], ["kurtosis", "maximum"], ["skew", "mean_hrt_rate"]]}