{"classification_report_train": {"0.0": {"precision_mean": 0.9914617430903198, "precision_std": 0.0018081186019391377, "recall_mean": 0.9652678467836658, "recall_std": 0.006106986653308098, "f1-score_mean": 0.9780867379312065, "f1-score_std": 0.0033428914925451897, "support_mean": 2222.1, "support_std": 25.471729426954894}, "1.0": {"precision_mean": 0.9293054011200317, "precision_std": 0.011920871614836917, "recall_mean": 0.9820204673411099, "recall_std": 0.0035439820493835266, "f1-score_mean": 0.9544930441434559, "f1-score_std": 0.0065708311445154865, "support_mean": 1017.9, "support_std": 25.471729426954894}, "macro avg": {"precision_mean": 0.9603835721051757, "precision_std": 0.006026420158082987, "recall_mean": 0.9736441570623878, "recall_std": 0.0035201708327338393, "f1-score_mean": 0.9662898910373311, "f1-score_std": 0.00492735899926648, "support_mean": 3240.0, "support_std": 0.0}, "weighted avg": {"precision_mean": 0.9721479441116146, "precision_std": 0.0038470082188060534, "recall_mean": 0.9704938271604938, "recall_std": 0.004404873567038476, "f1-score_mean": 0.9707724795927284, "f1-score_std": 0.004311558222706065, "support_mean": 3240.0, "support_std": 0.0}}, "classification_report_test": {"0.0": {"precision_mean": 0.6660586772549474, "precision_std": 0.0936182615873359, "recall_mean": 0.8589353721788202, "recall_std": 0.09149147808408206, "f1-score_mean": 0.7296511868859049, "f1-score_std": 0.08412646678746837, "support_mean": 246.9, "support_std": 25.471729426954894}, "1.0": {"precision_mean": 0.2415494630226728, "precision_std": 0.11799142865101485, "recall_mean": 0.16425254894698396, "recall_std": 0.06643955686926865, "f1-score_mean": 0.16664822839699894, "f1-score_std": 0.0736318382437844, "support_mean": 113.1, "support_std": 25.471729426954894}, "macro avg": {"precision_mean": 0.4538040701388101, "precision_std": 0.07780859992721745, "recall_mean": 0.5115939605629021, "recall_std": 0.06251117605864065, "f1-score_mean": 0.4481497076414519, "f1-score_std": 0.06318322599696748, "support_mean": 360.0, "support_std": 0.0}, "weighted avg": {"precision_mean": 0.6113630101609991, "precision_std": 0.11114540027883923, "recall_mean": 0.6436111111111111, "recall_std": 0.08515694479555722, "f1-score_mean": 0.5971159428707502, "f1-score_std": 0.09810887398863836, "support_mean": 360.0, "support_std": 0.0}}, "timing": {"extractor_fit": "0:00:01.320158", "filtered_features": "-1 day, 23:59:59.999989", "model_training_time": "0:00:00.009806"}, "selected_vocabulary": [["maximum", "std", "mean_R_R", "minimum", "age", "root_mean_diff_R_R", "kurtosis", "mean"], ["root_mean_diff_R_R", "std", "kurtosis", "skew", "maximum", "std_hrt_rate", "age", "gender"], ["kurtosis", "std_hrt_rate", "std_R_R", "age", "mean_R_R", "maximum", "gender", "root_mean_diff_R_R"], ["minimum", "gender", "kurtosis", "age", "mean_R_R", "mean_hrt_rate", "std", "maximum"], ["std", "mean", "maximum", "std_hrt_rate", "gender", "skew", "minimum", "std_R_R"], ["std_R_R", "std_hrt_rate", "gender", "age", "mean_hrt_rate", "maximum", "mean_R_R", "kurtosis"], ["mean_hrt_rate", "root_mean_diff_R_R", "maximum", "mean", "minimum", "kurtosis", "age", "std_hrt_rate"], ["skew", "kurtosis", "std_hrt_rate", "age", "std", "minimum", "mean_R_R", "gender"], ["kurtosis", "gender", "root_mean_diff_R_R", "std_hrt_rate", "mean_R_R", "std", "skew", "age"], ["skew", "mean_hrt_rate", "age", "kurtosis", "root_mean_diff_R_R", "gender", "mean_R_R", "std_hrt_rate"]]}