{"classification_report_train": {"0.0": {"precision_mean": 0.984750697665181, "precision_std": 0.0014690995698519067, "recall_mean": 0.9555443393626541, "recall_std": 0.010448941805736299, "f1-score_mean": 0.9695675024256047, "f1-score_std": 0.005060767481781306, "support_mean": 2222.1, "support_std": 25.471729426954894}, "1.0": {"precision_mean": 0.9121165484211085, "precision_std": 0.01845119497602417, "recall_mean": 0.9670526072786423, "recall_std": 0.00367182306292737, "f1-score_mean": 0.9375017253455379, "f1-score_std": 0.009347539422049727, "support_mean": 1017.9, "support_std": 25.471729426954894}, "macro avg": {"precision_mean": 0.9484336230431445, "precision_std": 0.008716582925970882, "recall_mean": 0.9612984733206481, "recall_std": 0.004151895921898879, "f1-score_mean": 0.9535346138855714, "f1-score_std": 0.007161962401967695, "support_mean": 3240.0, "support_std": 0.0}, "weighted avg": {"precision_mean": 0.9622447857994928, "precision_std": 0.0048482001918348965, "recall_mean": 0.9591975308641976, "recall_std": 0.006539394415171581, "f1-score_mean": 0.9596847096044829, "f1-score_std": 0.006281228630628543, "support_mean": 3240.0, "support_std": 0.0}}, "classification_report_test": {"0.0": {"precision_mean": 0.6813350555991452, "precision_std": 0.09926820734258518, "recall_mean": 0.8017098156735285, "recall_std": 0.09615654443821477, "f1-score_mean": 0.7075265105002495, "f1-score_std": 0.08643507936171797, "support_mean": 246.9, "support_std": 25.471729426954894}, "1.0": {"precision_mean": 0.32261658639872753, "precision_std": 0.12586586023482318, "recall_mean": 0.24399903548969304, "recall_std": 0.11659590069459216, "f1-score_mean": 0.1613379470045553, "f1-score_std": 0.08763258350225393, "support_mean": 113.1, "support_std": 25.471729426954894}, "macro avg": {"precision_mean": 0.5019758209989365, "precision_std": 0.0769370060617034, "recall_mean": 0.5228544255816108, "recall_std": 0.07161034678880143, "f1-score_mean": 0.4344322287524024, "f1-score_std": 0.06902164070749522, "support_mean": 360.0, "support_std": 0.0}, "weighted avg": {"precision_mean": 0.6743426299674201, "precision_std": 0.10203776600906292, "recall_mean": 0.6208333333333333, "recall_std": 0.08979851417561512, "f1-score_mean": 0.5862443061571113, "f1-score_std": 0.09896312861758931, "support_mean": 360.0, "support_std": 0.0}}, "timing": {"extractor_fit": "0:00:00.102912", "filtered_features": "0:00:00.000455", "model_training_time": "0:00:00.004298"}, "selected_vocabulary": [["std_R_R", "skew", "age"], ["kurtosis", "skew", "age"], ["kurtosis", "skew", "age"], ["skew", "kurtosis", "age"], ["skew", "kurtosis", "age"], ["kurtosis", "skew", "age"], ["kurtosis", "skew", "age"], ["kurtosis", "skew", "age"], ["kurtosis", "skew", "age"], ["kurtosis", "std", "age"]]}