{"classification_report_train": {"0.0": {"precision_mean": 0.9834612445761355, "precision_std": 0.00262003625196858, "recall_mean": 0.9438915995244459, "recall_std": 0.012331924821553802, "f1-score_mean": 0.9628573618091849, "f1-score_std": 0.006770254611118792, "support_mean": 2222.1, "support_std": 25.471729426954894}, "1.0": {"precision_mean": 0.8902096309432569, "precision_std": 0.022965349770858134, "recall_mean": 0.9647688574360236, "recall_std": 0.0059150266989401, "f1-score_mean": 0.9244462122731418, "f1-score_std": 0.013446840374620456, "support_mean": 1017.9, "support_std": 25.471729426954894}, "macro avg": {"precision_mean": 0.9368354377596961, "precision_std": 0.01176339836755283, "recall_mean": 0.9543302284802347, "recall_std": 0.007112479595593258, "f1-score_mean": 0.9436517870411635, "f1-score_std": 0.01007743648487769, "support_mean": 3240.0, "support_std": 0.0}, "weighted avg": {"precision_mean": 0.9548660291552767, "precision_std": 0.00726364583911173, "recall_mean": 0.9503086419753087, "recall_std": 0.008984715806425793, "f1-score_mean": 0.9510988546106113, "f1-score_std": 0.00867032720014892, "support_mean": 3240.0, "support_std": 0.0}}, "classification_report_test": {"0.0": {"precision_mean": 0.6784710256361668, "precision_std": 0.10320104177436432, "recall_mean": 0.7539607264051863, "recall_std": 0.09684179129832038, "f1-score_mean": 0.6785815951304992, "f1-score_std": 0.08487388069588005, "support_mean": 246.9, "support_std": 25.471729426954894}, "1.0": {"precision_mean": 0.16299803097832655, "precision_std": 0.08775713296314701, "recall_mean": 0.2298747121004411, "recall_std": 0.12329043124970446, "f1-score_mean": 0.12043571292656645, "f1-score_std": 0.07780422037209, "support_mean": 113.1, "support_std": 25.471729426954894}, "macro avg": {"precision_mean": 0.42073452830724667, "precision_std": 0.07231280280974622, "recall_mean": 0.4919177192528137, "recall_std": 0.06687504958975911, "f1-score_mean": 0.39950865402853286, "f1-score_std": 0.060923428374051784, "support_mean": 360.0, "support_std": 0.0}, "weighted avg": {"precision_mean": 0.5936660732691617, "precision_std": 0.11175345606932284, "recall_mean": 0.5911111111111111, "recall_std": 0.08930354672010582, "f1-score_mean": 0.5522551114433649, "f1-score_std": 0.09891049380069135, "support_mean": 360.0, "support_std": 0.0}}, "timing": {"extractor_fit": "0:00:00.001368", "filtered_features": "0:00:00.000337", "model_training_time": "0:00:00.004382"}, "selected_vocabulary": [["age", "kurtosis", "skew"], ["age", "kurtosis", "skew"], ["age", "kurtosis", "skew"], ["minimum", "kurtosis", "skew"], ["age", "kurtosis", "skew"], ["age", "kurtosis", "skew"], ["age", "kurtosis", "skew"], ["age", "kurtosis", "skew"], ["kurtosis", "age", "skew"], ["age", "kurtosis", "skew"]]}