{"classification_report_train": {"0.0": {"precision_mean": 0.9947484898784449, "precision_std": 0.001279165739214253, "recall_mean": 0.9583674367976325, "recall_std": 0.005376980492089623, "f1-score_mean": 0.9761296822668879, "f1-score_std": 0.002706330465001738, "support_mean": 2222.1, "support_std": 25.471729426954894}, "1.0": {"precision_mean": 0.916549896240879, "precision_std": 0.010734326927966466, "recall_mean": 0.9891317082820047, "recall_std": 0.0024303212619812223, "f1-score_mean": 0.9510702201660255, "f1-score_std": 0.005533442291846024, "support_mean": 1017.9, "support_std": 25.471729426954894}, "macro avg": {"precision_mean": 0.955649193059662, "precision_std": 0.005205777547699725, "recall_mean": 0.9737495725398185, "recall_std": 0.0025846344515874434, "f1-score_mean": 0.9635999512164567, "f1-score_std": 0.004078731350950058, "support_mean": 3240.0, "support_std": 0.0}, "weighted avg": {"precision_mean": 0.9704075091796562, "precision_std": 0.0030379009203330577, "recall_mean": 0.9679938271604938, "recall_std": 0.0035964538454087264, "f1-score_mean": 0.9683625552685085, "f1-score_std": 0.003511225946019403, "support_mean": 3240.0, "support_std": 0.0}}, "classification_report_test": {"0.0": {"precision_mean": 0.6715240095715966, "precision_std": 0.09462180575303647, "recall_mean": 0.7929504158057247, "recall_std": 0.09391447431982305, "f1-score_mean": 0.702997740445233, "f1-score_std": 0.08389297015081745, "support_mean": 246.9, "support_std": 25.471729426954894}, "1.0": {"precision_mean": 0.30373316072532763, "precision_std": 0.1221381978679393, "recall_mean": 0.26102733182535026, "recall_std": 0.09366398745987627, "f1-score_mean": 0.2124183839059563, "f1-score_std": 0.0769111800458761, "support_mean": 113.1, "support_std": 25.471729426954894}, "macro avg": {"precision_mean": 0.4876285851484622, "precision_std": 0.07605256634250332, "recall_mean": 0.5269888738155374, "recall_std": 0.06356028217236727, "f1-score_mean": 0.4577080621755947, "f1-score_std": 0.06202770472650955, "support_mean": 360.0, "support_std": 0.0}, "weighted avg": {"precision_mean": 0.6493363997356487, "precision_std": 0.10564190819059743, "recall_mean": 0.6244444444444446, "recall_std": 0.08434277505337195, "f1-score_mean": 0.6017417541007561, "f1-score_std": 0.0923704124746588, "support_mean": 360.0, "support_std": 0.0}}, "timing": {"extractor_fit": "0:00:00.623979", "filtered_features": "0:00:00.000544", "model_training_time": "0:00:00.013196"}, "selected_vocabulary": [["maximum", "root_mean_diff_R_R", "mean_R_R", "std_hrt_rate", "mean_hrt_rate", "skew", "std", "std_R_R", "kurtosis", "age"], ["mean_R_R", "root_mean_diff_R_R", "mean_hrt_rate", "std_hrt_rate", "maximum", "std_R_R", "std", "skew", "age", "kurtosis"], ["root_mean_diff_R_R", "mean_R_R", "mean_hrt_rate", "std_hrt_rate", "std_R_R", "std", "gender", "skew", "kurtosis", "age"], ["mean_hrt_rate", "maximum", "std_hrt_rate", "root_mean_diff_R_R", "gender", "std_R_R", "std", "skew", "kurtosis", "age"], ["gender", "root_mean_diff_R_R", "std_R_R", "std_hrt_rate", "maximum", "mean_hrt_rate", "skew", "mean_R_R", "age", "kurtosis"], ["minimum", "std_hrt_rate", "mean_R_R", "root_mean_diff_R_R", "gender", "maximum", "std", "std_R_R", "kurtosis", "age"], ["mean_R_R", "std_R_R", "gender", "std_hrt_rate", "mean_hrt_rate", "maximum", "skew", "std", "kurtosis", "age"], ["std_R_R", "mean_hrt_rate", "mean_R_R", "maximum", "mean", "std_hrt_rate", "std", "skew", "kurtosis", "age"], ["mean", "mean_R_R", "maximum", "std", "std_R_R", "gender", "std_hrt_rate", "kurtosis", "skew", "age"], ["maximum", "std_hrt_rate", "root_mean_diff_R_R", "mean_hrt_rate", "std_R_R", "std", "gender", "skew", "kurtosis", "age"]]}