{"classification_report_train": {"0.0": {"precision_mean": 0.9952554216703285, "precision_std": 0.0008021882144097767, "recall_mean": 0.9584110270423085, "recall_std": 0.004795470725332854, "f1-score_mean": 0.9764195559634533, "f1-score_std": 0.0024193576374793675, "support_mean": 2222.1, "support_std": 25.471729426954894}, "1.0": {"precision_mean": 0.9175382418910607, "precision_std": 0.008969155070113442, "recall_mean": 0.9898535168038609, "recall_std": 0.0017057119064410084, "f1-score_mean": 0.9520705302331685, "f1-score_std": 0.004607650236477152, "support_mean": 1017.9, "support_std": 25.471729426954894}, "macro avg": {"precision_mean": 0.9563968317806945, "precision_std": 0.0044211549268699, "recall_mean": 0.9741322719230847, "recall_std": 0.002243456991733096, "f1-score_mean": 0.964245043098311, "f1-score_std": 0.0034571543912742825, "support_mean": 3240.0, "support_std": 0.0}, "weighted avg": {"precision_mean": 0.970751696090425, "precision_std": 0.0027432192255992774, "recall_mean": 0.9684876543209876, "recall_std": 0.003122764403812632, "f1-score_mean": 0.9688272842192621, "f1-score_std": 0.0030659118414458424, "support_mean": 3240.0, "support_std": 0.0}}, "classification_report_test": {"0.0": {"precision_mean": 0.6780004065526679, "precision_std": 0.09618423223813181, "recall_mean": 0.7608962598283955, "recall_std": 0.09469895828652108, "f1-score_mean": 0.6855472562333165, "f1-score_std": 0.08086033266278751, "support_mean": 246.9, "support_std": 25.471729426954894}, "1.0": {"precision_mean": 0.31254611226859236, "precision_std": 0.12147504335120317, "recall_mean": 0.3721632722350337, "recall_std": 0.11806285573318995, "f1-score_mean": 0.23754529564770627, "f1-score_std": 0.07736968282047883, "support_mean": 113.1, "support_std": 25.471729426954894}, "macro avg": {"precision_mean": 0.4952732594106301, "precision_std": 0.07700436423478177, "recall_mean": 0.5665297660317146, "recall_std": 0.07011276308685839, "f1-score_mean": 0.4615462759405114, "f1-score_std": 0.06341921425492107, "support_mean": 360.0, "support_std": 0.0}, "weighted avg": {"precision_mean": 0.6556882795194904, "precision_std": 0.10727091404018438, "recall_mean": 0.6011111111111112, "recall_std": 0.08053658780522455, "f1-score_mean": 0.5886527477399878, "f1-score_std": 0.0884251501077609, "support_mean": 360.0, "support_std": 0.0}}, "timing": {"extractor_fit": "0:00:00.001444", "filtered_features": "0:00:00.000452", "model_training_time": "0:00:00.014594"}, "selected_vocabulary": [["mean_R_R", "mean_hrt_rate", "gender", "maximum", "std_hrt_rate", "std_R_R", "mean", "minimum", "std", "age", "kurtosis", "skew"], ["mean_hrt_rate", "root_mean_diff_R_R", "gender", "mean", "std_hrt_rate", "std_R_R", "std", "maximum", "minimum", "age", "kurtosis", "skew"], ["root_mean_diff_R_R", "mean_R_R", "mean_hrt_rate", "std_hrt_rate", "std_R_R", "maximum", "std", "gender", "minimum", "age", "kurtosis", "skew"], ["mean_R_R", "mean_hrt_rate", "mean", "std_hrt_rate", "std_R_R", "maximum", "age", "gender", "std", "minimum", "kurtosis", "skew"], ["mean", "mean_R_R", "gender", "mean_hrt_rate", "std_hrt_rate", "std_R_R", "maximum", "std", "minimum", "age", "kurtosis", "skew"], ["root_mean_diff_R_R", "mean_R_R", "mean_hrt_rate", "gender", "std_hrt_rate", "std", "std_R_R", "maximum", "minimum", "age", "kurtosis", "skew"], ["root_mean_diff_R_R", "mean_R_R", "mean_hrt_rate", "std_hrt_rate", "std_R_R", "maximum", "gender", "std", "minimum", "age", "kurtosis", "skew"], ["mean_hrt_rate", "root_mean_diff_R_R", "mean_R_R", "gender", "std_hrt_rate", "mean", "std_R_R", "minimum", "maximum", "age", "kurtosis", "skew"], ["root_mean_diff_R_R", "mean_R_R", "mean_hrt_rate", "std_hrt_rate", "std_R_R", "gender", "std", "maximum", "minimum", "kurtosis", "age", "skew"], ["root_mean_diff_R_R", "mean", "mean_hrt_rate", "maximum", "std_hrt_rate", "std_R_R", "minimum", "std", "gender", "age", "kurtosis", "skew"]]}