{"classification_report_train": {"0.0": {"precision_mean": 0.8807254959614988, "precision_std": 0.00930636079174426, "recall_mean": 0.7491351183094288, "recall_std": 0.020613841361533464, "f1-score_mean": 0.8080634848085397, "f1-score_std": 0.0135219107506569, "support_mean": 2222.1, "support_std": 25.471729426954894}, "1.0": {"precision_mean": 0.5916268322745906, "precision_std": 0.024678784703531603, "recall_mean": 0.7783148282263775, "recall_std": 0.017620160093828, "f1-score_mean": 0.6694190869434162, "f1-score_std": 0.018804982003744922, "support_mean": 1017.9, "support_std": 25.471729426954894}, "macro avg": {"precision_mean": 0.7361761641180447, "precision_std": 0.014242192645264929, "recall_mean": 0.7637249732679031, "recall_std": 0.013842833435444374, "f1-score_mean": 0.738741285875978, "f1-score_std": 0.01566393205502317, "support_mean": 3240.0, "support_std": 0.0}, "weighted avg": {"precision_mean": 0.791301243978906, "precision_std": 0.010831932681109747, "recall_mean": 0.7578086419753087, "recall_std": 0.015470079804288153, "f1-score_mean": 0.7650605198941057, "f1-score_std": 0.014355201543735973, "support_mean": 3240.0, "support_std": 0.0}}, "classification_report_test": {"0.0": {"precision_mean": 0.7159721085262392, "precision_std": 0.08884996293688636, "recall_mean": 0.5929906375218195, "recall_std": 0.0886712945196945, "f1-score_mean": 0.6073700625300871, "f1-score_std": 0.06874151053426018, "support_mean": 246.9, "support_std": 25.471729426954894}, "1.0": {"precision_mean": 0.3988100416244121, "precision_std": 0.12117788883177516, "recall_mean": 0.48270659207714034, "recall_std": 0.11249070203765987, "f1-score_mean": 0.3071518084771426, "f1-score_std": 0.09917739234338317, "support_mean": 113.1, "support_std": 25.471729426954894}, "macro avg": {"precision_mean": 0.5573910750753256, "precision_std": 0.0705845147499849, "recall_mean": 0.53784861479948, "recall_std": 0.07919982236324061, "f1-score_mean": 0.4572609355036148, "f1-score_std": 0.07345102881866732, "support_mean": 360.0, "support_std": 0.0}, "weighted avg": {"precision_mean": 0.7245593933159377, "precision_std": 0.08226765644189354, "recall_mean": 0.5247222222222222, "recall_std": 0.07018323680477455, "f1-score_mean": 0.563016483401388, "f1-score_std": 0.06925208369113599, "support_mean": 360.0, "support_std": 0.0}}, "timing": {"extractor_fit": "0:00:00.984212", "filtered_features": "-1 day, 23:59:59.999988", "model_training_time": "0:00:00.003247"}, "selected_vocabulary": [["maximum"], ["root_mean_diff_R_R"], ["kurtosis"], ["minimum"], ["std"], ["std_R_R"], ["mean_hrt_rate"], ["skew"], ["kurtosis"], ["skew"]]}