{"classification_report_train": {"0": {"precision_mean": 0.9830223334634727, "precision_std": 0.003022190821972366, "recall_mean": 0.9989515054073739, "recall_std": 0.0005742849618496741, "f1-score_mean": 0.9909133802613102, "f1-score_std": 0.0017136162698143846, "support_mean": 381.6, "support_std": 0.21908902300206645}, "1": {"precision_mean": 0.9813854112877006, "precision_std": 0.0029011211421871605, "recall_mean": 0.9735460565924143, "recall_std": 0.0015472951279073526, "f1-score_mean": 0.9774318770635805, "f1-score_std": 0.0013624867327819597, "support_mean": 604.8, "support_std": 0.1788854381999832}, "2": {"precision_mean": 0.9967935742971887, "precision_std": 0.0013394284646059277, "recall_mean": 0.9991935483870968, "recall_std": 0.000721312250806383, "f1-score_mean": 0.9979879177707108, "f1-score_std": 0.0005679607309002446, "support_mean": 248.0, "support_std": 0.0}, "3": {"precision_mean": 0.9892523804742905, "precision_std": 0.0026668935200437997, "recall_mean": 1.0, "recall_std": 0.0, "f1-score_mean": 0.9945880838134761, "f1-score_std": 0.0013534586184035184, "support_mean": 348.8, "support_std": 0.17888543819998318}, "4": {"precision_mean": 0.9897943665279023, "precision_std": 0.0013949050395740978, "recall_mean": 0.9960411569107223, "recall_std": 0.0015841714606095797, "f1-score_mean": 0.9928993161680228, "f1-score_std": 0.0007126899378256421, "support_mean": 252.8, "support_std": 0.17888543819998318}, "5": {"precision_mean": 0.9954236594351208, "precision_std": 0.0006262743492627346, "recall_mean": 0.9977060896485854, "recall_std": 0.0005129359305347285, "f1-score_mean": 0.996563240729359, "f1-score_std": 0.0005124793170386619, "support_mean": 348.8, "support_std": 0.17888543819998318}, "6": {"precision_mean": 1.0, "precision_std": 0.0, "recall_mean": 1.0, "recall_std": 0.0, "f1-score_mean": 1.0, "f1-score_std": 0.0, "support_mean": 88.0, "support_std": 0.0}, "7": {"precision_mean": 0.9952931347611729, "precision_std": 0.0009866743586996538, "recall_mean": 0.9771604938271604, "recall_std": 0.0031896322673491033, "f1-score_mean": 0.9861272261374492, "f1-score_std": 0.0015886149085545245, "support_mean": 648.0, "support_std": 0.0}, "8": {"precision_mean": 0.99802953867481, "precision_std": 0.0008228570073191794, "recall_mean": 0.9931240063593005, "recall_std": 0.0008218446724914971, "f1-score_mean": 0.9955683112607506, "f1-score_std": 0.0004415660674692636, "support_mean": 407.2, "support_std": 0.17888543819998318}, "9": {"precision_mean": 0.9950038081688433, "precision_std": 0.0016692078001106921, "recall_mean": 0.9974882198694821, "recall_std": 0.0010519333652711424, "f1-score_mean": 0.9962411463676929, "f1-score_std": 0.0011360386942783796, "support_mean": 318.4, "support_std": 0.21908902300206645}, "10": {"precision_mean": 0.9974052609733464, "precision_std": 0.0007327645838545976, "recall_mean": 0.9958495390619742, "recall_std": 0.001183656861130744, "f1-score_mean": 0.9966237003682293, "f1-score_std": 0.0005943180487258287, "support_mean": 385.6, "support_std": 0.21908902300206645}, "11": {"precision_mean": 0.9945111006140765, "precision_std": 0.0012273824841868412, "recall_mean": 1.0, "recall_std": 0.0, "f1-score_mean": 0.9972461028074056, "f1-score_std": 0.0006158039088500443, "support_mean": 144.8, "support_std": 0.17888543819998318}, "12": {"precision_mean": 1.0, "precision_std": 0.0, "recall_mean": 1.0, "recall_std": 0.0, "f1-score_mean": 1.0, "f1-score_std": 0.0, "support_mean": 146.4, "support_std": 0.21908902300206642}, "13": {"precision_mean": 0.9870195442403269, "precision_std": 0.0017572789105967216, "recall_mean": 0.9994520547945205, "recall_std": 0.000490097090958856, "f1-score_mean": 0.9931920746881495, "f1-score_std": 0.0008579126415108948, "support_mean": 364.8, "support_std": 0.17888543819998318}, "14": {"precision_mean": 1.0, "precision_std": 0.0, "recall_mean": 1.0, "recall_std": 0.0, "f1-score_mean": 1.0, "f1-score_std": 0.0, "support_mean": 78.4, "support_std": 0.21908902300206642}, "macro avg": {"precision_mean": 0.9935289408612167, "precision_std": 0.0003263013656654251, "recall_mean": 0.995234178057242, "recall_std": 0.0003310198969572714, "f1-score_mean": 0.994358825162409, "f1-score_std": 0.0003305790204583384, "support_mean": 4766.4, "support_std": 0.21908902300206645}, "weighted avg": {"precision_mean": 0.9919378300523967, "precision_std": 0.0004801495912871927, "recall_mean": 0.9919016077891076, "recall_std": 0.0004916483252665483, "f1-score_mean": 0.9918868372496439, "f1-score_std": 0.0004914684620506132, "support_mean": 4766.4, "support_std": 0.21908902300206645}}, "classification_report_test": {"0": {"precision_mean": 0.39077329143657386, "precision_std": 0.024358526905326913, "recall_mean": 0.4359429824561404, "recall_std": 0.04956720972044529, "f1-score_mean": 0.40857064703732326, "f1-score_std": 0.032691514999942835, "support_mean": 95.4, "support_std": 0.21908902300206642}, "1": {"precision_mean": 0.3485934710555506, "precision_std": 0.024029424130073963, "recall_mean": 0.5461049146043917, "recall_std": 0.04896426276773059, "f1-score_mean": 0.4206439041837163, "f1-score_std": 0.028109040958805117, "support_mean": 151.2, "support_std": 0.17888543819998318}, "2": {"precision_mean": 0.36140685609124146, "precision_std": 0.0413409598415903, "recall_mean": 0.2645161290322581, "recall_std": 0.06010743070375286, "f1-score_mean": 0.2989921297921298, "f1-score_std": 0.05257119851369794, "support_mean": 62.0, "support_std": 0.0}, "3": {"precision_mean": 0.2644861945946058, "precision_std": 0.013555431507824518, "recall_mean": 0.30739289446185997, "recall_std": 0.025587280227451447, "f1-score_mean": 0.28297870253475715, "f1-score_std": 0.01705895173655151, "support_mean": 87.2, "support_std": 0.17888543819998318}, "4": {"precision_mean": 0.5520516989785282, "precision_std": 0.03844314224378471, "recall_mean": 0.33556547619047616, "recall_std": 0.03758611616166152, "f1-score_mean": 0.4144663036190289, "f1-score_std": 0.04019476893766144, "support_mean": 63.2, "support_std": 0.17888543819998318}, "5": {"precision_mean": 0.48743146128460824, "precision_std": 0.058365086291958926, "recall_mean": 0.3854493207941484, "recall_std": 0.08167614861913257, "f1-score_mean": 0.4232435541874818, "f1-score_std": 0.07025605377709418, "support_mean": 87.2, "support_std": 0.17888543819998318}, "6": {"precision_mean": 0.4, "precision_std": 0.21908902300206645, "recall_mean": 0.01818181818181818, "recall_std": 0.009958591954639384, "f1-score_mean": 0.03478260869565218, "f1-score_std": 0.01905121939148404, "support_mean": 22.0, "support_std": 0.0}, "7": {"precision_mean": 0.5127811000747794, "precision_std": 0.05730267474620088, "recall_mean": 0.611111111111111, "recall_std": 0.12341974752919689, "f1-score_mean": 0.5462709958745234, "f1-score_std": 0.0865523253249445, "support_mean": 162.0, "support_std": 0.0}, "8": {"precision_mean": 0.22753271228666166, "precision_std": 0.008796192805020458, "recall_mean": 0.17483983692486896, "recall_std": 0.0178154663176472, "f1-score_mean": 0.19561676997968186, "f1-score_std": 0.013391245400274646, "support_mean": 101.8, "support_std": 0.17888543819998318}, "9": {"precision_mean": 0.34549186714827684, "precision_std": 0.02955202190614113, "recall_mean": 0.2817721518987342, "recall_std": 0.043628474176997965, "f1-score_mean": 0.30702423985788646, "f1-score_std": 0.036746946322674626, "support_mean": 79.6, "support_std": 0.21908902300206642}, "10": {"precision_mean": 0.5507916355489171, "precision_std": 0.04070183883593432, "recall_mean": 0.619909793814433, "recall_std": 0.0703405478505099, "f1-score_mean": 0.5770127951048667, "f1-score_std": 0.04879530787581315, "support_mean": 96.4, "support_std": 0.21908902300206642}, "11": {"precision_mean": 0.4458164642375169, "precision_std": 0.0666367190025214, "recall_mean": 0.12762762762762764, "recall_std": 0.057034530087544257, "f1-score_mean": 0.18221968507682793, "f1-score_std": 0.07237407740961095, "support_mean": 36.2,