{"classification_report_train": {"0": {"precision_mean": 0.980462309407722, "precision_std": 0.002098565458794961, "recall_mean": 0.9984265710241719, "recall_std": 0.0005745361240448776, "f1-score_mean": 0.9893583207409771, "f1-score_std": 0.0012310912365231278, "support_mean": 381.6, "support_std": 0.21908902300206645}, "1": {"precision_mean": 0.9733493870112107, "precision_std": 0.0031120623724345915, "recall_mean": 0.9758601061791911, "recall_std": 0.0012876707877021237, "f1-score_mean": 0.974581913739408, "f1-score_std": 0.0012575306342342862, "support_mean": 604.8, "support_std": 0.1788854381999832}, "2": {"precision_mean": 0.9944060419866873, "precision_std": 0.002402233268673513, "recall_mean": 0.9967741935483871, "recall_std": 0.000721312250806383, "f1-score_mean": 0.99557660475725, "f1-score_std": 0.0008723853307128664, "support_mean": 248.0, "support_std": 0.0}, "3": {"precision_mean": 0.9931768881618229, "precision_std": 0.001715811684453015, "recall_mean": 0.9994269340974211, "recall_std": 0.0005125657255013835, "f1-score_mean": 0.9962869242106303, "f1-score_std": 0.0007643483327257285, "support_mean": 348.8, "support_std": 0.17888543819998318}, "4": {"precision_mean": 0.9921382868294684, "precision_std": 1.1085653204158589e-05, "recall_mean": 0.9984158353723572, "recall_std": 0.00086768553664356, "f1-score_mean": 0.9952662445110466, "f1-score_std": 0.0004364092252660374, "support_mean": 252.8, "support_std": 0.17888543819998318}, "5": {"precision_mean": 0.9965648698368786, "precision_std": 0.0005096399649826699, "recall_mean": 0.9977060896485854, "recall_std": 0.0005129359305347285, "f1-score_mean": 0.9971346634195477, "f1-score_std": 0.00040464408549668147, "support_mean": 348.8, "support_std": 0.17888543819998318}, "6": {"precision_mean": 1.0, "precision_std": 0.0, "recall_mean": 0.9954545454545455, "recall_std": 0.002489647988659844, "f1-score_mean": 0.9977142857142857, "f1-score_std": 0.0012519372742975374, "support_mean": 88.0, "support_std": 0.0}, "7": {"precision_mean": 0.9965208058127027, "precision_std": 0.0006935696328584163, "recall_mean": 0.9725308641975309, "recall_std": 0.0033922547318602663, "f1-score_mean": 0.9843654785040421, "f1-score_std": 0.0018490206017315342, "support_mean": 648.0, "support_std": 0.0}, "8": {"precision_mean": 0.996045649266641, "precision_std": 0.0011251635042249012, "recall_mean": 0.9862492171315701, "recall_std": 0.0022600254006535543, "f1-score_mean": 0.9911110267209636, "f1-score_std": 0.0008888938913842128, "support_mean": 407.2, "support_std": 0.17888543819998318}, "9": {"precision_mean": 0.99250758017116, "precision_std": 0.0014095663417721693, "recall_mean": 0.9968592890518722, "recall_std": 0.0015405611005551534, "f1-score_mean": 0.9946722579717002, "f1-score_std": 0.0009530348754759439, "support_mean": 318.4, "support_std": 0.21908902300206645}, "10": {"precision_mean": 0.9979234167171344, "precision_std": 0.0008674918309444448, "recall_mean": 0.9942951349168965, "recall_std": 0.0008679768933961295, "f1-score_mean": 0.9961028696292166, "f1-score_std": 0.0003673433357091467, "support_mean": 385.6, "support_std": 0.21908902300206645}, "11": {"precision_mean": 0.9958809636277751, "precision_std": 0.0015040792042991457, "recall_mean": 1.0, "recall_std": 0.0, "f1-score_mean": 0.9979333880307732, "f1-score_std": 0.0007546299882068506, "support_mean": 144.8, "support_std": 0.17888543819998318}, "12": {"precision_mean": 1.0, "precision_std": 0.0, "recall_mean": 0.9972695927686143, "recall_std": 0.0014955201485572064, "f1-score_mean": 0.9986301209199769, "f1-score_std": 0.0007503210063874059, "support_mean": 146.4, "support_std": 0.21908902300206642}, "13": {"precision_mean": 0.982827409538447, "precision_std": 0.0036888438376982673, "recall_mean": 1.0, "recall_std": 0.0, "f1-score_mean": 0.9913218298206589, "f1-score_std": 0.0018826203023985075, "support_mean": 364.8, "support_std": 0.17888543819998318}, "14": {"precision_mean": 1.0, "precision_std": 0.0, "recall_mean": 1.0, "recall_std": 0.0, "f1-score_mean": 1.0, "f1-score_std": 0.0, "support_mean": 78.4, "support_std": 0.21908902300206642}, "macro avg": {"precision_mean": 0.99278690722451, "precision_std": 0.00023329931685259228, "recall_mean": 0.9939512248927429, "recall_std": 0.00035057440764972483, "f1-score_mean": 0.9933370619126984, "f1-score_std": 0.0002806515495693861, "support_mean": 4766.4, "support_std": 0.21908902300206645}, "weighted avg": {"precision_mean": 0.9906769090808408, "precision_std": 0.00036814514701200354, "recall_mean": 0.9906008409860032, "recall_std": 0.0003865636881723065, "f1-score_mean": 0.9905928410605285, "f1-score_std": 0.0003851074701034976, "support_mean": 4766.4, "support_std": 0.21908902300206645}}, "classification_report_test": {"0": {"precision_mean": 0.4013454566222762, "precision_std": 0.030645710680936716, "recall_mean": 0.43390350877192974, "recall_std": 0.056507787087612414, "f1-score_mean": 0.41326682387020036, "f1-score_std": 0.04007345134626813, "support_mean": 95.4, "support_std": 0.21908902300206642}, "1": {"precision_mean": 0.34349225333044653, "precision_std": 0.024614425370077943, "recall_mean": 0.5487539212269084, "recall_std": 0.04633844476315763, "f1-score_mean": 0.41850296304112344, "f1-score_std": 0.028351282733350143, "support_mean": 151.2, "support_std": 0.17888543819998318}, "2": {"precision_mean": 0.35014657658725457, "precision_std": 0.04438279715155376, "recall_mean": 0.2645161290322581, "recall_std": 0.058883118498604566, "f1-score_mean": 0.29687580959194054, "f1-score_std": 0.0536641834482626, "support_mean": 62.0, "support_std": 0.0}, "3": {"precision_mean": 0.2610336675304148, "precision_std": 0.012979044457002476, "recall_mean": 0.28675548589341693, "recall_std": 0.028258110800819032, "f1-score_mean": 0.27214655767339113, "f1-score_std": 0.019157453685858614, "support_mean": 87.2, "support_std": 0.17888543819998318}, "4": {"precision_mean": 0.5652504636757332, "precision_std": 0.0449130884033841, "recall_mean": 0.32921626984126984, "recall_std": 0.04792907098965058, "f1-score_mean": 0.41069650331204766, "f1-score_std": 0.05056226112761881, "support_mean": 63.2, "support_std": 0.17888543819998318}, "5": {"precision_mean": 0.5032259935186765, "precision_std": 0.05410946207865621, "recall_mean": 0.4037878787878788, "recall_std": 0.08114188261545456, "f1-score_mean": 0.43886026870089123, "f1-score_std": 0.06473267886123339, "support_mean": 87.2, "support_std": 0.17888543819998318}, "6": {"precision_mean": 0.0, "precision_std": 0.0, "recall_mean": 0.0, "recall_std": 0.0, "f1-score_mean": 0.0, "f1-score_std": 0.0, "support_mean": 22.0, "support_std": 0.0}, "7": {"precision_mean": 0.5218549695289789, "precision_std": 0.055056103425449254, "recall_mean": 0.6037037037037036, "recall_std": 0.12239543780155764, "f1-score_mean": 0.5455897269049594, "f1-score_std": 0.08523224372815645, "support_mean": 162.0, "support_std": 0.0}, "8": {"precision_mean": 0.2357927975508607, "precision_std": 0.013839995759045487, "recall_mean": 0.1846243447874199, "recall_std": 0.029732431528923894, "f1-score_mean": 0.2036164073388346, "f1-score_std": 0.022971481956820233, "support_mean": 101.8, "support_std": 0.17888543819998318}, "9": {"precision_mean": 0.32423261620910143, "precision_std": 0.018800841691359312, "recall_mean": 0.2840822784810127, "recall_std": 0.02740808151298445, "f1-score_mean": 0.30009848101370007, "f1-score_std": 0.01966630839990795, "support_mean": 79.6, "support_std": 0.21908902300206642}, "10": {"precision_mean": 0.5477665947143265, "precision_std": 0.030942261752141615, "recall_mean": 0.6386812714776632, "recall_std": 0.06590934330799593, "f1-score_mean": 0.5842935459597574, "f1-score_std": 0.04101593330774324, "support_mean": 96.4, "support_std": 0.21908902300206642}, "11": {"precision_mean": 0.23974358974358972, "precision_std": 0.10294161293616275, "recall_mean": 0.05555555555555556, "recall_std": 0.03767961101736259, "f1-score_mean": 0.08556253270538985,