{"classification_report_train": {"0": {"precision_mean": 0.9804689624593204, "precision_std": 0.00254858610718729, "recall_mean": 0.9984279451979499, "recall_std": 0.0005740343476851198, "f1-score_mean": 0.9893617028270366, "f1-score_std": 0.001565221212160316, "support_mean": 381.6, "support_std": 0.21908902300206645}, "1": {"precision_mean": 0.9794576724712222, "precision_std": 0.0017080944549566276, "recall_mean": 0.9761906846915878, "recall_std": 0.001960804000068063, "f1-score_mean": 0.9778062573768759, "f1-score_std": 0.0006441076896770722, "support_mean": 604.8, "support_std": 0.1788854381999832}, "2": {"precision_mean": 0.9959966585271817, "precision_std": 0.0019518132162398203, "recall_mean": 0.9967741935483871, "recall_std": 0.000721312250806383, "f1-score_mean": 0.9963766111564935, "f1-score_std": 0.000668740374172741, "support_mean": 248.0, "support_std": 0.0}, "3": {"precision_mean": 0.992054993186349, "precision_std": 0.002166959057298976, "recall_mean": 1.0, "recall_std": 0.0, "f1-score_mean": 0.9960056980007144, "f1-score_std": 0.0010948476460283427, "support_mean": 348.8, "support_std": 0.17888543819998318}, "4": {"precision_mean": 0.9898251513730049, "precision_std": 0.0017659785333501295, "recall_mean": 0.9984189723320158, "recall_std": 0.000865964517794724, "f1-score_mean": 0.9940967598060853, "f1-score_std": 0.0007812164575533426, "support_mean": 252.8, "support_std": 0.17888543819998318}, "5": {"precision_mean": 0.9965664885089843, "precision_std": 0.0005063583064310826, "recall_mean": 0.9977060896485854, "recall_std": 0.0005129359305347285, "f1-score_mean": 0.9971346610771569, "f1-score_std": 2.322195477230767e-06, "support_mean": 348.8, "support_std": 0.17888543819998318}, "6": {"precision_mean": 1.0, "precision_std": 0.0, "recall_mean": 1.0, "recall_std": 0.0, "f1-score_mean": 1.0, "f1-score_std": 0.0, "support_mean": 88.0, "support_std": 0.0}, "7": {"precision_mean": 0.9977927759848784, "precision_std": 0.0009569614017869195, "recall_mean": 0.9734567901234568, "recall_std": 0.003189632267349087, "f1-score_mean": 0.9854588495965707, "f1-score_std": 0.0016256654968810878, "support_mean": 648.0, "support_std": 0.0}, "8": {"precision_mean": 0.9945933366961089, "precision_std": 0.0014556415362591557, "recall_mean": 0.9916522137110373, "recall_std": 0.0014873211829801731, "f1-score_mean": 0.9931143235086065, "f1-score_std": 0.0009573044834682176, "support_mean": 407.2, "support_std": 0.17888543819998318}, "9": {"precision_mean": 0.9949882198694822, "precision_std": 0.0006854076702610856, "recall_mean": 0.9974882198694821, "recall_std": 0.0010519333652711424, "f1-score_mean": 0.9962352809907887, "f1-score_std": 0.0007169291345774239, "support_mean": 318.4, "support_std": 0.21908902300206645}, "10": {"precision_mean": 0.9974066348159611, "precision_std": 0.0007327546241802333, "recall_mean": 0.9968885001009353, "recall_std": 0.0004628338723056938, "f1-score_mean": 0.9971465611597867, "f1-score_std": 0.0004340656991345907, "support_mean": 385.6, "support_std": 0.21908902300206645}, "11": {"precision_mean": 0.9945111006140765, "precision_std": 0.0012273824841868412, "recall_mean": 1.0, "recall_std": 0.0, "f1-score_mean": 0.9972461028074056, "f1-score_std": 0.0006158039088500443, "support_mean": 144.8, "support_std": 0.17888543819998318}, "12": {"precision_mean": 1.0, "precision_std": 0.0, "recall_mean": 1.0, "recall_std": 0.0, "f1-score_mean": 1.0, "f1-score_std": 0.0, "support_mean": 146.4, "support_std": 0.21908902300206642}, "13": {"precision_mean": 0.9865138151169723, "precision_std": 0.002723148460317349, "recall_mean": 1.0, "recall_std": 0.0, "f1-score_mean": 0.9932016702217716, "f1-score_std": 0.0013801068485181107, "support_mean": 364.8, "support_std": 0.17888543819998318}, "14": {"precision_mean": 1.0, "precision_std": 0.0, "recall_mean": 1.0, "recall_std": 0.0, "f1-score_mean": 1.0, "f1-score_std": 0.0, "support_mean": 78.4, "support_std": 0.21908902300206642}, "macro avg": {"precision_mean": 0.9933450539749028, "precision_std": 0.00020359966064058664, "recall_mean": 0.9951335739482292, "recall_std": 0.0001582779113003065, "f1-score_mean": 0.9942122985686195, "f1-score_std": 0.00017336997508583997, "support_mean": 4766.4, "support_std": 0.21908902300206645}, "weighted avg": {"precision_mean": 0.9917442743290845, "precision_std": 0.00025307117626485693, "recall_mean": 0.9916918146429314, "recall_std": 0.00026952167144105754, "f1-score_mean": 0.9916772382913793, "f1-score_std": 0.00026934978536077684, "support_mean": 4766.4, "support_std": 0.21908902300206645}}, "classification_report_test": {"0": {"precision_mean": 0.3888795448809113, "precision_std": 0.028729790132354716, "recall_mean": 0.4295833333333333, "recall_std": 0.05831471804281003, "f1-score_mean": 0.4048704095133059, "f1-score_std": 0.04004009689642533, "support_mean": 95.4, "support_std": 0.21908902300206642}, "1": {"precision_mean": 0.34451042242534613, "precision_std": 0.02611945969712458, "recall_mean": 0.5434471941443011, "recall_std": 0.047938865819573614, "f1-score_mean": 0.41747998042049145, "f1-score_std": 0.030002138825328647, "support_mean": 151.2, "support_std": 0.17888543819998318}, "2": {"precision_mean": 0.3515219062006429, "precision_std": 0.044317373275354933, "recall_mean": 0.24193548387096775, "recall_std": 0.052413150997651356, "f1-score_mean": 0.2807697017778984, "f1-score_std": 0.04889286539291528, "support_mean": 62.0, "support_std": 0.0}, "3": {"precision_mean": 0.2627208975031859, "precision_std": 0.010069958273751891, "recall_mean": 0.3051462904911181, "recall_std": 0.027503368625123283, "f1-score_mean": 0.28110468412728695, "f1-score_std": 0.016454725871162687, "support_mean": 87.2, "support_std": 0.17888543819998318}, "4": {"precision_mean": 0.5507941057251767, "precision_std": 0.056569489379998734, "recall_mean": 0.3197916666666666, "recall_std": 0.04650077904862454, "f1-score_mean": 0.4005214785214785, "f1-score_std": 0.05312960581837733, "support_mean": 63.2, "support_std": 0.17888543819998318}, "5": {"precision_mean": 0.47458210288795, "precision_std": 0.055295654986359515, "recall_mean": 0.3648641588296761, "recall_std": 0.06967937830915408, "f1-score_mean": 0.4055980070809232, "f1-score_std": 0.06046758336891396, "support_mean": 87.2, "support_std": 0.17888543819998318}, "6": {"precision_mean": 0.2, "precision_std": 0.17888543819998318, "recall_mean": 0.00909090909090909, "recall_std": 0.008131156281817417, "f1-score_mean": 0.01739130434782609, "f1-score_std": 0.015555255495650714, "support_mean": 22.0, "support_std": 0.0}, "7": {"precision_mean": 0.5023974844900903, "precision_std": 0.06502652445112768, "recall_mean": 0.5987654320987655, "recall_std": 0.12680641101342058, "f1-score_mean": 0.5339722794227546, "f1-score_std": 0.09047273328797752, "support_mean": 162.0, "support_std": 0.0}, "8": {"precision_mean": 0.2317534833611295, "precision_std": 0.01376040951047996, "recall_mean": 0.17874199184624345, "recall_std": 0.028958802669609263, "f1-score_mean": 0.1968018013954419, "f1-score_std": 0.021614785502658156, "support_mean": 101.8, "support_std": 0.17888543819998318}, "9": {"precision_mean": 0.3500501035507809, "precision_std": 0.029304452949910978, "recall_mean": 0.28414556962025317, "recall_std": 0.032368990751174796, "f1-score_mean": 0.3106058291584709, "f1-score_std": 0.027317001648914856, "support_mean": 79.6, "support_std": 0.21908902300206642}, "10": {"precision_mean": 0.54723075024206, "precision_std": 0.03312444153557485, "recall_mean": 0.6385953608247423, "recall_std": 0.06690780996847509, "f1-score_mean": 0.5845579384270054, "f1-score_std": 0.04406583831648058, "support_mean": 96.4, "support_std": 0.21908902300206642}, "11": {"precision_mean": 0.3253968253968254, "precision_std": 0.11088412188300303, "recall_mean": 0.12222222222222223, "recall_std": 0.05910860479231283, "f1-score_mean": 0.1726462409253107, "f1-score_std": 0.07787796114345512, "support_mean": 36.2, "support_std": 0.17888543819998318},