{"classification_report_train": {"0": {"precision_mean": 0.9819928268197607, "precision_std": 0.002964393322901393, "recall_mean": 0.9984293193717277, "recall_std": 0.000936572974869013, "f1-score_mean": 0.9901358685071917, "f1-score_std": 0.0018819965775321598, "support_mean": 381.6, "support_std": 0.21908902300206645}, "1": {"precision_mean": 0.9797205045605455, "precision_std": 0.0024685987361903507, "recall_mean": 0.9735444146461607, "recall_std": 0.0015525553981016497, "f1-score_mean": 0.9766169040306554, "f1-score_std": 0.0017632179164839212, "support_mean": 604.8, "support_std": 0.1788854381999832}, "2": {"precision_mean": 0.9967935742971887, "precision_std": 0.0013394284646059277, "recall_mean": 1.0, "recall_std": 0.0, "f1-score_mean": 0.9983919581747512, "f1-score_std": 0.0006722098042144093, "support_mean": 248.0, "support_std": 0.0}, "3": {"precision_mean": 0.9875780578777995, "precision_std": 0.0029006026089224302, "recall_mean": 1.0, "recall_std": 0.0, "f1-score_mean": 0.9937394470286691, "f1-score_std": 0.0014752527114500135, "support_mean": 348.8, "support_std": 0.17888543819998318}, "4": {"precision_mean": 0.9897822331032151, "precision_std": 0.0017895825744363195, "recall_mean": 0.9952506430767301, "recall_std": 0.0013257906405330132, "f1-score_mean": 0.9925033318121269, "f1-score_std": 0.0011729619699505016, "support_mean": 252.8, "support_std": 0.17888543819998318}, "5": {"precision_mean": 0.9965665071680287, "precision_std": 0.0009555989974992529, "recall_mean": 0.9977060896485854, "recall_std": 0.0005129359305347285, "f1-score_mean": 0.9971354832563181, "f1-score_std": 0.0007008587131398787, "support_mean": 348.8, "support_std": 0.17888543819998318}, "6": {"precision_mean": 1.0, "precision_std": 0.0, "recall_mean": 1.0, "recall_std": 0.0, "f1-score_mean": 1.0, "f1-score_std": 0.0, "support_mean": 88.0, "support_std": 0.0}, "7": {"precision_mean": 0.9959087351937743, "precision_std": 0.0009487210607248078, "recall_mean": 0.9756172839506172, "recall_std": 0.003502780483731153, "f1-score_mean": 0.9856415654184725, "f1-score_std": 0.0018511771314397142, "support_mean": 648.0, "support_std": 0.0}, "8": {"precision_mean": 0.9975405768509216, "precision_std": 0.0009840129664521213, "recall_mean": 0.9936166112636702, "recall_std": 0.0011176121692922105, "f1-score_mean": 0.9955707371771858, "f1-score_std": 0.0005609232869817314, "support_mean": 407.2, "support_std": 0.17888543819998318}, "9": {"precision_mean": 0.9943749510562363, "precision_std": 0.0010388222469208564, "recall_mean": 0.9981171506870922, "recall_std": 0.0006875212453016237, "f1-score_mean": 0.9962411710560476, "f1-score_std": 0.0007110628688513303, "support_mean": 318.4, "support_std": 0.21908902300206645}, "10": {"precision_mean": 0.9979341277279422, "precision_std": 0.001344478268201985, "recall_mean": 0.9974079806204159, "recall_std": 0.0010362701291707784, "f1-score_mean": 0.9976660347038997, "f1-score_std": 0.0006753621191383247, "support_mean": 385.6, "support_std": 0.21908902300206645}, "11": {"precision_mean": 0.9945111006140765, "precision_std": 0.0012273824841868412, "recall_mean": 1.0, "recall_std": 0.0, "f1-score_mean": 0.9972461028074056, "f1-score_std": 0.0006158039088500443, "support_mean": 144.8, "support_std": 0.17888543819998318}, "12": {"precision_mean": 1.0, "precision_std": 0.0, "recall_mean": 1.0, "recall_std": 0.0, "f1-score_mean": 1.0, "f1-score_std": 0.0, "support_mean": 146.4, "support_std": 0.21908902300206642}, "13": {"precision_mean": 0.990248114027082, "precision_std": 0.0024764551839815533, "recall_mean": 0.9994520547945205, "recall_std": 0.000490097090958856, "f1-score_mean": 0.9948210174602398, "f1-score_std": 0.0012985856567164064, "support_mean": 364.8, "support_std": 0.17888543819998318}, "14": {"precision_mean": 1.0, "precision_std": 0.0, "recall_mean": 1.0, "recall_std": 0.0, "f1-score_mean": 1.0, "f1-score_std": 0.0, "support_mean": 78.4, "support_std": 0.21908902300206642}, "macro avg": {"precision_mean": 0.9935300872864381, "precision_std": 0.0005640530535575387, "recall_mean": 0.995276103203968, "recall_std": 0.0004354549574565425, "f1-score_mean": 0.9943806414288643, "f1-score_std": 0.0005015413675942572, "support_mean": 4766.4, "support_std": 0.21908902300206645}, "weighted avg": {"precision_mean": 0.9918950191584507, "precision_std": 0.0007149610708924797, "recall_mean": 0.9918595822570563, "recall_std": 0.0007255751014929916, "f1-score_mean": 0.9918442524555111, "f1-score_std": 0.0007271736081382677, "support_mean": 4766.4, "support_std": 0.21908902300206645}}, "classification_report_test": {"0": {"precision_mean": 0.39024681324322963, "precision_std": 0.027157753610087605, "recall_mean": 0.4212280701754386, "recall_std": 0.05334009219638283, "f1-score_mean": 0.4019881115107527, "f1-score_std": 0.037274350784519364, "support_mean": 95.4, "support_std": 0.21908902300206642}, "1": {"precision_mean": 0.34833139665691903, "precision_std": 0.028084176195211478, "recall_mean": 0.5408243290345068, "recall_std": 0.04870924214225133, "f1-score_mean": 0.4200921070272138, "f1-score_std": 0.0325548569175184, "support_mean": 151.2, "support_std": 0.17888543819998318}, "2": {"precision_mean": 0.3619324098634443, "precision_std": 0.053386217887219874, "recall_mean": 0.27741935483870966, "recall_std": 0.0666423819799573, "f1-score_mean": 0.30754883731317206, "f1-score_std": 0.060510563054953864, "support_mean": 62.0, "support_std": 0.0}, "3": {"precision_mean": 0.25539442801243395, "precision_std": 0.011112956144671808, "recall_mean": 0.3119905956112853, "recall_std": 0.027788013387441416, "f1-score_mean": 0.2797541389066812, "f1-score_std": 0.01704185233120114, "support_mean": 87.2, "support_std": 0.17888543819998318}, "4": {"precision_mean": 0.577012012377866, "precision_std": 0.0530270714136005, "recall_mean": 0.354563492063492, "recall_std": 0.04987039135082564, "f1-score_mean": 0.4346584787761258, "f1-score_std": 0.05466178760997949, "support_mean": 63.2, "support_std": 0.17888543819998318}, "5": {"precision_mean": 0.48044950037431244, "precision_std": 0.0554421714773008, "recall_mean": 0.3808777429467085, "recall_std": 0.08023581582810724, "f1-score_mean": 0.4168187728681351, "f1-score_std": 0.06556701833673256, "support_mean": 87.2, "support_std": 0.17888543819998318}, "6": {"precision_mean": 0.4, "precision_std": 0.21908902300206645, "recall_mean": 0.01818181818181818, "recall_std": 0.009958591954639384, "f1-score_mean": 0.03478260869565218, "f1-score_std": 0.01905121939148404, "support_mean": 22.0, "support_std": 0.0}, "7": {"precision_mean": 0.5120122290053443, "precision_std": 0.05963719126293597, "recall_mean": 0.6061728395061728, "recall_std": 0.12516594685007734, "f1-score_mean": 0.5431350423130085, "f1-score_std": 0.08861959655892566, "support_mean": 162.0, "support_std": 0.0}, "8": {"precision_mean": 0.21938905358783653, "precision_std": 0.008735982911590027, "recall_mean": 0.16899631139584548, "recall_std": 0.02299269719015076, "f1-score_mean": 0.18813541856492635, "f1-score_std": 0.018133985128477283, "support_mean": 101.8, "support_std": 0.17888543819998318}, "9": {"precision_mean": 0.36050696369561874, "precision_std": 0.02384667116728425, "recall_mean": 0.2766772151898734, "recall_std": 0.03185178381237263, "f1-score_mean": 0.30878753160053407, "f1-score_std": 0.023578080444826174, "support_mean": 79.6, "support_std": 0.21908902300206642}, "10": {"precision_mean": 0.5522118167705086, "precision_std": 0.03930750908164572, "recall_mean": 0.6158075601374571, "recall_std": 0.0650974161749874, "f1-score_mean": 0.5773668961655809, "f1-score_std": 0.04635582900408322, "support_mean": 96.4, "support_std": 0.21908902300206642}, "11": {"precision_mean": 0.4779761904761905, "precision_std": 0.05851284332919671, "recall_mean": 0.11096096096096097, "recall_std": 0.047193699402370434, "f1-score_mean": 0.16566942849072594, "f1-score_std": 0.06299787962914687, "support_mean": 36.2, "support_std": 0.17888543819998318},