{"classification_report_train": {"0": {"precision_mean": 0.9805002264142771, "precision_std": 0.0027237196575122516, "recall_mean": 0.999476439790576, "recall_std": 0.0004682864874345065, "f1-score_mean": 0.9898878629555249, "f1-score_std": 0.0014264231314615483, "support_mean": 381.6, "support_std": 0.21908902300206645}, "1": {"precision_mean": 0.9787898557848814, "precision_std": 0.002512855960310233, "recall_mean": 0.9748689179574189, "recall_std": 0.0009753841335006368, "f1-score_mean": 0.976812955412161, "f1-score_std": 0.001088865477290153, "support_mean": 604.8, "support_std": 0.1788854381999832}, "2": {"precision_mean": 0.9959998972886792, "precision_std": 0.0019518057693253517, "recall_mean": 0.9983870967741936, "recall_std": 0.0008834234798470413, "f1-score_mean": 0.9971846886865157, "f1-score_std": 0.0009144025585946775, "support_mean": 248.0, "support_std": 0.0}, "3": {"precision_mean": 0.9920437070012141, "precision_std": 0.0018545684100677016, "recall_mean": 0.9988538681948423, "recall_std": 0.0006277622435589283, "f1-score_mean": 0.995431004106532, "f1-score_std": 0.0008449883818485504, "support_mean": 348.8, "support_std": 0.17888543819998318}, "4": {"precision_mean": 0.9898007369379702, "precision_std": 0.0017809514991581434, "recall_mean": 0.9968348077043728, "recall_std": 0.0007077637273849026, "f1-score_mean": 0.993300082550624, "f1-score_std": 0.0008986017926601227, "support_mean": 252.8, "support_std": 0.17888543819998318}, "5": {"precision_mean": 0.9954269060284275, "precision_std": 0.0006220909196211182, "recall_mean": 0.9977060896485854, "recall_std": 0.0005129359305347285, "f1-score_mean": 0.9965640546848895, "f1-score_std": 0.0003125391836392245, "support_mean": 348.8, "support_std": 0.17888543819998318}, "6": {"precision_mean": 1.0, "precision_std": 0.0, "recall_mean": 1.0, "recall_std": 0.0, "f1-score_mean": 1.0, "f1-score_std": 0.0, "support_mean": 88.0, "support_std": 0.0}, "7": {"precision_mean": 0.994969126974393, "precision_std": 0.000809149696345978, "recall_mean": 0.9743827160493828, "recall_std": 0.004014719146051631, "f1-score_mean": 0.9845424218394893, "f1-score_std": 0.0018863446132484645, "support_mean": 648.0, "support_std": 0.0}, "8": {"precision_mean": 0.9945919541462918, "precision_std": 0.0012702567881524576, "recall_mean": 0.991649804885099, "recall_std": 0.0017857473307324708, "f1-score_mean": 0.9931106612720961, "f1-score_std": 0.000899611841844371, "support_mean": 407.2, "support_std": 0.17888543819998318}, "9": {"precision_mean": 0.9956152037617555, "precision_std": 0.0006846588035676574, "recall_mean": 0.9981171506870922, "recall_std": 0.0006875212453016237, "f1-score_mean": 0.996864214903485, "f1-score_std": 0.000626472946701681, "support_mean": 318.4, "support_std": 0.21908902300206645}, "10": {"precision_mean": 0.9989637305699481, "precision_std": 0.0005675881424924022, "recall_mean": 0.9974066348159611, "recall_std": 0.001037617154588828, "f1-score_mean": 0.9981821480599165, "f1-score_std": 0.00046471919313083315, "support_mean": 385.6, "support_std": 0.21908902300206645}, "11": {"precision_mean": 0.9986301369863014, "precision_std": 0.0012252427273971498, "recall_mean": 1.0, "recall_std": 0.0, "f1-score_mean": 0.9993127147766323, "f1-score_std": 0.0006147265917525173, "support_mean": 144.8, "support_std": 0.17888543819998318}, "12": {"precision_mean": 1.0, "precision_std": 0.0, "recall_mean": 0.9986301369863014, "recall_std": 0.0012252427273971498, "f1-score_mean": 0.9993127147766323, "f1-score_std": 0.0006147265917525173, "support_mean": 146.4, "support_std": 0.21908902300206642}, "13": {"precision_mean": 0.9897193243678576, "precision_std": 0.0025676705341523445, "recall_mean": 1.0, "recall_std": 0.0, "f1-score_mean": 0.9948247297227711, "f1-score_std": 0.001297650597521516, "support_mean": 364.8, "support_std": 0.17888543819998318}, "14": {"precision_mean": 1.0, "precision_std": 0.0, "recall_mean": 1.0, "recall_std": 0.0, "f1-score_mean": 1.0, "f1-score_std": 0.0, "support_mean": 78.4, "support_std": 0.21908902300206642}, "macro avg": {"precision_mean": 0.9936700537507999, "precision_std": 0.0003361706137515996, "recall_mean": 0.9950875775662551, "recall_std": 0.00029766853708574644, "f1-score_mean": 0.9943553502498179, "f1-score_std": 0.00031958621956614403, "support_mean": 4766.4, "support_std": 0.21908902300206645}, "weighted avg": {"precision_mean": 0.9917312422265651, "precision_std": 0.00048166788077110576, "recall_mean": 0.991691788233925, "recall_std": 0.0004988115212423467, "f1-score_mean": 0.9916762960279251, "f1-score_std": 0.000499050460131999, "support_mean": 4766.4, "support_std": 0.21908902300206645}}, "classification_report_test": {"0": {"precision_mean": 0.40523416560815856, "precision_std": 0.026166899053774676, "recall_mean": 0.43791666666666673, "recall_std": 0.05728214917168612, "f1-score_mean": 0.4166942895095618, "f1-score_std": 0.03770003475491774, "support_mean": 95.4, "support_std": 0.21908902300206642}, "1": {"precision_mean": 0.34461596192139765, "precision_std": 0.026834957914576824, "recall_mean": 0.542140118508191, "recall_std": 0.04945684105730298, "f1-score_mean": 0.4166419146232531, "f1-score_std": 0.030878818803014685, "support_mean": 151.2, "support_std": 0.17888543819998318}, "2": {"precision_mean": 0.36873078777607543, "precision_std": 0.04248867100571457, "recall_mean": 0.2709677419354839, "recall_std": 0.06076172737017344, "f1-score_mean": 0.30508466968244663, "f1-score_std": 0.05395958311080641, "support_mean": 62.0, "support_std": 0.0}, "3": {"precision_mean": 0.2689477434237607, "precision_std": 0.018909009794658337, "recall_mean": 0.3166666666666667, "recall_std": 0.03561734952609246, "f1-score_mean": 0.28913646395509984, "f1-score_std": 0.023821650092578753, "support_mean": 87.2, "support_std": 0.17888543819998318}, "4": {"precision_mean": 0.5564758503504305, "precision_std": 0.050031854624254496, "recall_mean": 0.32291666666666663, "recall_std": 0.03152514923063181, "f1-score_mean": 0.4068135413651679, "f1-score_std": 0.038151969520285066, "support_mean": 63.2, "support_std": 0.17888543819998318}, "5": {"precision_mean": 0.4851298701298702, "precision_std": 0.0567382666193739, "recall_mean": 0.3945402298850575, "recall_std": 0.07964654711059509, "f1-score_mean": 0.42856306151565515, "f1-score_std": 0.06612529019627546, "support_mean": 87.2, "support_std": 0.17888543819998318}, "6": {"precision_mean": 0.0, "precision_std": 0.0, "recall_mean": 0.0, "recall_std": 0.0, "f1-score_mean": 0.0, "f1-score_std": 0.0, "support_mean": 22.0, "support_std": 0.0}, "7": {"precision_mean": 0.5061258067108071, "precision_std": 0.05923997914357225, "recall_mean": 0.6098765432098766, "recall_std": 0.12302888807396559, "f1-score_mean": 0.5417980026341837, "f1-score_std": 0.08652372335951432, "support_mean": 162.0, "support_std": 0.0}, "8": {"precision_mean": 0.23214316416119246, "precision_std": 0.015191146212153065, "recall_mean": 0.17674238012036497, "recall_std": 0.022262153103148535, "f1-score_mean": 0.19759877224778682, "f1-score_std": 0.01698020887071777, "support_mean": 101.8, "support_std": 0.17888543819998318}, "9": {"precision_mean": 0.3502535503923892, "precision_std": 0.02758127351591826, "recall_mean": 0.2816139240506329, "recall_std": 0.030841701366529417, "f1-score_mean": 0.3082026100795255, "f1-score_std": 0.02318140445083332, "support_mean": 79.6, "support_std": 0.21908902300206642}, "10": {"precision_mean": 0.5817834024204528, "precision_std": 0.037989543524193335, "recall_mean": 0.6365764604810996, "recall_std": 0.06617625574371896, "f1-score_mean": 0.6024946892886698, "f1-score_std": 0.04568304544016823, "support_mean": 96.4, "support_std": 0.21908902300206642}, "11": {"precision_mean": 0.23928571428571427, "precision_std": 0.11107085438528665, "recall_mean": 0.07777777777777778, "recall_std": 0.04674596437325029, "f1-score_mean": 0.11413237924865831, "f1-score_std": 0.06463166698255984, "support_mean": 36.2, "support_std": 0.17888543819998318},