{"classification_report_train": {"0.0": {"precision_mean": 0.8333427144770817, "precision_std": 0.01607008745426926, "recall_mean": 0.8967747580083298, "recall_std": 0.025029673706595274, "f1-score_mean": 0.8595299400750658, "f1-score_std": 0.00814084101244258, "support_mean": 1700.1, "support_std": 18.49024066906648}, "1.0": {"precision_mean": 0.8863912382638313, "precision_std": 0.022634512640820982, "recall_mean": 0.7942928540135373, "recall_std": 0.02527065242828867, "f1-score_mean": 0.8315038659363057, "f1-score_std": 0.008269695953822709, "support_mean": 1539.9, "support_std": 18.49024066906648}, "macro avg": {"precision_mean": 0.8598669763704567, "precision_std": 0.00759503452549902, "recall_mean": 0.8455338060109335, "recall_std": 0.006619734347949352, "f1-score_mean": 0.8455169030056858, "f1-score_std": 0.007224187059073826, "support_mean": 3240.0, "support_std": 0.0}, "weighted avg": {"precision_mean": 0.8589801801013651, "precision_std": 0.006799351383129042, "recall_mean": 0.8477777777777777, "recall_std": 0.007269131189612059, "f1-score_mean": 0.8462769407062443, "f1-score_std": 0.00733186006829939, "support_mean": 3240.0, "support_std": 0.0}}, "classification_report_test": {"0.0": {"precision_mean": 0.6773512705523878, "precision_std": 0.10317293098883451, "recall_mean": 0.6018824698448607, "recall_std": 0.09165178879438253, "f1-score_mean": 0.6063727136420758, "f1-score_std": 0.08833846651849184, "support_mean": 188.9, "support_std": 18.49024066906648}, "1.0": {"precision_mean": 0.6726727892617345, "precision_std": 0.06941046217813279, "recall_mean": 0.7081204918128099, "recall_std": 0.07375854573234708, "f1-score_mean": 0.6615159348669755, "f1-score_std": 0.05882734123403866, "support_mean": 171.1, "support_std": 18.49024066906648}, "macro avg": {"precision_mean": 0.6750120299070611, "precision_std": 0.06854696911572394, "recall_mean": 0.6550014808288352, "recall_std": 0.06592467427722958, "f1-score_mean": 0.6339443242545256, "f1-score_std": 0.06803375502987156, "support_mean": 360.0, "support_std": 0.0}, "weighted avg": {"precision_mean": 0.7212493236225613, "precision_std": 0.05860871784248227, "recall_mean": 0.6558333333333333, "recall_std": 0.0648805288564401, "f1-score_mean": 0.658464027504005, "f1-score_std": 0.0631086309414894, "support_mean": 360.0, "support_std": 0.0}}, "timing": {"extractor_fit": "0:00:00.001573", "filtered_features": "0:00:00.000363", "model_training_time": "0:00:00.004260"}, "selected_vocabulary": [["mean", "mean_R_R", "maximum", "kurtosis", "mean_hrt_rate", "minimum", "std", "skew", "std_R_R", "std_hrt_rate"], ["kurtosis", "root_mean_diff_R_R", "mean", "mean_R_R", "minimum", "std", "skew", "mean_hrt_rate", "std_R_R", "std_hrt_rate"], ["mean_R_R", "age", "maximum", "mean_hrt_rate", "kurtosis", "std", "minimum", "skew", "std_R_R", "std_hrt_rate"], ["kurtosis", "root_mean_diff_R_R", "mean_R_R", "maximum", "skew", "mean_hrt_rate", "minimum", "std", "std_R_R", "std_hrt_rate"], ["maximum", "kurtosis", "mean_R_R", "mean_hrt_rate", "mean", "std", "minimum", "skew", "std_R_R", "std_hrt_rate"], ["mean_R_R", "kurtosis", "mean_hrt_rate", "mean", "maximum", "minimum", "skew", "std", "std_R_R", "std_hrt_rate"], ["age", "mean_R_R", "mean", "mean_hrt_rate", "kurtosis", "std", "minimum", "skew", "std_R_R", "std_hrt_rate"], ["root_mean_diff_R_R", "mean_R_R", "mean", "mean_hrt_rate", "maximum", "minimum", "skew", "std", "std_R_R", "std_hrt_rate"], ["mean", "root_mean_diff_R_R", "mean_R_R", "kurtosis", "std", "mean_hrt_rate", "minimum", "std_R_R", "skew", "std_hrt_rate"], ["maximum", "root_mean_diff_R_R", "mean", "mean_R_R", "minimum", "mean_hrt_rate", "skew", "std", "std_R_R", "std_hrt_rate"]]}