{"classification_report_train": {"0.0": {"precision_mean": 0.8371529826873866, "precision_std": 0.010760757020169006, "recall_mean": 0.9767002598055049, "recall_std": 0.001599582519020659, "f1-score_mean": 0.9011284364705716, "f1-score_std": 0.005641725921978241, "support_mean": 1700.1, "support_std": 18.49024066906648}, "1.0": {"precision_mean": 0.9683245069183369, "precision_std": 0.0021643307681876965, "recall_mean": 0.7883961815484638, "recall_std": 0.015376744537364392, "f1-score_mean": 0.8683029857335491, "f1-score_std": 0.00881274795980136, "support_mean": 1539.9, "support_std": 18.49024066906648}, "macro avg": {"precision_mean": 0.902738744802862, "precision_std": 0.005021116155193548, "recall_mean": 0.8825482206769844, "recall_std": 0.007240795703593888, "f1-score_mean": 0.8847157111020605, "f1-score_std": 0.00711665527265039, "support_mean": 3240.0, "support_std": 0.0}, "weighted avg": {"precision_mean": 0.8997227241755252, "precision_std": 0.005232758763953822, "recall_mean": 0.887222222222222, "recall_std": 0.00682750652126916, "f1-score_mean": 0.8856618549904616, "f1-score_std": 0.00703421808188323, "support_mean": 3240.0, "support_std": 0.0}}, "classification_report_test": {"0.0": {"precision_mean": 0.7115427167909123, "precision_std": 0.08331136220718334, "recall_mean": 0.8520476960393288, "recall_std": 0.05015735108178384, "f1-score_mean": 0.7468213617922193, "f1-score_std": 0.06668879930458618, "support_mean": 188.9, "support_std": 18.49024066906648}, "1.0": {"precision_mean": 0.7751801882133023, "precision_std": 0.06598028077654468, "recall_mean": 0.6071741192390037, "recall_std": 0.10583983661820946, "f1-score_mean": 0.6273388595123173, "f1-score_std": 0.09675062986213967, "support_mean": 171.1, "support_std": 18.49024066906648}, "macro avg": {"precision_mean": 0.7433614525021073, "precision_std": 0.05971330420359655, "recall_mean": 0.7296109076391663, "recall_std": 0.05808044532096343, "f1-score_mean": 0.6870801106522683, "f1-score_std": 0.07358210903419027, "support_mean": 360.0, "support_std": 0.0}, "weighted avg": {"precision_mean": 0.7815395144171658, "precision_std": 0.05365824550395227, "recall_mean": 0.7236111111111111, "recall_std": 0.06764815701959771, "f1-score_mean": 0.7064599084059391, "f1-score_std": 0.0726633574160937, "support_mean": 360.0, "support_std": 0.0}}, "timing": {"extractor_fit": "0:00:00.109462", "filtered_features": "0:00:00.000470", "model_training_time": "0:00:00.010287"}, "selected_vocabulary": [["age", "std_hrt_rate"], ["std_hrt_rate", "age"], ["std_hrt_rate", "age"], ["age", "std_hrt_rate"], ["std_hrt_rate", "age"], ["std_hrt_rate", "age"], ["std_hrt_rate", "age"], ["std_hrt_rate", "age"], ["std_R_R", "age"], ["std_hrt_rate", "age"]]}