{"classification_report_train": {"0.0": {"precision_mean": 0.8270379830476452, "precision_std": 0.01352623068078678, "recall_mean": 0.9678926142710802, "recall_std": 0.004152807287802969, "f1-score_mean": 0.891207199149725, "f1-score_std": 0.007247139634790948, "support_mean": 1700.1, "support_std": 18.49024066906648}, "1.0": {"precision_mean": 0.9571141506604158, "precision_std": 0.004705401294795935, "recall_mean": 0.775809392019141, "recall_std": 0.01813492913124781, "f1-score_mean": 0.8555486444105067, "f1-score_std": 0.009984680918166606, "support_mean": 1539.9, "support_std": 18.49024066906648}, "macro avg": {"precision_mean": 0.8920760668540305, "precision_std": 0.006283003941957095, "recall_mean": 0.8718510031451107, "recall_std": 0.008220562607987056, "f1-score_mean": 0.8733779217801159, "f1-score_std": 0.008514989582092543, "support_mean": 3240.0, "support_std": 0.0}, "weighted avg": {"precision_mean": 0.8894279362055926, "precision_std": 0.006212735448548465, "recall_mean": 0.8760185185185184, "recall_std": 0.008294611684123482, "f1-score_mean": 0.8742391814262384, "f1-score_std": 0.008565000171735952, "support_mean": 3240.0, "support_std": 0.0}}, "classification_report_test": {"0.0": {"precision_mean": 0.7213163469655772, "precision_std": 0.09361142936481609, "recall_mean": 0.8567451296997456, "recall_std": 0.05631136870921392, "f1-score_mean": 0.760407215639445, "f1-score_std": 0.08005455113903076, "support_mean": 188.9, "support_std": 18.49024066906648}, "1.0": {"precision_mean": 0.8329154178712332, "precision_std": 0.05169576390613134, "recall_mean": 0.6742882582712846, "recall_std": 0.0848236453595158, "f1-score_mean": 0.7186550465259234, "f1-score_std": 0.07424916223967967, "support_mean": 171.1, "support_std": 18.49024066906648}, "macro avg": {"precision_mean": 0.7771158824184052, "precision_std": 0.06453184395751436, "recall_mean": 0.7655166939855151, "recall_std": 0.0630600080761402, "f1-score_mean": 0.7395311310826842, "f1-score_std": 0.07601832701648964, "support_mean": 360.0, "support_std": 0.0}, "weighted avg": {"precision_mean": 0.8106672659181898, "precision_std": 0.05618114243380034, "recall_mean": 0.7494444444444444, "recall_std": 0.07648105550953027, "f1-score_mean": 0.7473773977923808, "f1-score_std": 0.07786819971616904, "support_mean": 360.0, "support_std": 0.0}}, "timing": {"extractor_fit": "0:00:01.053136", "filtered_features": "0:00:00.000535", "model_training_time": "0:00:00.004988"}, "selected_vocabulary": [["age", "mean_R_R", "maximum", "std", "mean", "std_R_R", "skew", "minimum", "std_hrt_rate"], ["kurtosis", "std", "maximum", "skew", "mean_R_R", "age", "minimum", "std_R_R", "std_hrt_rate"], ["kurtosis", "mean_R_R", "maximum", "age", "std", "std_R_R", "skew", "minimum", "std_hrt_rate"], ["age", "maximum", "mean", "skew", "std", "mean_R_R", "minimum", "std_R_R", "std_hrt_rate"], ["mean_R_R", "kurtosis", "skew", "maximum", "std", "age", "std_R_R", "minimum", "std_hrt_rate"], ["kurtosis", "maximum", "std", "skew", "mean", "age", "std_R_R", "minimum", "std_hrt_rate"], ["mean", "kurtosis", "skew", "maximum", "std", "std_R_R", "age", "minimum", "std_hrt_rate"], ["mean", "maximum", "skew", "std", "age", "mean_R_R", "std_R_R", "minimum", "std_hrt_rate"], ["mean_hrt_rate", "mean", "std", "age", "skew", "mean_R_R", "std_R_R", "minimum", "std_hrt_rate"], ["maximum", "skew", "mean", "std", "age", "mean_R_R", "std_R_R", "minimum", "std_hrt_rate"]]}