{"classification_report_train": {"0.0": {"precision_mean": 0.837923948583942, "precision_std": 0.01324804755407172, "recall_mean": 0.9728142054386997, "recall_std": 0.0049845055606881706, "f1-score_mean": 0.8995697518748991, "f1-score_std": 0.006986822593863527, "support_mean": 1700.1, "support_std": 18.49024066906648}, "1.0": {"precision_mean": 0.9644459408192791, "precision_std": 0.0050448834306805294, "recall_mean": 0.7889842368217412, "recall_std": 0.019737400657941898, "f1-score_mean": 0.8663023500580852, "f1-score_std": 0.01108033069533702, "support_mean": 1539.9, "support_std": 18.49024066906648}, "macro avg": {"precision_mean": 0.9011849447016106, "precision_std": 0.006121213759489023, "recall_mean": 0.8808992211302205, "recall_std": 0.00883394749656548, "f1-score_mean": 0.8829360509664921, "f1-score_std": 0.008907107940764214, "support_mean": 3240.0, "support_std": 0.0}, "weighted avg": {"precision_mean": 0.8981796814241241, "precision_std": 0.006232859889587867, "recall_mean": 0.8855555555555554, "recall_std": 0.008528778040826504, "f1-score_mean": 0.8838829027332891, "f1-score_std": 0.008843893809023312, "support_mean": 3240.0, "support_std": 0.0}}, "classification_report_test": {"0.0": {"precision_mean": 0.656141802021272, "precision_std": 0.07099615820890136, "recall_mean": 0.8273300580410892, "recall_std": 0.09287573818918667, "f1-score_mean": 0.6763833381218578, "f1-score_std": 0.08559409762609073, "support_mean": 188.9, "support_std": 18.49024066906648}, "1.0": {"precision_mean": 0.8120086305557443, "precision_std": 0.07178835018742995, "recall_mean": 0.5359050923020041, "recall_std": 0.1163204753614994, "f1-score_mean": 0.5282904097297655, "f1-score_std": 0.1027386177709742, "support_mean": 171.1, "support_std": 18.49024066906648}, "macro avg": {"precision_mean": 0.7340752162885081, "precision_std": 0.05288095016981764, "recall_mean": 0.6816175751715466, "recall_std": 0.053906087113119124, "f1-score_mean": 0.6023368739258117, "f1-score_std": 0.07538616697065334, "support_mean": 360.0, "support_std": 0.0}, "weighted avg": {"precision_mean": 0.7692050728736437, "precision_std": 0.04587436061487317, "recall_mean": 0.6691666666666667, "recall_std": 0.06559256253005565, "f1-score_mean": 0.62275876629943, "f1-score_std": 0.0771373956479208, "support_mean": 360.0, "support_std": 0.0}}, "timing": {"extractor_fit": "0:00:00.543622", "filtered_features": "-1 day, 23:59:59.999990", "model_training_time": "0:00:00.009939"}, "selected_vocabulary": [["kurtosis", "std_R_R", "std"], ["kurtosis", "mean", "minimum"], ["mean_R_R", "std_R_R", "gender"], ["root_mean_diff_R_R", "gender", "maximum"], ["root_mean_diff_R_R", "std_R_R", "skew"], ["std", "std_R_R", "maximum"], ["root_mean_diff_R_R", "std_R_R", "mean_R_R"], ["std", "std_R_R", "minimum"], ["kurtosis", "std_hrt_rate", "gender"], ["maximum", "mean_hrt_rate", "std"]]}