{"classification_report_train": {"0.0": {"precision_mean": 0.8341588202412149, "precision_std": 0.012686510802645611, "recall_mean": 0.9785302877292367, "recall_std": 0.001484802906520973, "f1-score_mean": 0.9000133057924025, "f1-score_std": 0.00691505472145422, "support_mean": 1700.1, "support_std": 18.49024066906648}, "1.0": {"precision_mean": 0.970518497561827, "precision_std": 0.00205831421210431, "recall_mean": 0.782916219520387, "recall_std": 0.018221231246380684, "f1-score_mean": 0.865487815442003, "f1-score_std": 0.010784925135533283, "support_mean": 1539.9, "support_std": 18.49024066906648}, "macro avg": {"precision_mean": 0.9023386589015209, "precision_std": 0.006026580464012295, "recall_mean": 0.8807232536248117, "recall_std": 0.008703968298128549, "f1-score_mean": 0.8827505606172028, "f1-score_std": 0.00876560368682448, "support_mean": 3240.0, "support_std": 0.0}, "weighted avg": {"precision_mean": 0.8992643420108856, "precision_std": 0.006187122531122176, "recall_mean": 0.8854629629629629, "recall_std": 0.008406225556423742, "f1-score_mean": 0.8837066426919655, "f1-score_std": 0.008705006653569923, "support_mean": 3240.0, "support_std": 0.0}}, "classification_report_test": {"0.0": {"precision_mean": 0.6928865339352409, "precision_std": 0.07161077176138783, "recall_mean": 0.8995131594974394, "recall_std": 0.04021411749106308, "f1-score_mean": 0.7526755417628943, "f1-score_std": 0.0535549524924613, "support_mean": 188.9, "support_std": 18.49024066906648}, "1.0": {"precision_mean": 0.788168679197433, "precision_std": 0.061022523784658424, "recall_mean": 0.5175717589686707, "recall_std": 0.11083343104802351, "f1-score_mean": 0.5476082227919746, "f1-score_std": 0.10368774630670531, "support_mean": 171.1, "support_std": 18.49024066906648}, "macro avg": {"precision_mean": 0.7405276065663371, "precision_std": 0.04359714509380088, "recall_mean": 0.708542459233055, "recall_std": 0.050479089327562315, "f1-score_mean": 0.6501418822774345, "f1-score_std": 0.06731492296205047, "support_mean": 360.0, "support_std": 0.0}, "weighted avg": {"precision_mean": 0.7853202923891704, "precision_std": 0.03552181522140981, "recall_mean": 0.7113888888888888, "recall_std": 0.05559644328707403, "f1-score_mean": 0.6801158993527953, "f1-score_std": 0.06295765531588562, "support_mean": 360.0, "support_std": 0.0}}, "timing": {"extractor_fit": "0:00:00.383513", "filtered_features": "-1 day, 23:59:59.999989", "model_training_time": "0:00:00.010741"}, "selected_vocabulary": [["kurtosis", "std_R_R"], ["minimum", "mean"], ["mean_R_R", "std_R_R"], ["root_mean_diff_R_R", "gender"], ["root_mean_diff_R_R", "std_R_R"], ["std", "std_R_R"], ["root_mean_diff_R_R", "std_R_R"], ["minimum", "std_R_R"], ["kurtosis", "std_hrt_rate"], ["maximum", "mean_hrt_rate"]]}