{"classification_report_train": {"0.0": {"precision_mean": 0.8392305916010245, "precision_std": 0.012931177627489375, "recall_mean": 0.9601966116573346, "recall_std": 0.013351092610252394, "f1-score_mean": 0.8938975862040659, "f1-score_std": 0.004528230650125865, "support_mean": 1700.1, "support_std": 18.49024066906648}, "1.0": {"precision_mean": 0.9525583932561215, "precision_std": 0.011599056187441874, "recall_mean": 0.7919812406080038, "recall_std": 0.01921570892968477, "f1-score_mean": 0.8622628726563452, "f1-score_std": 0.006895673967346476, "support_mean": 1539.9, "support_std": 18.49024066906648}, "macro avg": {"precision_mean": 0.8958944924285731, "precision_std": 0.003762738041667521, "recall_mean": 0.8760889261326691, "recall_std": 0.005278841698805774, "f1-score_mean": 0.8780802294302055, "f1-score_std": 0.005187025332002067, "support_mean": 3240.0, "support_std": 0.0}, "weighted avg": {"precision_mean": 0.8930202360704005, "precision_std": 0.0037004814787435186, "recall_mean": 0.8806172839506173, "recall_std": 0.004978960458659515, "f1-score_mean": 0.879032168892498, "f1-score_std": 0.0051505056581107505, "support_mean": 3240.0, "support_std": 0.0}}, "classification_report_test": {"0.0": {"precision_mean": 0.7053044082247509, "precision_std": 0.09631602706722235, "recall_mean": 0.7699324279656539, "recall_std": 0.09549452944393878, "f1-score_mean": 0.6596695245966856, "f1-score_std": 0.09674075448312101, "support_mean": 188.9, "support_std": 18.49024066906648}, "1.0": {"precision_mean": 0.7703705203541336, "precision_std": 0.0692268373234451, "recall_mean": 0.6053425210345798, "recall_std": 0.11140267933275587, "f1-score_mean": 0.5958142991013001, "f1-score_std": 0.09289969594518992, "support_mean": 171.1, "support_std": 18.49024066906648}, "macro avg": {"precision_mean": 0.7378374642894422, "precision_std": 0.06380824471944194, "recall_mean": 0.6876374745001168, "recall_std": 0.06722195146454704, "f1-score_mean": 0.6277419118489929, "f1-score_std": 0.08434781581827357, "support_mean": 360.0, "support_std": 0.0}, "weighted avg": {"precision_mean": 0.7781268239012924, "precision_std": 0.056175089086860454, "recall_mean": 0.6649999999999999, "recall_std": 0.08021787461287794, "f1-score_mean": 0.637340355740453, "f1-score_std": 0.08680411475531782, "support_mean": 360.0, "support_std": 0.0}}, "timing": {"extractor_fit": "0:00:01.043600", "filtered_features": "0:00:00.000575", "model_training_time": "0:00:00.006755"}, "selected_vocabulary": [["kurtosis", "std", "age", "std_R_R", "skew", "minimum", "std_hrt_rate"], ["maximum", "kurtosis", "age", "mean_R_R", "std_R_R", "minimum", "std_hrt_rate"], ["maximum", "kurtosis", "skew", "age", "std_R_R", "minimum", "std_hrt_rate"], ["age", "maximum", "std", "mean_R_R", "std_R_R", "minimum", "std_hrt_rate"], ["skew", "maximum", "std", "std_R_R", "age", "minimum", "std_hrt_rate"], ["std", "maximum", "skew", "std_R_R", "mean", "minimum", "std_hrt_rate"], ["maximum", "std", "std_R_R", "skew", "age", "minimum", "std_hrt_rate"], ["mean", "maximum", "std", "age", "std_R_R", "minimum", "std_hrt_rate"], ["mean_R_R", "age", "skew", "std", "std_R_R", "minimum", "std_hrt_rate"], ["maximum", "mean_R_R", "std", "age", "std_R_R", "minimum", "std_hrt_rate"]]}