{"classification_report_train": {"0.0": {"precision_mean": 0.8360570585602947, "precision_std": 0.010902704349875645, "recall_mean": 0.9781121338350595, "recall_std": 0.0017347345966354274, "f1-score_mean": 0.9010919825045679, "f1-score_std": 0.0058261672141229435, "support_mean": 1700.1, "support_std": 18.49024066906648}, "1.0": {"precision_mean": 0.9703035450933971, "precision_std": 0.002250050848823723, "recall_mean": 0.7862463574327313, "recall_std": 0.015801305789052082, "f1-score_mean": 0.8677298939990763, "f1-score_std": 0.00907449557471544, "support_mean": 1539.9, "support_std": 18.49024066906648}, "macro avg": {"precision_mean": 0.9031803018268457, "precision_std": 0.005207838364140157, "recall_mean": 0.8821792456338953, "recall_std": 0.007457901725928999, "f1-score_mean": 0.8844109382518222, "f1-score_std": 0.007325669512390468, "support_mean": 3240.0, "support_std": 0.0}, "weighted avg": {"precision_mean": 0.9000265157637319, "precision_std": 0.00538224385930222, "recall_mean": 0.8870061728395061, "recall_std": 0.007024904258094262, "f1-score_mean": 0.8853792581809208, "f1-score_std": 0.007239114191023226, "support_mean": 3240.0, "support_std": 0.0}}, "classification_report_test": {"0.0": {"precision_mean": 0.7184630738978544, "precision_std": 0.07633540068927139, "recall_mean": 0.9027869690212489, "recall_std": 0.03898732321294845, "f1-score_mean": 0.7680860909004521, "f1-score_std": 0.057920869959035934, "support_mean": 188.9, "support_std": 18.49024066906648}, "1.0": {"precision_mean": 0.8269737058409877, "precision_std": 0.05701931438112959, "recall_mean": 0.5920412206663932, "recall_std": 0.10521759107989756, "f1-score_mean": 0.6224295500620336, "f1-score_std": 0.09721097844354168, "support_mean": 171.1, "support_std": 18.49024066906648}, "macro avg": {"precision_mean": 0.7727183898694211, "precision_std": 0.04578773801892295, "recall_mean": 0.7474140948438212, "recall_std": 0.04984029584988853, "f1-score_mean": 0.695257820481243, "f1-score_std": 0.0703745249757791, "support_mean": 360.0, "support_std": 0.0}, "weighted avg": {"precision_mean": 0.8152967083674145, "precision_std": 0.034327657711692584, "recall_mean": 0.7341666666666666, "recall_std": 0.06262894106768259, "f1-score_mean": 0.7110322003912924, "f1-score_std": 0.07071130851513388, "support_mean": 360.0, "support_std": 0.0}}, "timing": {"extractor_fit": "0:00:00.954335", "filtered_features": "-1 day, 23:59:59.999989", "model_training_time": "0:00:00.011223"}, "selected_vocabulary": [["kurtosis"], ["root_mean_diff_R_R"], ["mean_R_R"], ["root_mean_diff_R_R"], ["root_mean_diff_R_R"], ["std"], ["root_mean_diff_R_R"], ["std"], ["kurtosis"], ["maximum"]]}