{"classification_report_train": {"0.0": {"precision_mean": 0.8449489343731316, "precision_std": 0.01225258644492687, "recall_mean": 0.9533188814481376, "recall_std": 0.008836682452399986, "f1-score_mean": 0.8950483057515891, "f1-score_std": 0.007001487211744229, "support_mean": 1700.1, "support_std": 18.49024066906648}, "1.0": {"precision_mean": 0.942172192233438, "precision_std": 0.008797776882453751, "recall_mean": 0.8031154981437956, "recall_std": 0.018739702661493402, "f1-score_mean": 0.8654717183845678, "f1-score_std": 0.010309768528172215, "support_mean": 1539.9, "support_std": 18.49024066906648}, "macro avg": {"precision_mean": 0.8935605633032848, "precision_std": 0.006978688283217435, "recall_mean": 0.8782171897959665, "recall_std": 0.008464950458813403, "f1-score_mean": 0.8802600120680782, "f1-score_std": 0.008406501343392887, "support_mean": 3240.0, "support_std": 0.0}, "weighted avg": {"precision_mean": 0.8909730920247041, "precision_std": 0.0070139209437561825, "recall_mean": 0.882469135802469, "recall_std": 0.008135020288745949, "f1-score_mean": 0.8811886267780304, "f1-score_std": 0.008331734429598706, "support_mean": 3240.0, "support_std": 0.0}}, "classification_report_test": {"0.0": {"precision_mean": 0.6853349357560362, "precision_std": 0.08496364758770844, "recall_mean": 0.7104283381555385, "recall_std": 0.07634040261197435, "f1-score_mean": 0.663872135396047, "f1-score_std": 0.07527452266900433, "support_mean": 188.9, "support_std": 18.49024066906648}, "1.0": {"precision_mean": 0.6762733890009833, "precision_std": 0.09028886114190034, "recall_mean": 0.657052245631502, "recall_std": 0.09656476447190461, "f1-score_mean": 0.6281425802619941, "f1-score_std": 0.08909842007419483, "support_mean": 171.1, "support_std": 18.49024066906648}, "macro avg": {"precision_mean": 0.6808041623785098, "precision_std": 0.07297422374822592, "recall_mean": 0.6837402918935203, "recall_std": 0.07307132190586699, "f1-score_mean": 0.6460073578290204, "f1-score_std": 0.08064380598119872, "support_mean": 360.0, "support_std": 0.0}, "weighted avg": {"precision_mean": 0.7261611657994974, "precision_std": 0.06903989425081047, "recall_mean": 0.655, "recall_std": 0.08059845600947396, "f1-score_mean": 0.6539780419489712, "f1-score_std": 0.08173226029665062, "support_mean": 360.0, "support_std": 0.0}}, "timing": {"extractor_fit": "0:00:00.109424", "filtered_features": "0:00:00.000434", "model_training_time": "0:00:00.006779"}, "selected_vocabulary": [["minimum", "mean_hrt_rate", "skew", "std_R_R", "age", "std_hrt_rate"], ["mean_R_R", "skew", "mean_hrt_rate", "std_R_R", "std_hrt_rate", "age"], ["std", "mean_hrt_rate", "skew", "std_R_R", "std_hrt_rate", "age"], ["mean_R_R", "skew", "std_R_R", "mean_hrt_rate", "age", "std_hrt_rate"], ["maximum", "skew", "mean_hrt_rate", "std_R_R", "std_hrt_rate", "age"], ["kurtosis", "mean_hrt_rate", "skew", "std_R_R", "std_hrt_rate", "age"], ["minimum", "mean_hrt_rate", "skew", "std_R_R", "std_hrt_rate", "age"], ["skew", "mean_R_R", "mean_hrt_rate", "std_R_R", "std_hrt_rate", "age"], ["minimum", "skew", "mean_hrt_rate", "std_hrt_rate", "std_R_R", "age"], ["skew", "mean_R_R", "std_R_R", "mean_hrt_rate", "std_hrt_rate", "age"]]}