{"classification_report_train": {"0.0": {"precision_mean": 0.7071441615727719, "precision_std": 0.021838100750597538, "recall_mean": 0.8632965548468177, "recall_std": 0.045796859760729565, "f1-score_mean": 0.764049326680503, "f1-score_std": 0.02103224062482688, "support_mean": 1700.1, "support_std": 18.49024066906648}, "1.0": {"precision_mean": 0.8279384005074931, "precision_std": 0.026019491388498045, "recall_mean": 0.5786716366044259, "recall_std": 0.050602926507307425, "f1-score_mean": 0.6602066006117855, "f1-score_std": 0.027606157925630072, "support_mean": 1539.9, "support_std": 18.49024066906648}, "macro avg": {"precision_mean": 0.7675412810401326, "precision_std": 0.01077313716294401, "recall_mean": 0.7209840957256218, "recall_std": 0.014940301411571356, "f1-score_mean": 0.7121279636461442, "f1-score_std": 0.018129056518481335, "support_mean": 3240.0, "support_std": 0.0}, "weighted avg": {"precision_mean": 0.7641409244815461, "precision_std": 0.010162917738746165, "recall_mean": 0.7291975308641975, "recall_std": 0.015485352559128451, "f1-score_mean": 0.7151313085389626, "f1-score_std": 0.01820028522759456, "support_mean": 3240.0, "support_std": 0.0}}, "classification_report_test": {"0.0": {"precision_mean": 0.39020202020202016, "precision_std": 0.09485676618573491, "recall_mean": 0.6465699822642625, "recall_std": 0.1322026657402381, "f1-score_mean": 0.4612767475832422, "f1-score_std": 0.0989644603566841, "support_mean": 188.9, "support_std": 18.49024066906648}, "1.0": {"precision_mean": 0.3112345679012346, "precision_std": 0.11140622844628352, "recall_mean": 0.3593065358554489, "recall_std": 0.13564433525265154, "f1-score_mean": 0.268359964786333, "f1-score_std": 0.09064534240833398, "support_mean": 171.1, "support_std": 18.49024066906648}, "macro avg": {"precision_mean": 0.3507182940516274, "precision_std": 0.0743345157480403, "recall_mean": 0.5029382590598557, "recall_std": 0.05522044978729993, "f1-score_mean": 0.36481835618478764, "f1-score_std": 0.05863988822520624, "support_mean": 360.0, "support_std": 0.0}, "weighted avg": {"precision_mean": 0.38202557987280206, "precision_std": 0.0888370989031317, "recall_mean": 0.46638888888888885, "recall_std": 0.0655019201490298, "f1-score_mean": 0.37024286390756417, "f1-score_std": 0.07103209658831044, "support_mean": 360.0, "support_std": 0.0}}, "timing": {"extractor_fit": "0:00:00.108693", "filtered_features": "0:00:00.000387", "model_training_time": "0:00:00.001409"}, "selected_vocabulary": [["mean", "maximum", "root_mean_diff_R_R", "kurtosis", "std", "mean_R_R", "minimum", "mean_hrt_rate", "skew", "std_R_R", "age", "std_hrt_rate"], ["mean", "std", "root_mean_diff_R_R", "minimum", "kurtosis", "maximum", "mean_R_R", "skew", "mean_hrt_rate", "std_R_R", "std_hrt_rate", "age"], ["mean", "maximum", "root_mean_diff_R_R", "mean_R_R", "minimum", "kurtosis", "std", "mean_hrt_rate", "skew", "std_R_R", "std_hrt_rate", "age"], ["mean", "kurtosis", "root_mean_diff_R_R", "std", "maximum", "minimum", "mean_R_R", "skew", "std_R_R", "mean_hrt_rate", "age", "std_hrt_rate"], ["kurtosis", "std", "mean", "root_mean_diff_R_R", "minimum", "mean_R_R", "maximum", "skew", "mean_hrt_rate", "std_R_R", "std_hrt_rate", "age"], ["mean", "root_mean_diff_R_R", "mean_R_R", "std", "maximum", "minimum", "kurtosis", "mean_hrt_rate", "skew", "std_R_R", "std_hrt_rate", "age"], ["mean", "maximum", "std", "root_mean_diff_R_R", "mean_R_R", "kurtosis", "minimum", "mean_hrt_rate", "skew", "std_R_R", "std_hrt_rate", "age"], ["mean", "kurtosis", "std", "minimum", "root_mean_diff_R_R", "maximum", "skew", "mean_R_R", "mean_hrt_rate", "std_R_R", "std_hrt_rate", "age"], ["mean", "maximum", "std", "kurtosis", "root_mean_diff_R_R", "mean_R_R", "minimum", "skew", "mean_hrt_rate", "std_hrt_rate", "std_R_R", "age"], ["mean", "kurtosis", "std", "maximum", "minimum", "root_mean_diff_R_R", "mean_R_R", "skew", "std_R_R", "mean_hrt_rate", "std_hrt_rate", "age"]]}