{"classification_report_train": {"0.0": {"precision_mean": 0.837169654550542, "precision_std": 0.010854266358488308, "recall_mean": 0.9774576391984271, "recall_std": 0.0013309189026776455, "f1-score_mean": 0.9014774369436319, "f1-score_std": 0.005858277351690465, "support_mean": 1700.1, "support_std": 18.49024066906648}, "1.0": {"precision_mean": 0.9692461283636794, "precision_std": 0.0019553448963028214, "recall_mean": 0.7882461697973977, "recall_std": 0.015498330085665597, "f1-score_mean": 0.8686080517546202, "f1-score_std": 0.009067305176571509, "support_mean": 1539.9, "support_std": 18.49024066906648}, "macro avg": {"precision_mean": 0.9032078914571109, "precision_std": 0.005277066353006644, "recall_mean": 0.8828519044979124, "recall_std": 0.007475829483999712, "f1-score_mean": 0.885042744349126, "f1-score_std": 0.007354447772009791, "support_mean": 3240.0, "support_std": 0.0}, "weighted avg": {"precision_mean": 0.9001579746608815, "precision_std": 0.005482855747956305, "recall_mean": 0.8875617283950618, "recall_std": 0.007062582234921351, "f1-score_mean": 0.8859919415325009, "f1-score_std": 0.007269745809531893, "support_mean": 3240.0, "support_std": 0.0}}, "classification_report_test": {"0.0": {"precision_mean": 0.7267299598574992, "precision_std": 0.07697559673729813, "recall_mean": 0.9023540685883484, "recall_std": 0.03932232741818027, "f1-score_mean": 0.7714991116843185, "f1-score_std": 0.05688843929873567, "support_mean": 188.9, "support_std": 18.49024066906648}, "1.0": {"precision_mean": 0.831976956762082, "precision_std": 0.055710644170775675, "recall_mean": 0.6072417599316443, "recall_std": 0.10563813210754235, "f1-score_mean": 0.6343787132607335, "f1-score_std": 0.09501146600401675, "support_mean": 171.1, "support_std": 18.49024066906648}, "macro avg": {"precision_mean": 0.7793534583097907, "precision_std": 0.044215785207464525, "recall_mean": 0.7547979142599964, "recall_std": 0.04852371671499974, "f1-score_mean": 0.7029389124725259, "f1-score_std": 0.06829256113836199, "support_mean": 360.0, "support_std": 0.0}, "weighted avg": {"precision_mean": 0.8227815183578949, "precision_std": 0.03265885365429336, "recall_mean": 0.741111111111111, "recall_std": 0.06016412737023801, "f1-score_mean": 0.7195816822266001, "f1-score_std": 0.06753979369491594, "support_mean": 360.0, "support_std": 0.0}}, "timing": {"extractor_fit": "0:00:00.104351", "filtered_features": "0:00:00.000422", "model_training_time": "0:00:00.011053"}, "selected_vocabulary": [["std_hrt_rate"], ["age"], ["age"], ["std_hrt_rate"], ["age"], ["age"], ["age"], ["age"], ["age"], ["age"]]}