{"classification_report_train": {"0.0": {"precision_mean": 0.8357946335283364, "precision_std": 0.010967042899379565, "recall_mean": 0.9774875262412979, "recall_std": 0.0017919056269904963, "f1-score_mean": 0.9006438860925347, "f1-score_std": 0.005663930218112259, "support_mean": 1700.1, "support_std": 18.49024066906648}, "1.0": {"precision_mean": 0.9694866023497134, "precision_std": 0.0022401335882358286, "recall_mean": 0.7858324122173299, "recall_std": 0.016045472503054884, "f1-score_mean": 0.867083726010984, "f1-score_std": 0.009029124949528919, "support_mean": 1539.9, "support_std": 18.49024066906648}, "macro avg": {"precision_mean": 0.902640617939025, "precision_std": 0.004970025444947736, "recall_mean": 0.8816599692293139, "recall_std": 0.007386853126029063, "f1-score_mean": 0.8838638060517594, "f1-score_std": 0.007221783775913763, "support_mean": 3240.0, "support_std": 0.0}, "weighted avg": {"precision_mean": 0.8995084710432935, "precision_std": 0.005190229067603777, "recall_mean": 0.8864814814814814, "recall_std": 0.006902934926022224, "f1-score_mean": 0.8848408650919088, "f1-score_std": 0.007128308947880023, "support_mean": 3240.0, "support_std": 0.0}}, "classification_report_test": {"0.0": {"precision_mean": 0.7076245929755175, "precision_std": 0.08281609079230492, "recall_mean": 0.8965369690212489, "recall_std": 0.04122227956563623, "f1-score_mean": 0.7527521487031542, "f1-score_std": 0.06262501298461412, "support_mean": 188.9, "support_std": 18.49024066906648}, "1.0": {"precision_mean": 0.817167602488562, "precision_std": 0.05788258507231786, "recall_mean": 0.57132384958718, "recall_std": 0.10799044529502255, "f1-score_mean": 0.5999858962337015, "f1-score_std": 0.09516428336825612, "support_mean": 171.1, "support_std": 18.49024066906648}, "macro avg": {"precision_mean": 0.7623960977320398, "precision_std": 0.04857818011948178, "recall_mean": 0.7339304093042145, "recall_std": 0.051664848802560975, "f1-score_mean": 0.6763690224684279, "f1-score_std": 0.07222595043401188, "support_mean": 360.0, "support_std": 0.0}, "weighted avg": {"precision_mean": 0.8081155876676409, "precision_std": 0.03580086748439691, "recall_mean": 0.7119444444444444, "recall_std": 0.06618349212326008, "f1-score_mean": 0.6893099053968011, "f1-score_std": 0.07226745667489508, "support_mean": 360.0, "support_std": 0.0}}, "timing": {"extractor_fit": "0:00:01.093687", "filtered_features": "0:00:00.000659", "model_training_time": "0:00:00.009006"}, "selected_vocabulary": [["std", "skew", "std_R_R", "minimum", "std_hrt_rate"], ["mean_R_R", "age", "std_R_R", "minimum", "std_hrt_rate"], ["age", "skew", "std_R_R", "minimum", "std_hrt_rate"], ["mean_R_R", "std", "minimum", "std_R_R", "std_hrt_rate"], ["std_R_R", "maximum", "age", "minimum", "std_hrt_rate"], ["kurtosis", "std_R_R", "mean", "minimum", "std_hrt_rate"], ["std_R_R", "std", "skew", "minimum", "std_hrt_rate"], ["std", "age", "minimum", "std_R_R", "std_hrt_rate"], ["skew", "mean_R_R", "std_R_R", "std_hrt_rate", "minimum"], ["age", "mean_R_R", "std_R_R", "minimum", "std_hrt_rate"]]}