{"classification_report_train": {"0.0": {"precision_mean": 0.8579495659674343, "precision_std": 0.015831631450132028, "recall_mean": 0.9343642424766614, "recall_std": 0.010209583089873108, "f1-score_mean": 0.8929436704790319, "f1-score_std": 0.006691505388198551, "support_mean": 1700.1, "support_std": 18.49024066906648}, "1.0": {"precision_mean": 0.9223101536558389, "precision_std": 0.009730546419993989, "recall_mean": 0.8247814959385416, "recall_std": 0.022334039260793612, "f1-score_mean": 0.8682058102746604, "f1-score_std": 0.010064047443444633, "support_mean": 1539.9, "support_std": 18.49024066906648}, "macro avg": {"precision_mean": 0.8901298598116367, "precision_std": 0.006503751045336143, "recall_mean": 0.8795728692076015, "recall_std": 0.00831406474259195, "f1-score_mean": 0.880574740376846, "f1-score_std": 0.008154926097186998, "support_mean": 3240.0, "support_std": 0.0}, "weighted avg": {"precision_mean": 0.8887846653505191, "precision_std": 0.006718311032938084, "recall_mean": 0.8822222222222222, "recall_std": 0.007901138116695253, "f1-score_mean": 0.881283028981996, "f1-score_std": 0.008116776502128534, "support_mean": 3240.0, "support_std": 0.0}}, "classification_report_test": {"0.0": {"precision_mean": 0.6662662410482274, "precision_std": 0.08274891263306257, "recall_mean": 0.6578122333409413, "recall_std": 0.09568786550429845, "f1-score_mean": 0.6184450729115987, "f1-score_std": 0.08623109674023459, "support_mean": 188.9, "support_std": 18.49024066906648}, "1.0": {"precision_mean": 0.6642142759094284, "precision_std": 0.08892281742746816, "recall_mean": 0.6560332460901049, "recall_std": 0.09626626734208094, "f1-score_mean": 0.6204625043999463, "f1-score_std": 0.08717865280053985, "support_mean": 171.1, "support_std": 18.49024066906648}, "macro avg": {"precision_mean": 0.665240258478828, "precision_std": 0.07150676713905887, "recall_mean": 0.6569227397155231, "recall_std": 0.07182517361857572, "f1-score_mean": 0.6194537886557725, "f1-score_std": 0.07908236863212165, "support_mean": 360.0, "support_std": 0.0}, "weighted avg": {"precision_mean": 0.7085933797275998, "precision_std": 0.06731282698875451, "recall_mean": 0.6458333333333333, "recall_std": 0.078371001581509, "f1-score_mean": 0.6372411925325487, "f1-score_std": 0.07897908221949733, "support_mean": 360.0, "support_std": 0.0}}, "timing": {"extractor_fit": "0:00:00.110176", "filtered_features": "0:00:00.000428", "model_training_time": "0:00:00.006056"}, "selected_vocabulary": [["mean_R_R", "minimum", "mean_hrt_rate", "skew", "std_R_R", "age", "std_hrt_rate"], ["maximum", "mean_R_R", "skew", "mean_hrt_rate", "std_R_R", "std_hrt_rate", "age"], ["minimum", "std", "mean_hrt_rate", "skew", "std_R_R", "std_hrt_rate", "age"], ["minimum", "mean_R_R", "skew", "std_R_R", "mean_hrt_rate", "age", "std_hrt_rate"], ["minimum", "maximum", "skew", "mean_hrt_rate", "std_R_R", "std_hrt_rate", "age"], ["maximum", "kurtosis", "mean_hrt_rate", "skew", "std_R_R", "std_hrt_rate", "age"], ["kurtosis", "minimum", "mean_hrt_rate", "skew", "std_R_R", "std_hrt_rate", "age"], ["root_mean_diff_R_R", "skew", "mean_R_R", "mean_hrt_rate", "std_R_R", "std_hrt_rate", "age"], ["mean_R_R", "minimum", "skew", "mean_hrt_rate", "std_hrt_rate", "std_R_R", "age"], ["root_mean_diff_R_R", "skew", "mean_R_R", "std_R_R", "mean_hrt_rate", "std_hrt_rate", "age"]]}