{"classification_report_train": {"0.0": {"precision_mean": 0.8510064730562668, "precision_std": 0.013457875792620238, "recall_mean": 0.7749321253865163, "recall_std": 0.03144507018333405, "f1-score_mean": 0.8055667226337286, "f1-score_std": 0.012075203550640744, "support_mean": 1700.1, "support_std": 18.49024066906648}, "1.0": {"precision_mean": 0.7873161165124898, "precision_std": 0.022924499722720874, "recall_mean": 0.8379956661696994, "recall_std": 0.029502087957538725, "f1-score_mean": 0.8037140752790985, "f1-score_std": 0.009025221110008709, "support_mean": 1539.9, "support_std": 18.49024066906648}, "macro avg": {"precision_mean": 0.8191612947843783, "precision_std": 0.007525391406313568, "recall_mean": 0.806463895778108, "recall_std": 0.007549330888492236, "f1-score_mean": 0.8046403989564137, "f1-score_std": 0.00779181761702257, "support_mean": 3240.0, "support_std": 0.0}, "weighted avg": {"precision_mean": 0.81952008727256, "precision_std": 0.0069590758223830205, "recall_mean": 0.8073148148148148, "recall_std": 0.007789777388568351, "f1-score_mean": 0.8053612469642726, "f1-score_std": 0.007912411494617317, "support_mean": 3240.0, "support_std": 0.0}}, "classification_report_test": {"0.0": {"precision_mean": 0.7158340755162784, "precision_std": 0.09991050649629622, "recall_mean": 0.665503788891958, "recall_std": 0.1032871234457474, "f1-score_mean": 0.6338892784258556, "f1-score_std": 0.09778281530421012, "support_mean": 188.9, "support_std": 18.49024066906648}, "1.0": {"precision_mean": 0.7387099875540333, "precision_std": 0.05849352526467988, "recall_mean": 0.7501744645519443, "recall_std": 0.08358995489023664, "f1-score_mean": 0.6833127553438033, "f1-score_std": 0.06591063534959103, "support_mean": 171.1, "support_std": 18.49024066906648}, "macro avg": {"precision_mean": 0.727272031535156, "precision_std": 0.05550023631559318, "recall_mean": 0.707839126721951, "recall_std": 0.06089465609647247, "f1-score_mean": 0.6586010168848297, "f1-score_std": 0.07361387966594433, "support_mean": 360.0, "support_std": 0.0}, "weighted avg": {"precision_mean": 0.7830893413698022, "precision_std": 0.03932673169560785, "recall_mean": 0.6863888888888889, "recall_std": 0.06542412672726088, "f1-score_mean": 0.6712400534196435, "f1-score_std": 0.07332081900939258, "support_mean": 360.0, "support_std": 0.0}}, "timing": {"extractor_fit": "0:00:00.001471", "filtered_features": "0:00:00.000385", "model_training_time": "0:00:00.003322"}, "selected_vocabulary": [["root_mean_diff_R_R", "mean", "mean_R_R", "maximum", "kurtosis", "mean_hrt_rate", "minimum", "std", "skew", "std_R_R", "std_hrt_rate"], ["maximum", "kurtosis", "root_mean_diff_R_R", "mean", "mean_R_R", "minimum", "std", "skew", "mean_hrt_rate", "std_R_R", "std_hrt_rate"], ["mean", "mean_R_R", "age", "maximum", "mean_hrt_rate", "kurtosis", "std", "minimum", "skew", "std_R_R", "std_hrt_rate"], ["mean", "kurtosis", "root_mean_diff_R_R", "mean_R_R", "maximum", "skew", "mean_hrt_rate", "minimum", "std", "std_R_R", "std_hrt_rate"], ["age", "maximum", "kurtosis", "mean_R_R", "mean_hrt_rate", "mean", "std", "minimum", "skew", "std_R_R", "std_hrt_rate"], ["root_mean_diff_R_R", "mean_R_R", "kurtosis", "mean_hrt_rate", "mean", "maximum", "minimum", "skew", "std", "std_R_R", "std_hrt_rate"], ["maximum", "age", "mean_R_R", "mean", "mean_hrt_rate", "kurtosis", "std", "minimum", "skew", "std_R_R", "std_hrt_rate"], ["kurtosis", "root_mean_diff_R_R", "mean_R_R", "mean", "mean_hrt_rate", "maximum", "minimum", "skew", "std", "std_R_R", "std_hrt_rate"], ["maximum", "mean", "root_mean_diff_R_R", "mean_R_R", "kurtosis", "std", "mean_hrt_rate", "minimum", "std_R_R", "skew", "std_hrt_rate"], ["kurtosis", "maximum", "root_mean_diff_R_R", "mean", "mean_R_R", "minimum", "mean_hrt_rate", "skew", "std", "std_R_R", "std_hrt_rate"]]}