{"classification_report_train": {"0.0": {"precision_mean": 0.8640344361716021, "precision_std": 0.01815472486520819, "recall_mean": 0.927777350859359, "recall_std": 0.018564412354725016, "f1-score_mean": 0.8914001742841666, "f1-score_std": 0.006653004171367658, "support_mean": 1700.1, "support_std": 18.49024066906648}, "1.0": {"precision_mean": 0.9212659244560821, "precision_std": 0.016874805276772754, "recall_mean": 0.8305867225484184, "recall_std": 0.027103821003455722, "f1-score_mean": 0.8682560858613984, "f1-score_std": 0.009727606486615498, "support_mean": 1539.9, "support_std": 18.49024066906648}, "macro avg": {"precision_mean": 0.8926501803138424, "precision_std": 0.005506206560277828, "recall_mean": 0.8791820367038887, "recall_std": 0.007700699987656845, "f1-score_mean": 0.8798281300727824, "f1-score_std": 0.007606161855915802, "support_mean": 3240.0, "support_std": 0.0}, "weighted avg": {"precision_mean": 0.8913393130934637, "precision_std": 0.005569179680977107, "recall_mean": 0.8816975308641976, "recall_std": 0.0072937590896796, "f1-score_mean": 0.880515083037203, "f1-score_std": 0.007588081125298297, "support_mean": 3240.0, "support_std": 0.0}}, "classification_report_test": {"0.0": {"precision_mean": 0.6669948101520277, "precision_std": 0.0821942241642167, "recall_mean": 0.5937664227321535, "recall_std": 0.12930041277222326, "f1-score_mean": 0.5151597098312859, "f1-score_std": 0.10325683133585407, "support_mean": 188.9, "support_std": 18.49024066906648}, "1.0": {"precision_mean": 0.6741517661971506, "precision_std": 0.0805185839911367, "recall_mean": 0.6798697193082727, "recall_std": 0.11427126926012836, "f1-score_mean": 0.5589565245258942, "f1-score_std": 0.0862947922416537, "support_mean": 171.1, "support_std": 18.49024066906648}, "macro avg": {"precision_mean": 0.6705732881745892, "precision_std": 0.0505879439023399, "recall_mean": 0.6368180710202129, "recall_std": 0.05296573797795718, "f1-score_mean": 0.5370581171785901, "f1-score_std": 0.07286072451434883, "support_mean": 360.0, "support_std": 0.0}, "weighted avg": {"precision_mean": 0.7308174879984916, "precision_std": 0.04385631950170366, "recall_mean": 0.6022222222222221, "recall_std": 0.06711975661751957, "f1-score_mean": 0.5463745346443376, "f1-score_std": 0.07857248144240751, "support_mean": 360.0, "support_std": 0.0}}, "timing": {"extractor_fit": "0:00:00.850974", "filtered_features": "-1 day, 23:59:59.999990", "model_training_time": "0:00:00.008087"}, "selected_vocabulary": [["kurtosis", "std_R_R", "std", "mean_hrt_rate", "mean"], ["kurtosis", "mean", "minimum", "mean_R_R", "mean_hrt_rate"], ["mean_R_R", "std_R_R", "gender", "maximum", "age"], ["root_mean_diff_R_R", "gender", "maximum", "age", "std_hrt_rate"], ["mean", "std_R_R", "skew", "mean_R_R", "root_mean_diff_R_R"], ["std", "std_R_R", "maximum", "age", "kurtosis"], ["root_mean_diff_R_R", "std_R_R", "mean_R_R", "age", "skew"], ["std", "std_R_R", "minimum", "mean", "kurtosis"], ["kurtosis", "std_hrt_rate", "gender", "maximum", "mean"], ["std", "mean_hrt_rate", "maximum", "skew", "minimum"]]}