{"classification_report_train": {"0.0": {"precision_mean": 0.835399580844625, "precision_std": 0.00987151398954962, "recall_mean": 0.9602786673719861, "recall_std": 0.007991163728140611, "f1-score_mean": 0.8927996590959669, "f1-score_std": 0.004742850369252901, "support_mean": 1700.1, "support_std": 18.49024066906648}, "1.0": {"precision_mean": 0.9494495896864092, "precision_std": 0.007740861838048689, "recall_mean": 0.7888274487081005, "recall_std": 0.015122706187792616, "f1-score_mean": 0.8604146984762776, "f1-score_std": 0.00723501092951237, "support_mean": 1539.9, "support_std": 18.49024066906648}, "macro avg": {"precision_mean": 0.8924245852655173, "precision_std": 0.004459063298663176, "recall_mean": 0.8745530580400432, "recall_std": 0.0057759959608913464, "f1-score_mean": 0.8766071787861222, "f1-score_std": 0.0056682323046834664, "support_mean": 3240.0, "support_std": 0.0}, "weighted avg": {"precision_mean": 0.8896547173799944, "precision_std": 0.004480555441365342, "recall_mean": 0.8790432098765433, "recall_std": 0.005433054419304256, "f1-score_mean": 0.8775749451457455, "f1-score_std": 0.005599938548024543, "support_mean": 3240.0, "support_std": 0.0}}, "classification_report_test": {"0.0": {"precision_mean": 0.7258941803094231, "precision_std": 0.09421149746474913, "recall_mean": 0.8205289368431957, "recall_std": 0.059345131298352345, "f1-score_mean": 0.7428276721603086, "f1-score_std": 0.07732141692015596, "support_mean": 188.9, "support_std": 18.49024066906648}, "1.0": {"precision_mean": 0.799297667105639, "precision_std": 0.059347457295762365, "recall_mean": 0.6935496552532824, "recall_std": 0.08490913213594718, "f1-score_mean": 0.7099375957308693, "f1-score_std": 0.06788996830462211, "support_mean": 171.1, "support_std": 18.49024066906648}, "macro avg": {"precision_mean": 0.762595923707531, "precision_std": 0.0633011098424728, "recall_mean": 0.757039296048239, "recall_std": 0.06132046670886439, "f1-score_mean": 0.7263826339455892, "f1-score_std": 0.07161128646658711, "support_mean": 360.0, "support_std": 0.0}, "weighted avg": {"precision_mean": 0.8028044073747422, "precision_std": 0.055753599921115914, "recall_mean": 0.7347222222222223, "recall_std": 0.07215194230079865, "f1-score_mean": 0.73595630248112, "f1-score_std": 0.07216722282226108, "support_mean": 360.0, "support_std": 0.0}}, "timing": {"extractor_fit": "0:00:00.001515", "filtered_features": "0:00:00.000365", "model_training_time": "0:00:00.005764"}, "selected_vocabulary": [["maximum", "kurtosis", "mean_hrt_rate", "minimum", "std", "skew", "std_R_R", "std_hrt_rate"], ["mean", "mean_R_R", "minimum", "std", "skew", "mean_hrt_rate", "std_R_R", "std_hrt_rate"], ["maximum", "mean_hrt_rate", "kurtosis", "std", "minimum", "skew", "std_R_R", "std_hrt_rate"], ["mean_R_R", "maximum", "skew", "mean_hrt_rate", "minimum", "std", "std_R_R", "std_hrt_rate"], ["mean_R_R", "mean_hrt_rate", "mean", "std", "minimum", "skew", "std_R_R", "std_hrt_rate"], ["mean_hrt_rate", "mean", "maximum", "minimum", "skew", "std", "std_R_R", "std_hrt_rate"], ["mean", "mean_hrt_rate", "kurtosis", "std", "minimum", "skew", "std_R_R", "std_hrt_rate"], ["mean", "mean_hrt_rate", "maximum", "minimum", "skew", "std", "std_R_R", "std_hrt_rate"], ["mean_R_R", "kurtosis", "std", "mean_hrt_rate", "minimum", "std_R_R", "skew", "std_hrt_rate"], ["mean", "mean_R_R", "minimum", "mean_hrt_rate", "skew", "std", "std_R_R", "std_hrt_rate"]]}