{"classification_report_train": {"0.0": {"precision_mean": 0.785668653385592, "precision_std": 0.02013053691859235, "recall_mean": 0.9588966497202851, "recall_std": 0.002352503312945551, "f1-score_mean": 0.862112020575073, "f1-score_std": 0.01085414867564935, "support_mean": 1700.1, "support_std": 18.49024066906648}, "1.0": {"precision_mean": 0.9397741927642727, "precision_std": 0.0025605594581943306, "recall_mean": 0.7088429767091636, "recall_std": 0.028136595355729016, "f1-score_mean": 0.8049284609980815, "f1-score_std": 0.01663298934131032, "support_mean": 1539.9, "support_std": 18.49024066906648}, "macro avg": {"precision_mean": 0.8627214230749324, "precision_std": 0.009349309778090032, "recall_mean": 0.8338698132147243, "recall_std": 0.013149680570738035, "f1-score_mean": 0.8335202407865772, "f1-score_std": 0.013720740180501631, "support_mean": 3240.0, "support_std": 0.0}, "weighted avg": {"precision_mean": 0.8600892217025982, "precision_std": 0.009484541703800533, "recall_mean": 0.8384876543209877, "recall_std": 0.013138729745539413, "f1-score_mean": 0.8346620348086281, "f1-score_std": 0.013767477910640367, "support_mean": 3240.0, "support_std": 0.0}}, "classification_report_test": {"0.0": {"precision_mean": 0.6842155397862808, "precision_std": 0.09971936019216687, "recall_mean": 0.8624127874720748, "recall_std": 0.08960347920917201, "f1-score_mean": 0.7408060973716869, "f1-score_std": 0.09361138256501701, "support_mean": 188.9, "support_std": 18.49024066906648}, "1.0": {"precision_mean": 0.8637169217106093, "precision_std": 0.05135418851168049, "recall_mean": 0.6138175922456677, "recall_std": 0.09237128020408268, "f1-score_mean": 0.6768928119104488, "f1-score_std": 0.08302154113094815, "support_mean": 171.1, "support_std": 18.49024066906648}, "macro avg": {"precision_mean": 0.7739662307484451, "precision_std": 0.06423769996669239, "recall_mean": 0.7381151898588711, "recall_std": 0.06514130132908375, "f1-score_mean": 0.7088494546410679, "f1-score_std": 0.07765347610659608, "support_mean": 360.0, "support_std": 0.0}, "weighted avg": {"precision_mean": 0.8133435313281812, "precision_std": 0.048255845667929856, "recall_mean": 0.7469444444444444, "recall_std": 0.06847822263543821, "f1-score_mean": 0.731358171457507, "f1-score_std": 0.07346914601699756, "support_mean": 360.0, "support_std": 0.0}}, "timing": {"extractor_fit": "0:00:00.110366", "filtered_features": "0:00:00.000473", "model_training_time": "0:00:00.003392"}, "selected_vocabulary": [["root_mean_diff_R_R", "kurtosis", "std", "mean_R_R", "minimum", "mean_hrt_rate", "skew", "std_R_R", "age", "std_hrt_rate"], ["minimum", "root_mean_diff_R_R", "kurtosis", "maximum", "mean_R_R", "skew", "mean_hrt_rate", "std_R_R", "std_hrt_rate", "age"], ["maximum", "mean_R_R", "kurtosis", "std", "minimum", "mean_hrt_rate", "skew", "std_R_R", "std_hrt_rate", "age"], ["root_mean_diff_R_R", "maximum", "std", "minimum", "mean_R_R", "skew", "std_R_R", "mean_hrt_rate", "age", "std_hrt_rate"], ["mean", "root_mean_diff_R_R", "minimum", "mean_R_R", "maximum", "skew", "mean_hrt_rate", "std_R_R", "std_hrt_rate", "age"], ["mean_R_R", "std", "maximum", "minimum", "kurtosis", "mean_hrt_rate", "skew", "std_R_R", "std_hrt_rate", "age"], ["std", "root_mean_diff_R_R", "mean_R_R", "kurtosis", "minimum", "mean_hrt_rate", "skew", "std_R_R", "std_hrt_rate", "age"], ["std", "minimum", "maximum", "root_mean_diff_R_R", "skew", "mean_R_R", "mean_hrt_rate", "std_R_R", "std_hrt_rate", "age"], ["std", "kurtosis", "root_mean_diff_R_R", "mean_R_R", "minimum", "skew", "mean_hrt_rate", "std_hrt_rate", "std_R_R", "age"], ["std", "minimum", "maximum", "root_mean_diff_R_R", "skew", "mean_R_R", "std_R_R", "mean_hrt_rate", "std_hrt_rate", "age"]]}