{"classification_report_train": {"0.0": {"precision_mean": 0.8353197626206791, "precision_std": 0.013820058785969458, "recall_mean": 0.9642428746081458, "recall_std": 0.013706411334848607, "f1-score_mean": 0.893268623075579, "f1-score_std": 0.005106081980997136, "support_mean": 1700.1, "support_std": 18.49024066906648}, "1.0": {"precision_mean": 0.957471581775127, "precision_std": 0.012066902781004812, "recall_mean": 0.7847922581052214, "recall_std": 0.02051067530055455, "f1-score_mean": 0.8596870442250593, "f1-score_std": 0.007896719640203, "support_mean": 1539.9, "support_std": 18.49024066906648}, "macro avg": {"precision_mean": 0.8963956721979031, "precision_std": 0.004334391610548986, "recall_mean": 0.8745175663566837, "recall_std": 0.006112774850545108, "f1-score_mean": 0.8764778336503192, "f1-score_std": 0.006030126112788335, "support_mean": 3240.0, "support_std": 0.0}, "weighted avg": {"precision_mean": 0.8933576244692265, "precision_std": 0.004319750118751332, "recall_mean": 0.8792592592592593, "recall_std": 0.005774129638601077, "f1-score_mean": 0.8774718960837713, "f1-score_std": 0.005973531954195892, "support_mean": 3240.0, "support_std": 0.0}}, "classification_report_test": {"0.0": {"precision_mean": 0.7521078622659492, "precision_std": 0.08691855398963207, "recall_mean": 0.7926668601943543, "recall_std": 0.08899120446389301, "f1-score_mean": 0.7009016299877823, "f1-score_std": 0.09271464113401642, "support_mean": 188.9, "support_std": 18.49024066906648}, "1.0": {"precision_mean": 0.7994385538065776, "precision_std": 0.07148075450658013, "recall_mean": 0.7053584226521437, "recall_std": 0.09280023049083466, "f1-score_mean": 0.697426481556134, "f1-score_std": 0.08009287491362453, "support_mean": 171.1, "support_std": 18.49024066906648}, "macro avg": {"precision_mean": 0.7757732080362634, "precision_std": 0.06022284539394234, "recall_mean": 0.749012641423249, "recall_std": 0.05962976669704825, "f1-score_mean": 0.6991640557719581, "f1-score_std": 0.0817381461231881, "support_mean": 360.0, "support_std": 0.0}, "weighted avg": {"precision_mean": 0.8138689106315626, "precision_std": 0.05234057077569923, "recall_mean": 0.7186111111111111, "recall_std": 0.0790150106851872, "f1-score_mean": 0.6981263501904357, "f1-score_std": 0.08862404116834158, "support_mean": 360.0, "support_std": 0.0}}, "timing": {"extractor_fit": "0:00:00.001436", "filtered_features": "0:00:00.000382", "model_training_time": "0:00:00.008942"}, "selected_vocabulary": [["minimum", "std", "skew", "std_R_R", "std_hrt_rate"], ["std", "skew", "mean_hrt_rate", "std_R_R", "std_hrt_rate"], ["std", "minimum", "skew", "std_R_R", "std_hrt_rate"], ["mean_hrt_rate", "minimum", "std", "std_R_R", "std_hrt_rate"], ["std", "minimum", "skew", "std_R_R", "std_hrt_rate"], ["minimum", "skew", "std", "std_R_R", "std_hrt_rate"], ["std", "minimum", "skew", "std_R_R", "std_hrt_rate"], ["minimum", "skew", "std", "std_R_R", "std_hrt_rate"], ["mean_hrt_rate", "minimum", "std_R_R", "skew", "std_hrt_rate"], ["mean_hrt_rate", "skew", "std", "std_R_R", "std_hrt_rate"]]}