{"classification_report_train": {"0.0": {"precision_mean": 0.7776468827816003, "precision_std": 0.018151617515129, "recall_mean": 0.9571488697178626, "recall_std": 0.0026920082450336185, "f1-score_mean": 0.8569161324208634, "f1-score_std": 0.010320075891805005, "support_mean": 1700.1, "support_std": 18.49024066906648}, "1.0": {"precision_mean": 0.9365082911750744, "precision_std": 0.0031050219394816395, "recall_mean": 0.6962688904575008, "recall_std": 0.02504525131490344, "f1-score_mean": 0.7962758201145433, "f1-score_std": 0.015403978758779715, "support_mean": 1539.9, "support_std": 18.49024066906648}, "macro avg": {"precision_mean": 0.8570775869783374, "precision_std": 0.009190393799408588, "recall_mean": 0.8267088800876818, "recall_std": 0.012110690895067935, "f1-score_mean": 0.8265959762677035, "f1-score_std": 0.012815481513562405, "support_mean": 3240.0, "support_std": 0.0}, "weighted avg": {"precision_mean": 0.8540341238462297, "precision_std": 0.00912243229358502, "recall_mean": 0.8319753086419753, "recall_std": 0.01232909379796349, "f1-score_mean": 0.8278858696171756, "f1-score_std": 0.012911085831423705, "support_mean": 3240.0, "support_std": 0.0}}, "classification_report_test": {"0.0": {"precision_mean": 0.7189244047210058, "precision_std": 0.08404010601330439, "recall_mean": 0.9042877874720746, "recall_std": 0.03931758383032129, "f1-score_mean": 0.7695243413239347, "f1-score_std": 0.06430511523680793, "support_mean": 188.9, "support_std": 18.49024066906648}, "1.0": {"precision_mean": 0.8498120437205872, "precision_std": 0.049483199509461, "recall_mean": 0.603056306322968, "recall_std": 0.10477964263871989, "f1-score_mean": 0.6436495819830743, "f1-score_std": 0.09164074782847821, "support_mean": 171.1, "support_std": 18.49024066906648}, "macro avg": {"precision_mean": 0.7843682242207964, "precision_std": 0.04820093070574842, "recall_mean": 0.7536720468975215, "recall_std": 0.0524576051987416, "f1-score_mean": 0.7065869616535044, "f1-score_std": 0.07036485749066304, "support_mean": 360.0, "support_std": 0.0}, "weighted avg": {"precision_mean": 0.826286851524167, "precision_std": 0.03530032485667662, "recall_mean": 0.741111111111111, "recall_std": 0.06325384875812735, "f1-score_mean": 0.7229307160052214, "f1-score_std": 0.06872271784658356, "support_mean": 360.0, "support_std": 0.0}}, "timing": {"extractor_fit": "0:00:00.107237", "filtered_features": "0:00:00.000405", "model_training_time": "0:00:00.002507"}, "selected_vocabulary": [["maximum", "root_mean_diff_R_R", "kurtosis", "mean_R_R", "std", "minimum", "mean_hrt_rate", "skew", "std_R_R", "age", "std_hrt_rate"], ["std", "root_mean_diff_R_R", "minimum", "kurtosis", "maximum", "mean_R_R", "skew", "mean_hrt_rate", "std_R_R", "std_hrt_rate", "age"], ["maximum", "root_mean_diff_R_R", "mean_R_R", "kurtosis", "std", "minimum", "mean_hrt_rate", "skew", "std_R_R", "std_hrt_rate", "age"], ["maximum", "kurtosis", "root_mean_diff_R_R", "std", "minimum", "mean_R_R", "skew", "std_R_R", "mean_hrt_rate", "age", "std_hrt_rate"], ["std", "minimum", "mean", "root_mean_diff_R_R", "mean_R_R", "maximum", "skew", "mean_hrt_rate", "std_R_R", "std_hrt_rate", "age"], ["root_mean_diff_R_R", "mean_R_R", "std", "maximum", "kurtosis", "minimum", "mean_hrt_rate", "skew", "std_R_R", "std_hrt_rate", "age"], ["maximum", "std", "root_mean_diff_R_R", "mean_R_R", "kurtosis", "minimum", "mean_hrt_rate", "skew", "std_R_R", "std_hrt_rate", "age"], ["kurtosis", "std", "minimum", "maximum", "root_mean_diff_R_R", "skew", "mean_R_R", "mean_hrt_rate", "std_R_R", "std_hrt_rate", "age"], ["maximum", "std", "kurtosis", "root_mean_diff_R_R", "mean_R_R", "minimum", "skew", "mean_hrt_rate", "std_hrt_rate", "std_R_R", "age"], ["kurtosis", "std", "maximum", "minimum", "root_mean_diff_R_R", "skew", "mean_R_R", "std_R_R", "mean_hrt_rate", "std_hrt_rate", "age"]]}