{"classification_report_train": {"0.0": {"precision_mean": 0.7899955270052443, "precision_std": 0.013260367307030922, "recall_mean": 0.9394279335440279, "recall_std": 0.016025080912189977, "f1-score_mean": 0.85598693973396, "f1-score_std": 0.004706578288014879, "support_mean": 1700.1, "support_std": 18.49024066906648}, "1.0": {"precision_mean": 0.9227594905908674, "precision_std": 0.013502301298546092, "recall_mean": 0.716459920378819, "recall_std": 0.024600662978768464, "f1-score_mean": 0.8022585732454491, "f1-score_std": 0.010411262470938713, "support_mean": 1539.9, "support_std": 18.49024066906648}, "macro avg": {"precision_mean": 0.856377508798056, "precision_std": 0.004239168916513392, "recall_mean": 0.8279439269614235, "recall_std": 0.0065960549035742715, "f1-score_mean": 0.8291227564897046, "f1-score_std": 0.006477588674826609, "support_mean": 3240.0, "support_std": 0.0}, "weighted avg": {"precision_mean": 0.8527451616704894, "precision_std": 0.004055993308029162, "recall_mean": 0.8343827160493825, "recall_std": 0.00569847042264416, "f1-score_mean": 0.8308203521198922, "f1-score_std": 0.006216132930555298, "support_mean": 3240.0, "support_std": 0.0}}, "classification_report_test": {"0.0": {"precision_mean": 0.7198888671215197, "precision_std": 0.08383774505075645, "recall_mean": 0.7565357506698753, "recall_std": 0.10669461136922347, "f1-score_mean": 0.6403778433824682, "f1-score_std": 0.0957450939175311, "support_mean": 188.9, "support_std": 18.49024066906648}, "1.0": {"precision_mean": 0.7991095629119365, "precision_std": 0.06584503581365439, "recall_mean": 0.6691082752108667, "recall_std": 0.0942534049050255, "f1-score_mean": 0.6472112311821057, "f1-score_std": 0.07395624088635165, "support_mean": 171.1, "support_std": 18.49024066906648}, "macro avg": {"precision_mean": 0.7594992150167281, "precision_std": 0.048411448294854095, "recall_mean": 0.7128220129403712, "recall_std": 0.052888432123814104, "f1-score_mean": 0.6437945372822869, "f1-score_std": 0.07820688498123958, "support_mean": 360.0, "support_std": 0.0}, "weighted avg": {"precision_mean": 0.8046518779951437, "precision_std": 0.03340633105178888, "recall_mean": 0.6694444444444445, "recall_std": 0.07474442049452071, "f1-score_mean": 0.6379967785043429, "f1-score_std": 0.08484732829465447, "support_mean": 360.0, "support_std": 0.0}}, "timing": {"extractor_fit": "0:00:01.058238", "filtered_features": "0:00:00.000613", "model_training_time": "0:00:00.003264"}, "selected_vocabulary": [["kurtosis", "mean_hrt_rate", "mean", "mean_R_R", "age", "maximum", "std", "std_R_R", "skew", "minimum", "std_hrt_rate"], ["mean_hrt_rate", "mean", "std", "kurtosis", "mean_R_R", "maximum", "age", "skew", "std_R_R", "minimum", "std_hrt_rate"], ["root_mean_diff_R_R", "maximum", "mean", "mean_R_R", "skew", "kurtosis", "std", "age", "std_R_R", "minimum", "std_hrt_rate"], ["kurtosis", "mean_hrt_rate", "mean", "age", "maximum", "skew", "std", "mean_R_R", "minimum", "std_R_R", "std_hrt_rate"], ["root_mean_diff_R_R", "kurtosis", "skew", "mean_R_R", "mean", "maximum", "std", "age", "std_R_R", "minimum", "std_hrt_rate"], ["root_mean_diff_R_R", "std", "mean_R_R", "age", "kurtosis", "skew", "maximum", "mean", "std_R_R", "minimum", "std_hrt_rate"], ["root_mean_diff_R_R", "mean", "kurtosis", "mean_R_R", "skew", "maximum", "std_R_R", "std", "age", "minimum", "std_hrt_rate"], ["mean_hrt_rate", "root_mean_diff_R_R", "maximum", "skew", "mean", "mean_R_R", "std", "minimum", "age", "std_R_R", "std_hrt_rate"], ["root_mean_diff_R_R", "maximum", "kurtosis", "age", "mean", "skew", "mean_R_R", "std", "std_R_R", "minimum", "std_hrt_rate"], ["mean_hrt_rate", "mean", "kurtosis", "maximum", "skew", "std", "mean_R_R", "age", "std_R_R", "minimum", "std_hrt_rate"]]}