{"classification_report_train": {"0.0": {"precision_mean": 0.8366205745904518, "precision_std": 0.01092034499977947, "recall_mean": 0.9773921260191845, "recall_std": 0.0012699861596541582, "f1-score_mean": 0.9011264001450335, "f1-score_std": 0.005894728157888151, "support_mean": 1700.1, "support_std": 18.49024066906648}, "1.0": {"precision_mean": 0.9691483908914881, "precision_std": 0.001844726539280309, "recall_mean": 0.7874165637332247, "recall_std": 0.015557022312289224, "f1-score_mean": 0.8680560169521001, "f1-score_std": 0.009085074506093584, "support_mean": 1539.9, "support_std": 18.49024066906648}, "macro avg": {"precision_mean": 0.9028844827409699, "precision_std": 0.0052991836224708985, "recall_mean": 0.8824043448762044, "recall_std": 0.007493084768469864, "f1-score_mean": 0.8845912085485669, "f1-score_std": 0.007380692500440384, "support_mean": 3240.0, "support_std": 0.0}, "weighted avg": {"precision_mean": 0.8998239186459738, "precision_std": 0.0054954321597335196, "recall_mean": 0.8871296296296297, "recall_std": 0.00709246231171109, "f1-score_mean": 0.885543868457572, "f1-score_std": 0.007299159217342351, "support_mean": 3240.0, "support_std": 0.0}}, "classification_report_test": {"0.0": {"precision_mean": 0.7265338760945761, "precision_std": 0.07708866250787283, "recall_mean": 0.9031874019216817, "recall_std": 0.03908616237004916, "f1-score_mean": 0.7717925964480425, "f1-score_std": 0.057032589774629355, "support_mean": 188.9, "support_std": 18.49024066906648}, "1.0": {"precision_mean": 0.8328044383367912, "precision_std": 0.0554563211103465, "recall_mean": 0.6068629720528564, "recall_std": 0.10562150861482147, "f1-score_mean": 0.6346597948810222, "f1-score_std": 0.09504834207630417, "support_mean": 171.1, "support_std": 18.49024066906648}, "macro avg": {"precision_mean": 0.7796691572156836, "precision_std": 0.044271668476655944, "recall_mean": 0.7550251869872692, "recall_std": 0.04859599484438731, "f1-score_mean": 0.7032261956645323, "f1-score_std": 0.0683834796395069, "support_mean": 360.0, "support_std": 0.0}, "weighted avg": {"precision_mean": 0.82301538014956, "precision_std": 0.03268882229407003, "recall_mean": 0.7413888888888888, "recall_std": 0.06025466786897095, "f1-score_mean": 0.7198503434304289, "f1-score_std": 0.06762139758151824, "support_mean": 360.0, "support_std": 0.0}}, "timing": {"extractor_fit": "0:00:00.001338", "filtered_features": "0:00:00.000381", "model_training_time": "0:00:00.010847"}, "selected_vocabulary": [["std_hrt_rate"], ["std_hrt_rate"], ["std_hrt_rate"], ["std_hrt_rate"], ["std_hrt_rate"], ["std_hrt_rate"], ["std_hrt_rate"], ["std_hrt_rate"], ["std_hrt_rate"], ["std_hrt_rate"]]}