{"classification_report_train": {"0.0": {"precision_mean": 0.8297775714712102, "precision_std": 0.012023850105727834, "recall_mean": 0.7963702445238686, "recall_std": 0.03028781176299213, "f1-score_mean": 0.8096800622633357, "f1-score_std": 0.018306620368504247, "support_mean": 1700.1, "support_std": 18.49024066906648}, "1.0": {"precision_mean": 0.7923415299899503, "precision_std": 0.023870733114376715, "recall_mean": 0.8184530998582682, "recall_std": 0.01616636548160275, "f1-score_mean": 0.8021858466509626, "f1-score_std": 0.013326977160410296, "support_mean": 1539.9, "support_std": 18.49024066906648}, "macro avg": {"precision_mean": 0.8110595507305802, "precision_std": 0.014513966548515672, "recall_mean": 0.8074116721910686, "recall_std": 0.014777944695111286, "f1-score_mean": 0.805932954457149, "f1-score_std": 0.015170709966772406, "support_mean": 3240.0, "support_std": 0.0}, "weighted avg": {"precision_mean": 0.812334211029893, "precision_std": 0.014334658144279054, "recall_mean": 0.8071604938271605, "recall_std": 0.014922308070764967, "f1-score_mean": 0.8064428336910516, "f1-score_std": 0.015181160217141635, "support_mean": 3240.0, "support_std": 0.0}}, "classification_report_test": {"0.0": {"precision_mean": 0.5900671120127835, "precision_std": 0.12807881147672392, "recall_mean": 0.6465034384511859, "recall_std": 0.12841938728759208, "f1-score_mean": 0.6008040961658178, "f1-score_std": 0.12371706769611196, "support_mean": 188.9, "support_std": 18.49024066906648}, "1.0": {"precision_mean": 0.7338027556452681, "precision_std": 0.06585076480545991, "recall_mean": 0.6962640783975342, "recall_std": 0.09486919247113061, "f1-score_mean": 0.6531148839918046, "f1-score_std": 0.07942304374355319, "support_mean": 171.1, "support_std": 18.49024066906648}, "macro avg": {"precision_mean": 0.6619349338290258, "precision_std": 0.09006558167224646, "recall_mean": 0.67138375842436, "recall_std": 0.08273140662387296, "f1-score_mean": 0.6269594900788112, "f1-score_std": 0.09290679349659706, "support_mean": 360.0, "support_std": 0.0}, "weighted avg": {"precision_mean": 0.6974869770373626, "precision_std": 0.08533136024513263, "recall_mean": 0.6630555555555555, "recall_std": 0.0835931597561947, "f1-score_mean": 0.6406575948077935, "f1-score_std": 0.09262498677122573, "support_mean": 360.0, "support_std": 0.0}}, "timing": {"extractor_fit": "0:00:01.407263", "filtered_features": "-1 day, 23:59:59.999989", "model_training_time": "0:00:00.003805"}, "selected_vocabulary": [["kurtosis", "std_R_R", "std", "mean_hrt_rate", "mean", "std_hrt_rate", "gender", "root_mean_diff_R_R", "maximum", "skew"], ["minimum", "mean", "kurtosis", "mean_R_R", "mean_hrt_rate", "age", "maximum", "std_hrt_rate", "std", "std_R_R"], ["mean_R_R", "std_R_R", "gender", "root_mean_diff_R_R", "age", "maximum", "mean", "std", "minimum", "skew"], ["maximum", "gender", "kurtosis", "age", "std_hrt_rate", "mean", "std", "root_mean_diff_R_R", "minimum", "skew"], ["root_mean_diff_R_R", "std_R_R", "skew", "minimum", "mean", "kurtosis", "age", "std", "gender", "maximum"], ["std", "std_R_R", "maximum", "age", "kurtosis", "minimum", "mean_R_R", "skew", "std_hrt_rate", "root_mean_diff_R_R"], ["root_mean_diff_R_R", "std_R_R", "mean_R_R", "age", "skew", "minimum", "std", "maximum", "kurtosis", "gender"], ["std", "std_R_R", "minimum", "gender", "mean", "kurtosis", "age", "mean_hrt_rate", "mean_R_R", "root_mean_diff_R_R"], ["kurtosis", "std_R_R", "gender", "maximum", "mean", "root_mean_diff_R_R", "std", "std_hrt_rate", "age", "skew"], ["std", "mean_hrt_rate", "kurtosis", "skew", "maximum", "age", "std_R_R", "minimum", "gender", "mean"]]}