{"classification_report_train": {"0.0": {"precision_mean": 0.8361548311103171, "precision_std": 0.011040572532634012, "recall_mean": 0.9784738545574788, "recall_std": 0.0015658400740376323, "f1-score_mean": 0.9012925452654097, "f1-score_std": 0.00589379497750861, "support_mean": 1700.1, "support_std": 18.49024066906648}, "1.0": {"precision_mean": 0.9707414489899827, "precision_std": 0.002057499201053219, "recall_mean": 0.7862367085378421, "recall_std": 0.01605971534001212, "f1-score_mean": 0.8678743757832063, "f1-score_std": 0.00924822888854978, "support_mean": 1539.9, "support_std": 18.49024066906648}, "macro avg": {"precision_mean": 0.9034481400501498, "precision_std": 0.005245375037318853, "recall_mean": 0.8823552815476605, "recall_std": 0.0075871887499756535, "f1-score_mean": 0.884583460524308, "f1-score_std": 0.0074505163847370616, "support_mean": 3240.0, "support_std": 0.0}, "weighted avg": {"precision_mean": 0.9002892060265237, "precision_std": 0.00544048501096894, "recall_mean": 0.8871913580246915, "recall_std": 0.007136140205173388, "f1-score_mean": 0.8855540729147149, "f1-score_std": 0.007359389081539858, "support_mean": 3240.0, "support_std": 0.0}}, "classification_report_test": {"0.0": {"precision_mean": 0.7246880984057928, "precision_std": 0.07994185270129774, "recall_mean": 0.887757207116487, "recall_std": 0.04294710108628777, "f1-score_mean": 0.7641399052045678, "f1-score_std": 0.0596586690670545, "support_mean": 188.9, "support_std": 18.49024066906648}, "1.0": {"precision_mean": 0.823330224308792, "precision_std": 0.0546904624744405, "recall_mean": 0.6085793992700552, "recall_std": 0.10888751245013657, "f1-score_mean": 0.6275268694790572, "f1-score_std": 0.09702203835682911, "support_mean": 171.1, "support_std": 18.49024066906648}, "macro avg": {"precision_mean": 0.7740091613572924, "precision_std": 0.045816402981754524, "recall_mean": 0.7481683031932711, "recall_std": 0.04991360750911858, "f1-score_mean": 0.6958333873418125, "f1-score_std": 0.07025376694142954, "support_mean": 360.0, "support_std": 0.0}, "weighted avg": {"precision_mean": 0.8176766892785722, "precision_std": 0.033655824139204184, "recall_mean": 0.7352777777777777, "recall_std": 0.06213541812191485, "f1-score_mean": 0.7122318211120492, "f1-score_std": 0.07028799485864493, "support_mean": 360.0, "support_std": 0.0}}, "timing": {"extractor_fit": "0:00:01.078317", "filtered_features": "0:00:00.000573", "model_training_time": "0:00:00.010402"}, "selected_vocabulary": [["skew", "minimum", "std_hrt_rate"], ["std_R_R", "minimum", "std_hrt_rate"], ["minimum", "std_R_R", "std_hrt_rate"], ["minimum", "std_R_R", "std_hrt_rate"], ["std_R_R", "minimum", "std_hrt_rate"], ["mean", "minimum", "std_hrt_rate"], ["age", "minimum", "std_hrt_rate"], ["minimum", "std_R_R", "std_hrt_rate"], ["std_R_R", "minimum", "std_hrt_rate"], ["std_R_R", "minimum", "std_hrt_rate"]]}