{"classification_report_train": {"0.0": {"precision_mean": 0.8354823593939283, "precision_std": 0.019270665410109893, "recall_mean": 0.9437006942921731, "recall_std": 0.020601300629898425, "f1-score_mean": 0.8821020209542529, "f1-score_std": 0.00590780034581672, "support_mean": 1700.1, "support_std": 18.49024066906648}, "1.0": {"precision_mean": 0.936396785633183, "precision_std": 0.017981648149507434, "recall_mean": 0.7843909678942541, "recall_std": 0.029024164693663073, "f1-score_mean": 0.8475157423490721, "f1-score_std": 0.010257866992782123, "support_mean": 1539.9, "support_std": 18.49024066906648}, "macro avg": {"precision_mean": 0.8859395725135555, "precision_std": 0.004748332933626943, "recall_mean": 0.8640458310932135, "recall_std": 0.007758665375690094, "f1-score_mean": 0.8648088816516626, "f1-score_std": 0.007305454721893852, "support_mean": 3240.0, "support_std": 0.0}, "weighted avg": {"precision_mean": 0.8837690831649739, "precision_std": 0.005209099226764384, "recall_mean": 0.8679320987654322, "recall_std": 0.006729025058284828, "f1-score_mean": 0.8658252208517506, "f1-score_std": 0.007146774503168375, "support_mean": 3240.0, "support_std": 0.0}}, "classification_report_test": {"0.0": {"precision_mean": 0.7131075254218374, "precision_std": 0.08940615989479059, "recall_mean": 0.775324584828399, "recall_std": 0.11289000431207127, "f1-score_mean": 0.6606283562588591, "f1-score_std": 0.10138747281248281, "support_mean": 188.9, "support_std": 18.49024066906648}, "1.0": {"precision_mean": 0.8041792913150262, "precision_std": 0.06418552903995918, "recall_mean": 0.6327822841079644, "recall_std": 0.11742759272278194, "f1-score_mean": 0.6080218363247387, "f1-score_std": 0.10344280755968073, "support_mean": 171.1, "support_std": 18.49024066906648}, "macro avg": {"precision_mean": 0.7586434083684319, "precision_std": 0.051659933154455016, "recall_mean": 0.7040534344681817, "recall_std": 0.05947323557677678, "f1-score_mean": 0.6343250962917989, "f1-score_std": 0.08342660817740326, "support_mean": 360.0, "support_std": 0.0}, "weighted avg": {"precision_mean": 0.8053718563931301, "precision_std": 0.03802812005355169, "recall_mean": 0.7, "recall_std": 0.07282123384539314, "f1-score_mean": 0.6518945461294765, "f1-score_std": 0.08657149076776194, "support_mean": 360.0, "support_std": 0.0}}, "timing": {"extractor_fit": "0:00:00.996881", "filtered_features": "-1 day, 23:59:59.999989", "model_training_time": "0:00:00.007600"}, "selected_vocabulary": [["kurtosis", "std_R_R", "std", "mean_hrt_rate", "mean", "std_hrt_rate"], ["root_mean_diff_R_R", "mean", "maximum", "mean_R_R", "mean_hrt_rate", "age"], ["mean_R_R", "std_R_R", "gender", "root_mean_diff_R_R", "age", "maximum"], ["root_mean_diff_R_R", "gender", "kurtosis", "age", "std_hrt_rate", "mean"], ["mean", "std_R_R", "skew", "mean_R_R", "root_mean_diff_R_R", "kurtosis"], ["maximum", "std_R_R", "std", "age", "kurtosis", "minimum"], ["root_mean_diff_R_R", "std_R_R", "mean_R_R", "age", "skew", "kurtosis"], ["minimum", "std_R_R", "maximum", "mean", "gender", "kurtosis"], ["kurtosis", "std_hrt_rate", "gender", "mean", "maximum", "root_mean_diff_R_R"], ["std", "mean_hrt_rate", "kurtosis", "skew", "maximum", "age"]]}