{"classification_report_train": {"0.0": {"precision_mean": 0.8290844000536506, "precision_std": 0.009879072780860563, "recall_mean": 0.954820544850653, "recall_std": 0.006680050936756758, "f1-score_mean": 0.8869090350473152, "f1-score_std": 0.004536477253612422, "support_mean": 1700.1, "support_std": 18.49024066906648}, "1.0": {"precision_mean": 0.9419197547324878, "precision_std": 0.006961346359088896, "recall_mean": 0.780796256958179, "recall_std": 0.014995405361760862, "f1-score_mean": 0.8525256075762895, "f1-score_std": 0.006835202782258136, "support_mean": 1539.9, "support_std": 18.49024066906648}, "macro avg": {"precision_mean": 0.8855020773930692, "precision_std": 0.0041931189322251, "recall_mean": 0.8678084009044161, "recall_std": 0.005480157467385188, "f1-score_mean": 0.8697173213118023, "f1-score_std": 0.005333813833835088, "support_mean": 3240.0, "support_std": 0.0}, "weighted avg": {"precision_mean": 0.8828141690418161, "precision_std": 0.004168882595285977, "recall_mean": 0.8722839506172839, "recall_std": 0.005116349376303908, "f1-score_mean": 0.8707275075615687, "f1-score_std": 0.005290737388405596, "support_mean": 3240.0, "support_std": 0.0}}, "classification_report_test": {"0.0": {"precision_mean": 0.7348201882740637, "precision_std": 0.09597787852492394, "recall_mean": 0.7925816943135454, "recall_std": 0.06628802746472097, "f1-score_mean": 0.727476336516261, "f1-score_std": 0.07840311837453344, "support_mean": 188.9, "support_std": 18.49024066906648}, "1.0": {"precision_mean": 0.7800116742698068, "precision_std": 0.062478394823034494, "recall_mean": 0.7135519343455214, "recall_std": 0.08786345908465276, "f1-score_mean": 0.7067060451809787, "f1-score_std": 0.0693580223198761, "support_mean": 171.1, "support_std": 18.49024066906648}, "macro avg": {"precision_mean": 0.7574159312719352, "precision_std": 0.06344486618026922, "recall_mean": 0.7530668143295336, "recall_std": 0.062336438170619284, "f1-score_mean": 0.7170911908486198, "f1-score_std": 0.07299996689038826, "support_mean": 360.0, "support_std": 0.0}, "weighted avg": {"precision_mean": 0.8016180859954908, "precision_std": 0.055769805883000956, "recall_mean": 0.7238888888888888, "recall_std": 0.07347335117805184, "f1-score_mean": 0.7247910404634478, "f1-score_std": 0.07354263281100391, "support_mean": 360.0, "support_std": 0.0}}, "timing": {"extractor_fit": "0:00:00.001342", "filtered_features": "0:00:00.000368", "model_training_time": "0:00:00.005077"}, "selected_vocabulary": [["mean_R_R", "maximum", "kurtosis", "mean_hrt_rate", "minimum", "std", "skew", "std_R_R", "std_hrt_rate"], ["root_mean_diff_R_R", "mean", "mean_R_R", "minimum", "std", "skew", "mean_hrt_rate", "std_R_R", "std_hrt_rate"], ["age", "maximum", "mean_hrt_rate", "kurtosis", "std", "minimum", "skew", "std_R_R", "std_hrt_rate"], ["root_mean_diff_R_R", "mean_R_R", "maximum", "skew", "mean_hrt_rate", "minimum", "std", "std_R_R", "std_hrt_rate"], ["kurtosis", "mean_R_R", "mean_hrt_rate", "mean", "std", "minimum", "skew", "std_R_R", "std_hrt_rate"], ["kurtosis", "mean_hrt_rate", "mean", "maximum", "minimum", "skew", "std", "std_R_R", "std_hrt_rate"], ["mean_R_R", "mean", "mean_hrt_rate", "kurtosis", "std", "minimum", "skew", "std_R_R", "std_hrt_rate"], ["mean_R_R", "mean", "mean_hrt_rate", "maximum", "minimum", "skew", "std", "std_R_R", "std_hrt_rate"], ["root_mean_diff_R_R", "mean_R_R", "kurtosis", "std", "mean_hrt_rate", "minimum", "std_R_R", "skew", "std_hrt_rate"], ["root_mean_diff_R_R", "mean", "mean_R_R", "minimum", "mean_hrt_rate", "skew", "std", "std_R_R", "std_hrt_rate"]]}