{"classification_report_train": {"0.0": {"precision_mean": 0.825703137849039, "precision_std": 0.009082644983175084, "recall_mean": 0.9758853690502589, "recall_std": 0.0019542421167043924, "f1-score_mean": 0.8942350190179656, "f1-score_std": 0.0049488764692061865, "support_mean": 1700.1, "support_std": 18.49024066906648}, "1.0": {"precision_mean": 0.966930482569466, "precision_std": 0.0022304096272313654, "recall_mean": 0.7717743560425243, "recall_std": 0.012810916949892634, "f1-score_mean": 0.8577634970952486, "f1-score_std": 0.00729910318915365, "support_mean": 1539.9, "support_std": 18.49024066906648}, "macro avg": {"precision_mean": 0.8963168102092526, "precision_std": 0.004330377391371984, "recall_mean": 0.8738298625463916, "recall_std": 0.005974007038432389, "f1-score_mean": 0.8759992580566072, "f1-score_std": 0.005936680212983101, "support_mean": 3240.0, "support_std": 0.0}, "weighted avg": {"precision_mean": 0.8930572075922312, "precision_std": 0.0043416964486395655, "recall_mean": 0.8788580246913581, "recall_std": 0.0057146709934456225, "f1-score_mean": 0.8770264233097516, "f1-score_std": 0.005893293626657469, "support_mean": 3240.0, "support_std": 0.0}}, "classification_report_test": {"0.0": {"precision_mean": 0.7450546631940516, "precision_std": 0.08310529521032874, "recall_mean": 0.8724179424454366, "recall_std": 0.04463351605365632, "f1-score_mean": 0.7801178150340455, "f1-score_std": 0.06840348355330585, "support_mean": 188.9, "support_std": 18.49024066906648}, "1.0": {"precision_mean": 0.8404308939311983, "precision_std": 0.05571094142618004, "recall_mean": 0.6891885847381198, "recall_std": 0.08906779004698026, "f1-score_mean": 0.7241119792151122, "f1-score_std": 0.07890641960620103, "support_mean": 171.1, "support_std": 18.49024066906648}, "macro avg": {"precision_mean": 0.7927427785626249, "precision_std": 0.05912287314404534, "recall_mean": 0.7808032635917782, "recall_std": 0.05496725528707666, "f1-score_mean": 0.7521148971245789, "f1-score_std": 0.07173160435863711, "support_mean": 360.0, "support_std": 0.0}, "weighted avg": {"precision_mean": 0.8224061311144901, "precision_std": 0.05212697257253874, "recall_mean": 0.7666666666666667, "recall_std": 0.07150282736359209, "f1-score_mean": 0.7588069444225678, "f1-score_std": 0.07622905977820767, "support_mean": 360.0, "support_std": 0.0}}, "timing": {"extractor_fit": "0:00:00.001566", "filtered_features": "0:00:00.000382", "model_training_time": "0:00:00.007174"}, "selected_vocabulary": [["kurtosis", "mean_hrt_rate", "minimum", "std", "skew", "std_R_R", "std_hrt_rate"], ["mean_R_R", "minimum", "std", "skew", "mean_hrt_rate", "std_R_R", "std_hrt_rate"], ["mean_hrt_rate", "kurtosis", "std", "minimum", "skew", "std_R_R", "std_hrt_rate"], ["maximum", "skew", "mean_hrt_rate", "minimum", "std", "std_R_R", "std_hrt_rate"], ["mean_hrt_rate", "mean", "std", "minimum", "skew", "std_R_R", "std_hrt_rate"], ["mean", "maximum", "minimum", "skew", "std", "std_R_R", "std_hrt_rate"], ["mean_hrt_rate", "kurtosis", "std", "minimum", "skew", "std_R_R", "std_hrt_rate"], ["mean_hrt_rate", "maximum", "minimum", "skew", "std", "std_R_R", "std_hrt_rate"], ["kurtosis", "std", "mean_hrt_rate", "minimum", "std_R_R", "skew", "std_hrt_rate"], ["mean_R_R", "minimum", "mean_hrt_rate", "skew", "std", "std_R_R", "std_hrt_rate"]]}