{"classification_report_train": {"0.0": {"precision_mean": 0.8089272513965376, "precision_std": 0.007926733361153408, "recall_mean": 0.7363482511674879, "recall_std": 0.03531226511803454, "f1-score_mean": 0.7656393442088314, "f1-score_std": 0.020364885515808638, "support_mean": 1700.1, "support_std": 18.49024066906648}, "1.0": {"precision_mean": 0.7436454373726554, "precision_std": 0.022372246988196585, "recall_mean": 0.804526626380305, "recall_std": 0.01647574883494431, "f1-score_mean": 0.7692543584304221, "f1-score_std": 0.011280249977518905, "support_mean": 1539.9, "support_std": 18.49024066906648}, "macro avg": {"precision_mean": 0.7762863443845965, "precision_std": 0.01179134433376827, "recall_mean": 0.7704374387738965, "recall_std": 0.01341686090900623, "f1-score_mean": 0.7674468513196268, "f1-score_std": 0.014685584161594363, "support_mean": 3240.0, "support_std": 0.0}, "weighted avg": {"precision_mean": 0.7780008440179047, "precision_std": 0.01130223595533621, "recall_mean": 0.7695061728395063, "recall_std": 0.014164736682327806, "f1-score_mean": 0.7677984675924372, "f1-score_std": 0.014857776052755728, "support_mean": 3240.0, "support_std": 0.0}}, "classification_report_test": {"0.0": {"precision_mean": 0.5198653388085499, "precision_std": 0.11891458586484546, "recall_mean": 0.5540922011029481, "recall_std": 0.13385798414476055, "f1-score_mean": 0.4912545303123454, "f1-score_std": 0.12691734766267615, "support_mean": 188.9, "support_std": 18.49024066906648}, "1.0": {"precision_mean": 0.6404151033054047, "precision_std": 0.07267441571799649, "recall_mean": 0.6156362201144254, "recall_std": 0.09102728294810172, "f1-score_mean": 0.5754889541617393, "f1-score_std": 0.07109423481652956, "support_mean": 171.1, "support_std": 18.49024066906648}, "macro avg": {"precision_mean": 0.5801402210569773, "precision_std": 0.08783716485033287, "recall_mean": 0.5848642106086869, "recall_std": 0.0806649027221831, "f1-score_mean": 0.5333717422370423, "f1-score_std": 0.09142782724145918, "support_mean": 360.0, "support_std": 0.0}, "weighted avg": {"precision_mean": 0.6178313152244862, "precision_std": 0.08427576940284155, "recall_mean": 0.5744444444444444, "recall_std": 0.08688611817122571, "f1-score_mean": 0.5458704770962308, "f1-score_std": 0.0947073275660971, "support_mean": 360.0, "support_std": 0.0}}, "timing": {"extractor_fit": "0:00:01.451878", "filtered_features": "-1 day, 23:59:59.999990", "model_training_time": "0:00:00.002958"}, "selected_vocabulary": [["kurtosis", "std_R_R", "std", "mean_hrt_rate", "mean", "std_hrt_rate", "root_mean_diff_R_R", "maximum", "gender", "skew", "mean_R_R"], ["kurtosis", "mean", "minimum", "mean_R_R", "mean_hrt_rate", "age", "maximum", "std_hrt_rate", "std", "root_mean_diff_R_R", "std_R_R"], ["mean_R_R", "std_R_R", "gender", "maximum", "age", "root_mean_diff_R_R", "mean", "minimum", "std", "std_hrt_rate", "mean_hrt_rate"], ["maximum", "gender", "kurtosis", "age", "std_hrt_rate", "mean", "std", "root_mean_diff_R_R", "minimum", "skew", "std_R_R"], ["mean", "std_R_R", "skew", "root_mean_diff_R_R", "std", "kurtosis", "age", "minimum", "gender", "maximum", "mean_R_R"], ["std", "std_R_R", "maximum", "age", "kurtosis", "minimum", "mean_R_R", "skew", "std_hrt_rate", "root_mean_diff_R_R", "gender"], ["root_mean_diff_R_R", "std_R_R", "mean_R_R", "age", "skew", "minimum", "std", "maximum", "kurtosis", "gender", "mean"], ["std", "std_R_R", "minimum", "mean", "kurtosis", "gender", "age", "mean_hrt_rate", "mean_R_R", "root_mean_diff_R_R", "std_hrt_rate"], ["kurtosis", "std_hrt_rate", "gender", "maximum", "mean", "root_mean_diff_R_R", "std", "std_R_R", "age", "skew", "minimum"], ["maximum", "mean_hrt_rate", "std", "skew", "minimum", "age", "std_R_R", "gender", "kurtosis", "mean", "mean_R_R"]]}