{"classification_report_train": {"0.0": {"precision_mean": 0.8433213287289194, "precision_std": 0.01283952687558493, "recall_mean": 0.9552578749750671, "recall_std": 0.009350132723014049, "f1-score_mean": 0.8949107360337413, "f1-score_std": 0.007407980823861388, "support_mean": 1700.1, "support_std": 18.49024066906648}, "1.0": {"precision_mean": 0.9451301476531947, "precision_std": 0.009386326317414602, "recall_mean": 0.7998045727388915, "recall_std": 0.019963217693166876, "f1-score_mean": 0.8645012822434943, "f1-score_std": 0.010836348196254463, "support_mean": 1539.9, "support_std": 18.49024066906648}, "macro avg": {"precision_mean": 0.8942257381910572, "precision_std": 0.007395964084547575, "recall_mean": 0.8775312238569795, "recall_std": 0.008908444041243184, "f1-score_mean": 0.8797060091386177, "f1-score_std": 0.008843845590321595, "support_mean": 3240.0, "support_std": 0.0}, "weighted avg": {"precision_mean": 0.8913663282810782, "precision_std": 0.007362730092465847, "recall_mean": 0.8820679012345678, "recall_std": 0.008563961140861838, "f1-score_mean": 0.8806695963700092, "f1-score_std": 0.008774200556607428, "support_mean": 3240.0, "support_std": 0.0}}, "classification_report_test": {"0.0": {"precision_mean": 0.6790849508326935, "precision_std": 0.08016894253173217, "recall_mean": 0.6917419791898416, "recall_std": 0.09490423634347724, "f1-score_mean": 0.6251522407244612, "f1-score_std": 0.09114120308260133, "support_mean": 188.9, "support_std": 18.49024066906648}, "1.0": {"precision_mean": 0.6968615291656375, "precision_std": 0.08132913146313808, "recall_mean": 0.6990395879992792, "recall_std": 0.09005914553642778, "f1-score_mean": 0.6379583640251749, "f1-score_std": 0.07944241457120105, "support_mean": 171.1, "support_std": 18.49024066906648}, "macro avg": {"precision_mean": 0.6879732399991656, "precision_std": 0.06456307026471982, "recall_mean": 0.6953907835945605, "recall_std": 0.060458133318916245, "f1-score_mean": 0.6315553023748179, "f1-score_std": 0.0805950095349557, "support_mean": 360.0, "support_std": 0.0}, "weighted avg": {"precision_mean": 0.7322974709046555, "precision_std": 0.06027992532051926, "recall_mean": 0.6469444444444444, "recall_std": 0.07771470657014636, "f1-score_mean": 0.6265958460208939, "f1-score_std": 0.08763781463458932, "support_mean": 360.0, "support_std": 0.0}}, "timing": {"extractor_fit": "0:00:00.112398", "filtered_features": "0:00:00.000465", "model_training_time": "0:00:00.008248"}, "selected_vocabulary": [["mean_hrt_rate", "skew", "std_R_R", "age", "std_hrt_rate"], ["skew", "mean_hrt_rate", "std_R_R", "std_hrt_rate", "age"], ["mean_hrt_rate", "skew", "std_R_R", "std_hrt_rate", "age"], ["skew", "std_R_R", "mean_hrt_rate", "age", "std_hrt_rate"], ["skew", "mean_hrt_rate", "std_R_R", "std_hrt_rate", "age"], ["mean_hrt_rate", "skew", "std_R_R", "std_hrt_rate", "age"], ["mean_hrt_rate", "skew", "std_R_R", "std_hrt_rate", "age"], ["mean_R_R", "mean_hrt_rate", "std_R_R", "std_hrt_rate", "age"], ["skew", "mean_hrt_rate", "std_hrt_rate", "std_R_R", "age"], ["mean_R_R", "std_R_R", "mean_hrt_rate", "std_hrt_rate", "age"]]}