{"classification_report_train": {"0.0": {"precision_mean": 0.8504648802043114, "precision_std": 0.019249578601491228, "recall_mean": 0.826297321932256, "recall_std": 0.021524352385623207, "f1-score_mean": 0.8356867345145028, "f1-score_std": 0.01488095277697066, "support_mean": 1700.1, "support_std": 18.49024066906648}, "1.0": {"precision_mean": 0.8178343496977847, "precision_std": 0.01715444749233827, "recall_mean": 0.8357389777455847, "recall_std": 0.02482528436446662, "f1-score_mean": 0.8237713870166852, "f1-score_std": 0.014891813227769368, "support_mean": 1539.9, "support_std": 18.49024066906648}, "macro avg": {"precision_mean": 0.834149614951048, "precision_std": 0.01380974036570722, "recall_mean": 0.8310181498389204, "recall_std": 0.014549142498072674, "f1-score_mean": 0.829729060765594, "f1-score_std": 0.014383593294776441, "support_mean": 3240.0, "support_std": 0.0}, "weighted avg": {"precision_mean": 0.8353245057329541, "precision_std": 0.01409586809042487, "recall_mean": 0.8307098765432098, "recall_std": 0.014277368784607164, "f1-score_mean": 0.8301760894163921, "f1-score_std": 0.014413313087128413, "support_mean": 3240.0, "support_std": 0.0}}, "classification_report_test": {"0.0": {"precision_mean": 0.660886555795923, "precision_std": 0.11257162746896322, "recall_mean": 0.6407733612676536, "recall_std": 0.1290131958568713, "f1-score_mean": 0.5904697102340883, "f1-score_std": 0.1167941411969901, "support_mean": 188.9, "support_std": 18.49024066906648}, "1.0": {"precision_mean": 0.7405822432677435, "precision_std": 0.07283707144814676, "recall_mean": 0.8090807480296205, "recall_std": 0.08658461476213873, "f1-score_mean": 0.6996320118116992, "f1-score_std": 0.07640007949239014, "support_mean": 171.1, "support_std": 18.49024066906648}, "macro avg": {"precision_mean": 0.7007343995318334, "precision_std": 0.07469704575237483, "recall_mean": 0.7249270546486372, "recall_std": 0.05874072958700894, "f1-score_mean": 0.6450508610228938, "f1-score_std": 0.08297723191327772, "support_mean": 360.0, "support_std": 0.0}, "weighted avg": {"precision_mean": 0.7446143922008279, "precision_std": 0.07628876369982789, "recall_mean": 0.7008333333333333, "recall_std": 0.07154711173437306, "f1-score_mean": 0.6531121938627653, "f1-score_std": 0.09055394031960329, "support_mean": 360.0, "support_std": 0.0}}, "timing": {"extractor_fit": "0:00:01.306228", "filtered_features": "-1 day, 23:59:59.999988", "model_training_time": "0:00:00.004582"}, "selected_vocabulary": [["kurtosis", "std_R_R", "std", "mean_hrt_rate", "mean", "std_hrt_rate", "gender", "root_mean_diff_R_R", "maximum"], ["minimum", "mean", "maximum", "mean_R_R", "mean_hrt_rate", "age", "kurtosis", "std_hrt_rate", "std"], ["mean_R_R", "std_R_R", "gender", "root_mean_diff_R_R", "age", "maximum", "mean", "std", "minimum"], ["root_mean_diff_R_R", "gender", "maximum", "age", "std_hrt_rate", "mean", "std", "kurtosis", "minimum"], ["root_mean_diff_R_R", "std_R_R", "skew", "minimum", "mean", "kurtosis", "age", "std", "gender"], ["std", "std_R_R", "maximum", "age", "kurtosis", "minimum", "mean_R_R", "skew", "std_hrt_rate"], ["root_mean_diff_R_R", "std_R_R", "mean_R_R", "age", "skew", "kurtosis", "std", "minimum", "maximum"], ["minimum", "std_R_R", "std", "mean", "gender", "kurtosis", "age", "mean_hrt_rate", "mean_R_R"], ["kurtosis", "std_hrt_rate", "gender", "mean", "maximum", "root_mean_diff_R_R", "std", "std_R_R", "age"], ["maximum", "mean_hrt_rate", "std", "skew", "minimum", "std_R_R", "kurtosis", "gender", "age"]]}