{"classification_report_train": {"0.0": {"precision_mean": 0.837012021939598, "precision_std": 0.013328763960576123, "recall_mean": 0.9660426352956385, "recall_std": 0.011721985354991566, "f1-score_mean": 0.8953516211754323, "f1-score_std": 0.004945021734741044, "support_mean": 1700.1, "support_std": 18.49024066906648}, "1.0": {"precision_mean": 0.9586369394750287, "precision_std": 0.010519866256625527, "recall_mean": 0.787692847307129, "recall_std": 0.01957895585061478, "f1-score_mean": 0.8623646019867428, "f1-score_std": 0.00800095846782012, "support_mean": 1539.9, "support_std": 18.49024066906648}, "macro avg": {"precision_mean": 0.8978244807073132, "precision_std": 0.004325012491594259, "recall_mean": 0.8768677413013837, "recall_std": 0.00622694194088664, "f1-score_mean": 0.8788581115810874, "f1-score_std": 0.0061243187695721145, "support_mean": 3240.0, "support_std": 0.0}, "weighted avg": {"precision_mean": 0.8948621132296657, "precision_std": 0.004399878653259958, "recall_mean": 0.8815123456790122, "recall_std": 0.005853539697724492, "f1-score_mean": 0.8798280763276048, "f1-score_std": 0.006056515148587404, "support_mean": 3240.0, "support_std": 0.0}}, "classification_report_test": {"0.0": {"precision_mean": 0.7573221357997196, "precision_std": 0.08263005333851678, "recall_mean": 0.8414395999593098, "recall_std": 0.08116099304372096, "f1-score_mean": 0.7313393262929104, "f1-score_std": 0.08076402941294632, "support_mean": 188.9, "support_std": 18.49024066906648}, "1.0": {"precision_mean": 0.858308156074352, "precision_std": 0.056197186312971756, "recall_mean": 0.7007506210334726, "recall_std": 0.08891326496492416, "f1-score_mean": 0.7089365621169693, "f1-score_std": 0.07250538829854931, "support_mean": 171.1, "support_std": 18.49024066906648}, "macro avg": {"precision_mean": 0.8078151459370357, "precision_std": 0.043621800806634664, "recall_mean": 0.7710951104963912, "recall_std": 0.04798812012902456, "f1-score_mean": 0.72013794420494, "f1-score_std": 0.07193230749368026, "support_mean": 360.0, "support_std": 0.0}, "weighted avg": {"precision_mean": 0.8505041386457621, "precision_std": 0.026794469379722116, "recall_mean": 0.7391666666666666, "recall_std": 0.06932818045310486, "f1-score_mean": 0.7207016869202733, "f1-score_std": 0.07755701955470576, "support_mean": 360.0, "support_std": 0.0}}, "timing": {"extractor_fit": "0:00:00.001408", "filtered_features": "0:00:00.000354", "model_training_time": "0:00:00.010228"}, "selected_vocabulary": [["skew", "std_R_R", "std_hrt_rate"], ["mean_hrt_rate", "std_R_R", "std_hrt_rate"], ["skew", "std_R_R", "std_hrt_rate"], ["std", "std_R_R", "std_hrt_rate"], ["skew", "std_R_R", "std_hrt_rate"], ["std", "std_R_R", "std_hrt_rate"], ["skew", "std_R_R", "std_hrt_rate"], ["std", "std_R_R", "std_hrt_rate"], ["std_R_R", "skew", "std_hrt_rate"], ["std", "std_R_R", "std_hrt_rate"]]}