{"classification_report_train": {"0.0": {"precision_mean": 0.8522504796956575, "precision_std": 0.021446916373262823, "recall_mean": 0.8899367585718718, "recall_std": 0.03783928515098824, "f1-score_mean": 0.8611823913344413, "f1-score_std": 0.01469799736559767, "support_mean": 1700.1, "support_std": 18.49024066906648}, "1.0": {"precision_mean": 0.8937818143461429, "precision_std": 0.0282711069805514, "recall_mean": 0.8113915429403968, "recall_std": 0.03435754916950473, "f1-score_mean": 0.8396612925577974, "f1-score_std": 0.010837611937895742, "support_mean": 1539.9, "support_std": 18.49024066906648}, "macro avg": {"precision_mean": 0.8730161470209004, "precision_std": 0.007744387173293334, "recall_mean": 0.8506641507561342, "recall_std": 0.010604044819899959, "f1-score_mean": 0.8504218419461195, "f1-score_std": 0.010941950760675485, "support_mean": 3240.0, "support_std": 0.0}, "weighted avg": {"precision_mean": 0.8713493624801674, "precision_std": 0.007733612447000537, "recall_mean": 0.8539197530864199, "recall_std": 0.010391664095337413, "f1-score_mean": 0.851354050844207, "f1-score_std": 0.010971659431850168, "support_mean": 3240.0, "support_std": 0.0}}, "classification_report_test": {"0.0": {"precision_mean": 0.6678120484785299, "precision_std": 0.10762061287490163, "recall_mean": 0.6677101088268655, "recall_std": 0.12944445401104088, "f1-score_mean": 0.5836812162493532, "f1-score_std": 0.11663327932041669, "support_mean": 188.9, "support_std": 18.49024066906648}, "1.0": {"precision_mean": 0.763330329566164, "precision_std": 0.07481199626716323, "recall_mean": 0.7522898680384899, "recall_std": 0.09800362129218185, "f1-score_mean": 0.6651677802692768, "f1-score_std": 0.08194402698565385, "support_mean": 171.1, "support_std": 18.49024066906648}, "macro avg": {"precision_mean": 0.715571189022347, "precision_std": 0.07093787201479142, "recall_mean": 0.7099999884326778, "recall_std": 0.0611118469191572, "f1-score_mean": 0.624424498259315, "f1-score_std": 0.08752081551226289, "support_mean": 360.0, "support_std": 0.0}, "weighted avg": {"precision_mean": 0.762567303052011, "precision_std": 0.06967302320628369, "recall_mean": 0.6711111111111111, "recall_std": 0.07895361194718183, "f1-score_mean": 0.6236884642745981, "f1-score_std": 0.09527496729548414, "support_mean": 360.0, "support_std": 0.0}}, "timing": {"extractor_fit": "0:00:01.099805", "filtered_features": "-1 day, 23:59:59.999988", "model_training_time": "0:00:00.006448"}, "selected_vocabulary": [["kurtosis", "std_R_R", "std", "mean_hrt_rate", "mean", "std_hrt_rate", "root_mean_diff_R_R"], ["minimum", "mean", "kurtosis", "mean_R_R", "mean_hrt_rate", "age", "maximum"], ["mean_R_R", "std_R_R", "gender", "maximum", "age", "root_mean_diff_R_R", "mean"], ["root_mean_diff_R_R", "gender", "kurtosis", "age", "std_hrt_rate", "mean", "std"], ["root_mean_diff_R_R", "std_R_R", "skew", "minimum", "mean", "kurtosis", "age"], ["std", "std_R_R", "maximum", "age", "kurtosis", "minimum", "mean_R_R"], ["root_mean_diff_R_R", "std_R_R", "mean_R_R", "age", "skew", "kurtosis", "std"], ["maximum", "std_R_R", "std", "gender", "mean", "kurtosis", "age"], ["kurtosis", "std_hrt_rate", "gender", "mean", "maximum", "root_mean_diff_R_R", "std"], ["std", "mean_hrt_rate", "kurtosis", "skew", "minimum", "maximum", "age"]]}