{"classification_report_train": {"0.0": {"precision_mean": 0.72562406149804, "precision_std": 0.015936704783021675, "recall_mean": 0.7444776609916769, "recall_std": 0.050637674129736826, "f1-score_mean": 0.7211736551994996, "f1-score_std": 0.023377568065395222, "support_mean": 1700.1, "support_std": 18.49024066906648}, "1.0": {"precision_mean": 0.7311753430352086, "precision_std": 0.029126858962230537, "recall_mean": 0.6693219835349724, "recall_std": 0.0414410501559656, "f1-score_mean": 0.6837814092454939, "f1-score_std": 0.015333856299803092, "support_mean": 1539.9, "support_std": 18.49024066906648}, "macro avg": {"precision_mean": 0.7283997022666242, "precision_std": 0.013344115645649208, "recall_mean": 0.7068998222633246, "recall_std": 0.011789306182593537, "f1-score_mean": 0.7024775322224968, "f1-score_std": 0.012678609273458109, "support_mean": 3240.0, "support_std": 0.0}, "weighted avg": {"precision_mean": 0.7276562368363373, "precision_std": 0.01290842794546519, "recall_mean": 0.7112654320987654, "recall_std": 0.012546533564943977, "f1-score_mean": 0.7044477064730859, "f1-score_std": 0.01293543305831479, "support_mean": 3240.0, "support_std": 0.0}}, "classification_report_test": {"0.0": {"precision_mean": 0.49906301460029245, "precision_std": 0.09035967324180341, "recall_mean": 0.5695404327300213, "recall_std": 0.12684154603022788, "f1-score_mean": 0.4760355827803336, "f1-score_std": 0.1036629682813281, "support_mean": 188.9, "support_std": 18.49024066906648}, "1.0": {"precision_mean": 0.6732105861491854, "precision_std": 0.08444552607452775, "recall_mean": 0.6561147431936111, "recall_std": 0.10008919963690115, "f1-score_mean": 0.5522586009016507, "f1-score_std": 0.07779271434104232, "support_mean": 171.1, "support_std": 18.49024066906648}, "macro avg": {"precision_mean": 0.5861368003747389, "precision_std": 0.0747593178004271, "recall_mean": 0.6128275879618164, "recall_std": 0.05095212318709577, "f1-score_mean": 0.5141470918409922, "f1-score_std": 0.07636810953477786, "support_mean": 360.0, "support_std": 0.0}, "weighted avg": {"precision_mean": 0.6166060273093855, "precision_std": 0.08147018554844274, "recall_mean": 0.5602777777777777, "recall_std": 0.07103951473877751, "f1-score_mean": 0.5021988306058367, "f1-score_std": 0.08772136766545036, "support_mean": 360.0, "support_std": 0.0}}, "timing": {"extractor_fit": "0:00:01.492067", "filtered_features": "-1 day, 23:59:59.999990", "model_training_time": "0:00:00.002327"}, "selected_vocabulary": [["kurtosis", "std_R_R", "std", "mean_hrt_rate", "mean", "std_hrt_rate", "root_mean_diff_R_R", "maximum", "gender", "skew", "mean_R_R", "age"], ["root_mean_diff_R_R", "mean", "kurtosis", "mean_R_R", "mean_hrt_rate", "age", "maximum", "std_hrt_rate", "std", "minimum", "gender", "skew"], ["mean_R_R", "std_R_R", "gender", "root_mean_diff_R_R", "age", "maximum", "mean", "std", "minimum", "std_hrt_rate", "mean_hrt_rate", "skew"], ["root_mean_diff_R_R", "gender", "kurtosis", "age", "std_hrt_rate", "mean", "std", "maximum", "minimum", "mean_R_R", "std_R_R", "mean_hrt_rate"], ["mean", "std_R_R", "skew", "root_mean_diff_R_R", "minimum", "kurtosis", "age", "std", "gender", "maximum", "mean_R_R", "mean_hrt_rate"], ["std", "std_R_R", "maximum", "age", "kurtosis", "minimum", "mean_R_R", "skew", "std_hrt_rate", "root_mean_diff_R_R", "gender", "mean_hrt_rate"], ["root_mean_diff_R_R", "std_R_R", "mean_R_R", "age", "skew", "minimum", "std", "gender", "maximum", "kurtosis", "mean", "std_hrt_rate"], ["minimum", "std_R_R", "std", "mean", "gender", "kurtosis", "age", "mean_hrt_rate", "mean_R_R", "root_mean_diff_R_R", "std_hrt_rate", "skew"], ["kurtosis", "std_hrt_rate", "gender", "mean", "maximum", "root_mean_diff_R_R", "std", "std_R_R", "age", "skew", "minimum", "mean_R_R"], ["minimum", "mean_hrt_rate", "std", "skew", "maximum", "age", "std_R_R", "kurtosis", "gender", "mean", "mean_R_R", "root_mean_diff_R_R"]]}