{"classification_report_train": {"0.0": {"precision_mean": 0.8368436622252784, "precision_std": 0.013339439708513307, "recall_mean": 0.9653932072943723, "recall_std": 0.011648008344092567, "f1-score_mean": 0.8949739148568329, "f1-score_std": 0.0048675980515439496, "support_mean": 1700.1, "support_std": 18.49024066906648}, "1.0": {"precision_mean": 0.9577928911435402, "precision_std": 0.010408148370554699, "recall_mean": 0.7875659896761811, "recall_std": 0.019585091222192055, "f1-score_mean": 0.8619415313369053, "f1-score_std": 0.007919144262586789, "support_mean": 1539.9, "support_std": 18.49024066906648}, "macro avg": {"precision_mean": 0.8973182766844093, "precision_std": 0.004212710491984895, "recall_mean": 0.8764795984852768, "recall_std": 0.006147627806634791, "f1-score_mean": 0.878457723096869, "f1-score_std": 0.00604057277142559, "support_mean": 3240.0, "support_std": 0.0}, "weighted avg": {"precision_mean": 0.8943725261317466, "precision_std": 0.0042896079915300265, "recall_mean": 0.881111111111111, "recall_std": 0.005771654452814607, "f1-score_mean": 0.8794288475923537, "f1-score_std": 0.005974986665768846, "support_mean": 3240.0, "support_std": 0.0}}, "classification_report_test": {"0.0": {"precision_mean": 0.7592626066198142, "precision_std": 0.08523799925158813, "recall_mean": 0.7979590679865621, "recall_std": 0.08298796710571718, "f1-score_mean": 0.7177992797686849, "f1-score_std": 0.08401960916012938, "support_mean": 188.9, "support_std": 18.49024066906648}, "1.0": {"precision_mean": 0.8044303586969092, "precision_std": 0.07018806164711193, "recall_mean": 0.7179557076135591, "recall_std": 0.0907449146996822, "f1-score_mean": 0.7105327101207756, "f1-score_std": 0.07637742843216438, "support_mean": 171.1, "support_std": 18.49024066906648}, "macro avg": {"precision_mean": 0.7818464826583615, "precision_std": 0.05896009991835249, "recall_mean": 0.7579573878000607, "recall_std": 0.05740816458659553, "f1-score_mean": 0.7141659949447302, "f1-score_std": 0.07654400669467169, "support_mean": 360.0, "support_std": 0.0}, "weighted avg": {"precision_mean": 0.8191427790768095, "precision_std": 0.05166230513414134, "recall_mean": 0.731111111111111, "recall_std": 0.07534160885388205, "f1-score_mean": 0.7161577126836784, "f1-score_std": 0.08195782481860965, "support_mean": 360.0, "support_std": 0.0}}, "timing": {"extractor_fit": "0:00:00.001484", "filtered_features": "0:00:00.000384", "model_training_time": "0:00:00.009554"}, "selected_vocabulary": [["std", "skew", "std_R_R", "std_hrt_rate"], ["skew", "mean_hrt_rate", "std_R_R", "std_hrt_rate"], ["minimum", "skew", "std_R_R", "std_hrt_rate"], ["minimum", "std", "std_R_R", "std_hrt_rate"], ["minimum", "skew", "std_R_R", "std_hrt_rate"], ["skew", "std", "std_R_R", "std_hrt_rate"], ["minimum", "skew", "std_R_R", "std_hrt_rate"], ["skew", "std", "std_R_R", "std_hrt_rate"], ["minimum", "std_R_R", "skew", "std_hrt_rate"], ["skew", "std", "std_R_R", "std_hrt_rate"]]}