{"classification_report_train": {"0.0": {"precision_mean": 0.8345098662441618, "precision_std": 0.011343162970675174, "recall_mean": 0.9769910781954929, "recall_std": 0.0016090547431383965, "f1-score_mean": 0.8996632106492914, "f1-score_std": 0.005933618290051861, "support_mean": 1700.1, "support_std": 18.49024066906648}, "1.0": {"precision_mean": 0.9685980525971116, "precision_std": 0.002086805792767196, "recall_mean": 0.784123803388989, "recall_std": 0.01616559338302502, "f1-score_mean": 0.8656991376936206, "f1-score_std": 0.009215194402824726, "support_mean": 1539.9, "support_std": 18.49024066906648}, "macro avg": {"precision_mean": 0.9015539594206367, "precision_std": 0.005209473071179915, "recall_mean": 0.8805574407922409, "recall_std": 0.00754726694491275, "f1-score_mean": 0.8826811741714561, "f1-score_std": 0.007469557356627244, "support_mean": 3240.0, "support_std": 0.0}, "weighted avg": {"precision_mean": 0.8984864553925185, "precision_std": 0.0054026019272513225, "recall_mean": 0.8853086419753087, "recall_std": 0.0071750065785705095, "f1-score_mean": 0.8836458299275671, "f1-score_std": 0.0073994106475870555, "support_mean": 3240.0, "support_std": 0.0}}, "classification_report_test": {"0.0": {"precision_mean": 0.702611797383616, "precision_std": 0.0821467759969815, "recall_mean": 0.7875233576089797, "recall_std": 0.06593941300363532, "f1-score_mean": 0.7066184197189245, "f1-score_std": 0.06877248856756893, "support_mean": 188.9, "support_std": 18.49024066906648}, "1.0": {"precision_mean": 0.7138639583582614, "precision_std": 0.07266101823959446, "recall_mean": 0.6195644760475594, "recall_std": 0.10798850599857805, "f1-score_mean": 0.6016202812263892, "f1-score_std": 0.09756715091335269, "support_mean": 171.1, "support_std": 18.49024066906648}, "macro avg": {"precision_mean": 0.7082378778709388, "precision_std": 0.06082768675868036, "recall_mean": 0.7035439168282696, "recall_std": 0.060968278136536436, "f1-score_mean": 0.6541193504726569, "f1-score_std": 0.07471819814646145, "support_mean": 360.0, "support_std": 0.0}, "weighted avg": {"precision_mean": 0.7523811853138701, "precision_std": 0.05674105935808622, "recall_mean": 0.6886111111111111, "recall_std": 0.07010623552337737, "f1-score_mean": 0.6715159005727032, "f1-score_std": 0.07453419222310166, "support_mean": 360.0, "support_std": 0.0}}, "timing": {"extractor_fit": "0:00:00.110540", "filtered_features": "0:00:00.000460", "model_training_time": "0:00:00.009586"}, "selected_vocabulary": [["std_R_R", "age", "std_hrt_rate"], ["std_R_R", "std_hrt_rate", "age"], ["std_R_R", "std_hrt_rate", "age"], ["mean_hrt_rate", "age", "std_hrt_rate"], ["std_R_R", "std_hrt_rate", "age"], ["std_R_R", "std_hrt_rate", "age"], ["std_R_R", "std_hrt_rate", "age"], ["std_R_R", "std_hrt_rate", "age"], ["std_hrt_rate", "std_R_R", "age"], ["mean_hrt_rate", "std_hrt_rate", "age"]]}