{"classification_report_train": {"0.0": {"precision_mean": 0.8371391298830428, "precision_std": 0.010862849850516621, "recall_mean": 0.9775183188100776, "recall_std": 0.001357217161676649, "f1-score_mean": 0.901483658133243, "f1-score_std": 0.005856659249530438, "support_mean": 1700.1, "support_std": 18.49024066906648}, "1.0": {"precision_mean": 0.9693237336851872, "precision_std": 0.001988309671208506, "recall_mean": 0.788183355727046, "recall_std": 0.015511394323603628, "f1-score_mean": 0.8685976117275563, "f1-score_std": 0.00906914305183188, "support_mean": 1539.9, "support_std": 18.49024066906648}, "macro avg": {"precision_mean": 0.903231431784115, "precision_std": 0.00527212177098861, "recall_mean": 0.8828508372685618, "recall_std": 0.0074760180804398614, "f1-score_mean": 0.8850406349303996, "f1-score_std": 0.0073548951839795896, "support_mean": 3240.0, "support_std": 0.0}, "weighted avg": {"precision_mean": 0.9001805805311909, "precision_std": 0.00547893464718169, "recall_mean": 0.8875617283950618, "recall_std": 0.007062582234921351, "f1-score_mean": 0.8859899760995977, "f1-score_std": 0.007270185350782139, "support_mean": 3240.0, "support_std": 0.0}}, "classification_report_test": {"0.0": {"precision_mean": 0.7269834160786973, "precision_std": 0.07702981904827344, "recall_mean": 0.9075488737831536, "recall_std": 0.03540762823400494, "f1-score_mean": 0.7751844909355554, "f1-score_std": 0.05662943853240269, "support_mean": 188.9, "support_std": 18.49024066906648}, "1.0": {"precision_mean": 0.8351553104206186, "precision_std": 0.05414053462652442, "recall_mean": 0.6064665661331947, "recall_std": 0.10544901375598671, "f1-score_mean": 0.6364717235019333, "f1-score_std": 0.09511208211581354, "support_mean": 171.1, "support_std": 18.49024066906648}, "macro avg": {"precision_mean": 0.781069363249658, "precision_std": 0.04400845556832164, "recall_mean": 0.7570077199581743, "recall_std": 0.04846883658929011, "f1-score_mean": 0.7058281072187443, "f1-score_std": 0.06830484894557053, "support_mean": 360.0, "support_std": 0.0}, "weighted avg": {"precision_mean": 0.8240830628274727, "precision_std": 0.03245953217645318, "recall_mean": 0.7441666666666666, "recall_std": 0.05999672058939123, "f1-score_mean": 0.7226964625825738, "f1-score_std": 0.06751009880519966, "support_mean": 360.0, "support_std": 0.0}}, "timing": {"extractor_fit": "0:00:01.063413", "filtered_features": "0:00:00.000658", "model_training_time": "0:00:00.011295"}, "selected_vocabulary": [["minimum", "std_hrt_rate"], ["minimum", "std_hrt_rate"], ["minimum", "std_hrt_rate"], ["std_R_R", "std_hrt_rate"], ["minimum", "std_hrt_rate"], ["minimum", "std_hrt_rate"], ["minimum", "std_hrt_rate"], ["minimum", "std_hrt_rate"], ["minimum", "std_hrt_rate"], ["minimum", "std_hrt_rate"]]}