{"classification_report_train": {"0.0": {"precision_mean": 0.8433789319808218, "precision_std": 0.014548033376997532, "recall_mean": 0.9560847696232264, "recall_std": 0.012951191938529581, "f1-score_mean": 0.8943424970741505, "f1-score_std": 0.0056841337440086395, "support_mean": 1700.1, "support_std": 18.49024066906648}, "1.0": {"precision_mean": 0.9486246297997754, "precision_std": 0.011855482577381327, "recall_mean": 0.7977616658646486, "recall_std": 0.022504372657381644, "f1-score_mean": 0.8634214725794569, "f1-score_std": 0.009415175882975356, "support_mean": 1539.9, "support_std": 18.49024066906648}, "macro avg": {"precision_mean": 0.8960017808902986, "precision_std": 0.004973955957849068, "recall_mean": 0.8769232177439374, "recall_std": 0.00710040335774412, "f1-score_mean": 0.8788819848268037, "f1-score_std": 0.007145825476163078, "support_mean": 3240.0, "support_std": 0.0}, "weighted avg": {"precision_mean": 0.8931329799806262, "precision_std": 0.0048675402087792145, "recall_mean": 0.8814197530864197, "recall_std": 0.006806349859864373, "f1-score_mean": 0.8798278801336249, "f1-score_std": 0.007100187975719197, "support_mean": 3240.0, "support_std": 0.0}}, "classification_report_test": {"0.0": {"precision_mean": 0.6874082084509057, "precision_std": 0.07790540259158707, "recall_mean": 0.7107986838418255, "recall_std": 0.11881735254016206, "f1-score_mean": 0.5925403874581755, "f1-score_std": 0.0950598134968136, "support_mean": 188.9, "support_std": 18.49024066906648}, "1.0": {"precision_mean": 0.7357436390481207, "precision_std": 0.08306460963839751, "recall_mean": 0.6419653905587485, "recall_std": 0.11297962783280002, "f1-score_mean": 0.5673683514009944, "f1-score_std": 0.08943980731720227, "support_mean": 171.1, "support_std": 18.49024066906648}, "macro avg": {"precision_mean": 0.7115759237495132, "precision_std": 0.052706977412248175, "recall_mean": 0.6763820372002869, "recall_std": 0.05324716779569181, "f1-score_mean": 0.5799543694295849, "f1-score_std": 0.07745236533373179, "support_mean": 360.0, "support_std": 0.0}, "weighted avg": {"precision_mean": 0.7641230415558694, "precision_std": 0.04585819456948127, "recall_mean": 0.6249999999999999, "recall_std": 0.07211744536466835, "f1-score_mean": 0.5776171253623311, "f1-score_std": 0.08371967167894916, "support_mean": 360.0, "support_std": 0.0}}, "timing": {"extractor_fit": "0:00:00.715756", "filtered_features": "-1 day, 23:59:59.999989", "model_training_time": "0:00:00.009589"}, "selected_vocabulary": [["kurtosis", "std_R_R", "std", "mean_hrt_rate"], ["root_mean_diff_R_R", "mean", "kurtosis", "mean_R_R"], ["mean_R_R", "std_R_R", "gender", "root_mean_diff_R_R"], ["maximum", "gender", "kurtosis", "age"], ["root_mean_diff_R_R", "std_R_R", "skew", "mean_R_R"], ["std", "std_R_R", "maximum", "age"], ["root_mean_diff_R_R", "std_R_R", "mean_R_R", "age"], ["std", "std_R_R", "minimum", "gender"], ["kurtosis", "std_hrt_rate", "gender", "mean"], ["minimum", "mean_hrt_rate", "std", "skew"]]}