{"classification_report_train": {"0.0": {"precision_mean": 0.8361460220404539, "precision_std": 0.011035252840519726, "recall_mean": 0.9778463588358587, "recall_std": 0.0017841339838757817, "f1-score_mean": 0.9009968942262672, "f1-score_std": 0.00571483450768181, "support_mean": 1700.1, "support_std": 18.49024066906648}, "1.0": {"precision_mean": 0.9699596638720202, "precision_std": 0.002281151708542005, "recall_mean": 0.786303958033471, "recall_std": 0.016097494951657437, "f1-score_mean": 0.8675566789426187, "f1-score_std": 0.009072850747756864, "support_mean": 1539.9, "support_std": 18.49024066906648}, "macro avg": {"precision_mean": 0.903052842956237, "precision_std": 0.005012420851013063, "recall_mean": 0.8820751584346647, "recall_std": 0.007429562316867788, "f1-score_mean": 0.884276786584443, "f1-score_std": 0.007271994686651631, "support_mean": 3240.0, "support_std": 0.0}, "weighted avg": {"precision_mean": 0.8999256391222396, "precision_std": 0.005230261096279276, "recall_mean": 0.8868827160493826, "recall_std": 0.006954964596658363, "f1-score_mean": 0.8852483039413908, "f1-score_std": 0.0071801315032505265, "support_mean": 3240.0, "support_std": 0.0}}, "classification_report_test": {"0.0": {"precision_mean": 0.7253562118142762, "precision_std": 0.07968784725487948, "recall_mean": 0.887757207116487, "recall_std": 0.04294710108628777, "f1-score_mean": 0.7647923585271739, "f1-score_std": 0.05946664341777211, "support_mean": 188.9, "support_std": 18.49024066906648}, "1.0": {"precision_mean": 0.8240901027282449, "precision_std": 0.054841229593715186, "recall_mean": 0.6108115421271981, "recall_std": 0.10801395166544046, "f1-score_mean": 0.6306758859316278, "f1-score_std": 0.09597739980934633, "support_mean": 171.1, "support_std": 18.49024066906648}, "macro avg": {"precision_mean": 0.7747231572712606, "precision_std": 0.045664378145973704, "recall_mean": 0.7492843746218426, "recall_std": 0.04953851265860563, "f1-score_mean": 0.6977341222294009, "f1-score_std": 0.06958034781783945, "support_mean": 360.0, "support_std": 0.0}, "weighted avg": {"precision_mean": 0.8184019009161032, "precision_std": 0.03348595573052486, "recall_mean": 0.7366666666666666, "recall_std": 0.06157124749847545, "f1-score_mean": 0.7144376914932999, "f1-score_std": 0.06934484974660178, "support_mean": 360.0, "support_std": 0.0}}, "timing": {"extractor_fit": "0:00:01.096734", "filtered_features": "0:00:00.000608", "model_training_time": "0:00:00.009618"}, "selected_vocabulary": [["skew", "std_R_R", "minimum", "std_hrt_rate"], ["age", "std_R_R", "minimum", "std_hrt_rate"], ["std", "std_R_R", "minimum", "std_hrt_rate"], ["mean_R_R", "std_R_R", "minimum", "std_hrt_rate"], ["age", "std_R_R", "minimum", "std_hrt_rate"], ["mean", "std_R_R", "minimum", "std_hrt_rate"], ["std_R_R", "skew", "minimum", "std_hrt_rate"], ["age", "std_R_R", "minimum", "std_hrt_rate"], ["mean_R_R", "std_R_R", "minimum", "std_hrt_rate"], ["std_R_R", "minimum", "age", "std_hrt_rate"]]}