{"classification_report_train": {"0.0": {"precision_mean": 0.8396991962968317, "precision_std": 0.01232641859337775, "recall_mean": 0.9672027687459865, "recall_std": 0.008536694205365299, "f1-score_mean": 0.8980404637639008, "f1-score_std": 0.00635645249244627, "support_mean": 1700.1, "support_std": 18.49024066906648}, "1.0": {"precision_mean": 0.9587536829888782, "precision_std": 0.008477655341195623, "recall_mean": 0.7924635492698213, "recall_std": 0.018902809477068978, "f1-score_mean": 0.8659081530011923, "f1-score_std": 0.009824465369200796, "support_mean": 1539.9, "support_std": 18.49024066906648}, "macro avg": {"precision_mean": 0.8992264396428549, "precision_std": 0.005965277116654848, "recall_mean": 0.8798331590079039, "recall_std": 0.007968710138716726, "f1-score_mean": 0.8819743083825464, "f1-score_std": 0.0078613426729893, "support_mean": 3240.0, "support_std": 0.0}, "weighted avg": {"precision_mean": 0.8962306861657184, "precision_std": 0.0060567672026168124, "recall_mean": 0.884506172839506, "recall_std": 0.007547896141857475, "f1-score_mean": 0.8829418616214495, "f1-score_std": 0.007778907857865112, "support_mean": 3240.0, "support_std": 0.0}}, "classification_report_test": {"0.0": {"precision_mean": 0.6847811754769051, "precision_std": 0.08035821174888409, "recall_mean": 0.7621298492762042, "recall_std": 0.06262365178590319, "f1-score_mean": 0.6824267629887345, "f1-score_std": 0.06395202213738091, "support_mean": 188.9, "support_std": 18.49024066906648}, "1.0": {"precision_mean": 0.6744072641157636, "precision_std": 0.06740600510113064, "recall_mean": 0.5981931669784396, "recall_std": 0.10567986474709638, "f1-score_mean": 0.566030795876149, "f1-score_std": 0.09215772805834545, "support_mean": 171.1, "support_std": 18.49024066906648}, "macro avg": {"precision_mean": 0.6795942197963343, "precision_std": 0.053897865346582786, "recall_mean": 0.6801615081273219, "recall_std": 0.05557525844845302, "f1-score_mean": 0.6242287794324417, "f1-score_std": 0.06907422277566373, "support_mean": 360.0, "support_std": 0.0}, "weighted avg": {"precision_mean": 0.7299496257954348, "precision_std": 0.05130809621036663, "recall_mean": 0.6583333333333333, "recall_std": 0.06476929618573186, "f1-score_mean": 0.6408227872424318, "f1-score_std": 0.0699389341213454, "support_mean": 360.0, "support_std": 0.0}}, "timing": {"extractor_fit": "0:00:00.110401", "filtered_features": "0:00:00.000424", "model_training_time": "0:00:00.008529"}, "selected_vocabulary": [["skew", "std_R_R", "age", "std_hrt_rate"], ["mean_hrt_rate", "std_R_R", "std_hrt_rate", "age"], ["skew", "std_R_R", "std_hrt_rate", "age"], ["std_R_R", "mean_hrt_rate", "age", "std_hrt_rate"], ["mean_hrt_rate", "std_R_R", "std_hrt_rate", "age"], ["skew", "std_R_R", "std_hrt_rate", "age"], ["skew", "std_R_R", "std_hrt_rate", "age"], ["mean_hrt_rate", "std_R_R", "std_hrt_rate", "age"], ["mean_hrt_rate", "std_hrt_rate", "std_R_R", "age"], ["std_R_R", "mean_hrt_rate", "std_hrt_rate", "age"]]}