{"classification_report_train": {"0.0": {"precision_mean": 0.8353108393234667, "precision_std": 0.013814707703466557, "recall_mean": 0.9638934903592951, "recall_std": 0.013671901137805547, "f1-score_mean": 0.8931152018892432, "f1-score_std": 0.005072376318789163, "support_mean": 1700.1, "support_std": 18.49024066906648}, "1.0": {"precision_mean": 0.9569997425283103, "precision_std": 0.012020684003426516, "recall_mean": 0.7848571931701563, "recall_std": 0.020495430052859823, "f1-score_mean": 0.859541493852527, "f1-score_std": 0.007868491091207654, "support_mean": 1539.9, "support_std": 18.49024066906648}, "macro avg": {"precision_mean": 0.8961552909258884, "precision_std": 0.00429839934856249, "recall_mean": 0.8743753417647258, "recall_std": 0.006085989695740556, "f1-score_mean": 0.8763283478708852, "f1-score_std": 0.005998517010625981, "support_mean": 3240.0, "support_std": 0.0}, "weighted avg": {"precision_mean": 0.8931308328150109, "precision_std": 0.004289839824790665, "recall_mean": 0.8791049382716049, "recall_std": 0.0057425740468393105, "f1-score_mean": 0.8773223192614393, "f1-score_std": 0.005942050019951502, "support_mean": 3240.0, "support_std": 0.0}}, "classification_report_test": {"0.0": {"precision_mean": 0.7571072533267212, "precision_std": 0.08541820890051963, "recall_mean": 0.7895418601943544, "recall_std": 0.0894453086456889, "f1-score_mean": 0.703020493036878, "f1-score_std": 0.0924037424452012, "support_mean": 188.9, "support_std": 18.49024066906648}, "1.0": {"precision_mean": 0.7992946339531143, "precision_std": 0.07146861783305582, "recall_mean": 0.7114190287127498, "recall_std": 0.09309625156601888, "f1-score_mean": 0.7008058565306684, "f1-score_std": 0.08052960299610608, "support_mean": 171.1, "support_std": 18.49024066906648}, "macro avg": {"precision_mean": 0.7782009436399178, "precision_std": 0.05982176680153421, "recall_mean": 0.7504804444535521, "recall_std": 0.05952598839738156, "f1-score_mean": 0.7019131747837731, "f1-score_std": 0.08168427775778127, "support_mean": 360.0, "support_std": 0.0}, "weighted avg": {"precision_mean": 0.8150965403552288, "precision_std": 0.052218911360234384, "recall_mean": 0.7222222222222222, "recall_std": 0.07905498945686282, "f1-score_mean": 0.7011695886515197, "f1-score_std": 0.08876170955570177, "support_mean": 360.0, "support_std": 0.0}}, "timing": {"extractor_fit": "0:00:00.001519", "filtered_features": "0:00:00.000374", "model_training_time": "0:00:00.007871"}, "selected_vocabulary": [["mean_hrt_rate", "minimum", "std", "skew", "std_R_R", "std_hrt_rate"], ["minimum", "std", "skew", "mean_hrt_rate", "std_R_R", "std_hrt_rate"], ["kurtosis", "std", "minimum", "skew", "std_R_R", "std_hrt_rate"], ["skew", "mean_hrt_rate", "minimum", "std", "std_R_R", "std_hrt_rate"], ["mean", "std", "minimum", "skew", "std_R_R", "std_hrt_rate"], ["maximum", "minimum", "skew", "std", "std_R_R", "std_hrt_rate"], ["kurtosis", "std", "minimum", "skew", "std_R_R", "std_hrt_rate"], ["maximum", "minimum", "skew", "std", "std_R_R", "std_hrt_rate"], ["std", "mean_hrt_rate", "minimum", "std_R_R", "skew", "std_hrt_rate"], ["minimum", "mean_hrt_rate", "skew", "std", "std_R_R", "std_hrt_rate"]]}