{"classification_report_train": {"0.0": {"precision_mean": 0.801119420501184, "precision_std": 0.014208673353632404, "recall_mean": 0.9551817562287128, "recall_std": 0.013752541283295502, "f1-score_mean": 0.8694520059498098, "f1-score_std": 0.006181742411382412, "support_mean": 1700.1, "support_std": 18.49024066906648}, "1.0": {"precision_mean": 0.9405131231561148, "precision_std": 0.015189256996829612, "recall_mean": 0.7355447690243424, "recall_std": 0.021201754802030966, "f1-score_mean": 0.821928765539713, "f1-score_std": 0.00984068939741346, "support_mean": 1539.9, "support_std": 18.49024066906648}, "macro avg": {"precision_mean": 0.8708162718286493, "precision_std": 0.005838998930252035, "recall_mean": 0.8453632626265277, "recall_std": 0.007306938159758539, "f1-score_mean": 0.8456903857447614, "f1-score_std": 0.007827113888429375, "support_mean": 3240.0, "support_std": 0.0}, "weighted avg": {"precision_mean": 0.8685057005793941, "precision_std": 0.005410361066118784, "recall_mean": 0.8495679012345679, "recall_std": 0.007471711626044666, "f1-score_mean": 0.8467795980928796, "f1-score_std": 0.007875030687389093, "support_mean": 3240.0, "support_std": 0.0}}, "classification_report_test": {"0.0": {"precision_mean": 0.7219306963611914, "precision_std": 0.09938210143217437, "recall_mean": 0.819424966772031, "recall_std": 0.08514489907386949, "f1-score_mean": 0.7501263228081724, "f1-score_std": 0.0898950691511969, "support_mean": 188.9, "support_std": 18.49024066906648}, "1.0": {"precision_mean": 0.8584363038047241, "precision_std": 0.037618640826883674, "recall_mean": 0.7114557480742233, "recall_std": 0.07624897057063308, "f1-score_mean": 0.7443640779431847, "f1-score_std": 0.06213951665771578, "support_mean": 171.1, "support_std": 18.49024066906648}, "macro avg": {"precision_mean": 0.7901835000829578, "precision_std": 0.05903289956799863, "recall_mean": 0.7654403574231272, "recall_std": 0.06173803751738924, "f1-score_mean": 0.7472452003756785, "f1-score_std": 0.06897731569162482, "support_mean": 360.0, "support_std": 0.0}, "weighted avg": {"precision_mean": 0.8292485446391076, "precision_std": 0.04158558249626205, "recall_mean": 0.7727777777777778, "recall_std": 0.06107675802111937, "f1-score_mean": 0.7693399218969584, "f1-score_std": 0.06326125671529766, "support_mean": 360.0, "support_std": 0.0}}, "timing": {"extractor_fit": "0:00:01.085388", "filtered_features": "0:00:00.000566", "model_training_time": "0:00:00.004137"}, "selected_vocabulary": [["mean_hrt_rate", "maximum", "mean_R_R", "mean", "std", "age", "skew", "std_R_R", "minimum", "std_hrt_rate"], ["kurtosis", "maximum", "std", "skew", "mean", "age", "mean_R_R", "minimum", "std_R_R", "std_hrt_rate"], ["root_mean_diff_R_R", "mean", "maximum", "kurtosis", "skew", "age", "std_R_R", "std", "minimum", "std_hrt_rate"], ["kurtosis", "skew", "mean_hrt_rate", "age", "mean_R_R", "maximum", "std", "minimum", "std_R_R", "std_hrt_rate"], ["kurtosis", "root_mean_diff_R_R", "mean_R_R", "skew", "maximum", "std", "age", "std_R_R", "minimum", "std_hrt_rate"], ["mean_R_R", "kurtosis", "std", "mean", "maximum", "age", "std_R_R", "skew", "minimum", "std_hrt_rate"], ["mean", "kurtosis", "mean_R_R", "maximum", "skew", "std", "age", "std_R_R", "minimum", "std_hrt_rate"], ["mean", "mean_hrt_rate", "skew", "maximum", "std", "mean_R_R", "std_R_R", "age", "minimum", "std_hrt_rate"], ["root_mean_diff_R_R", "maximum", "kurtosis", "age", "skew", "mean_R_R", "std", "std_R_R", "minimum", "std_hrt_rate"], ["kurtosis", "std", "mean", "maximum", "age", "skew", "mean_R_R", "std_R_R", "minimum", "std_hrt_rate"]]}