{"classification_report_train": {"0.0": {"precision_mean": 0.8366091045682564, "precision_std": 0.010748506856270918, "recall_mean": 0.9759611972690042, "recall_std": 0.0020444487649153797, "f1-score_mean": 0.9004791184010303, "f1-score_std": 0.0055117793283723125, "support_mean": 1700.1, "support_std": 18.49024066906648}, "1.0": {"precision_mean": 0.9677372420254932, "precision_std": 0.002294437930958585, "recall_mean": 0.7874006824624145, "recall_std": 0.015839667038907268, "f1-score_mean": 0.8673394517871605, "f1-score_std": 0.008784392641890616, "support_mean": 1539.9, "support_std": 18.49024066906648}, "macro avg": {"precision_mean": 0.9021731732968746, "precision_std": 0.004848515924640114, "recall_mean": 0.8816809398657094, "recall_std": 0.007183208205265054, "f1-score_mean": 0.8839092850940954, "f1-score_std": 0.007006215474585784, "support_mean": 3240.0, "support_std": 0.0}, "weighted avg": {"precision_mean": 0.8990551296936745, "precision_std": 0.005041323075717921, "recall_mean": 0.8864814814814815, "recall_std": 0.00669629333733865, "f1-score_mean": 0.8848825963946119, "f1-score_std": 0.006914146668067396, "support_mean": 3240.0, "support_std": 0.0}}, "classification_report_test": {"0.0": {"precision_mean": 0.7252754724704329, "precision_std": 0.08119156722038771, "recall_mean": 0.8478675012341341, "recall_std": 0.05015274270851807, "f1-score_mean": 0.7535430862926173, "f1-score_std": 0.06467491991654875, "support_mean": 188.9, "support_std": 18.49024066906648}, "1.0": {"precision_mean": 0.8074055162006728, "precision_std": 0.0560996050817788, "recall_mean": 0.626278979101988, "recall_std": 0.10763762862608818, "f1-score_mean": 0.6387323636891986, "f1-score_std": 0.09575841564883418, "support_mean": 171.1, "support_std": 18.49024066906648}, "macro avg": {"precision_mean": 0.7663404943355527, "precision_std": 0.05489450341934948, "recall_mean": 0.7370732401680611, "recall_std": 0.05694519604447147, "f1-score_mean": 0.696137724990908, "f1-score_std": 0.07280720995679575, "support_mean": 360.0, "support_std": 0.0}, "weighted avg": {"precision_mean": 0.7983883062177206, "precision_std": 0.048675132869924906, "recall_mean": 0.7322222222222222, "recall_std": 0.06766748767974831, "f1-score_mean": 0.7141298139684439, "f1-score_std": 0.07340271533465953, "support_mean": 360.0, "support_std": 0.0}}, "timing": {"extractor_fit": "0:00:01.150942", "filtered_features": "0:00:00.000564", "model_training_time": "0:00:00.007710"}, "selected_vocabulary": [["mean_R_R", "age", "skew", "std_R_R", "minimum", "std_hrt_rate"], ["mean_R_R", "maximum", "age", "std_R_R", "minimum", "std_hrt_rate"], ["std", "skew", "age", "std_R_R", "minimum", "std_hrt_rate"], ["mean_R_R", "skew", "std", "minimum", "std_R_R", "std_hrt_rate"], ["maximum", "std", "age", "std_R_R", "minimum", "std_hrt_rate"], ["maximum", "age", "skew", "std_R_R", "minimum", "std_hrt_rate"], ["skew", "std_R_R", "std", "age", "minimum", "std_hrt_rate"], ["mean", "mean_R_R", "age", "minimum", "std_R_R", "std_hrt_rate"], ["std", "age", "mean_R_R", "std_R_R", "minimum", "std_hrt_rate"], ["maximum", "mean_R_R", "age", "std_R_R", "minimum", "std_hrt_rate"]]}