{"classification_report_train": {"0.0": {"precision_mean": 0.8788644347125654, "precision_std": 0.014842695866833526, "recall_mean": 0.8994787302689847, "recall_std": 0.01944334201377224, "f1-score_mean": 0.8863107415079821, "f1-score_std": 0.008960327666423476, "support_mean": 1700.1, "support_std": 18.49024066906648}, "1.0": {"precision_mean": 0.8919409753225567, "precision_std": 0.014029611222090661, "recall_mean": 0.8569218269795693, "recall_std": 0.021090006116568208, "f1-score_mean": 0.871125649361761, "f1-score_std": 0.009050898531832491, "support_mean": 1539.9, "support_std": 18.49024066906648}, "macro avg": {"precision_mean": 0.885402705017561, "precision_std": 0.006796933213387529, "recall_mean": 0.8782002786242769, "recall_std": 0.008375524333647038, "f1-score_mean": 0.8787181954348716, "f1-score_std": 0.008348766065706649, "support_mean": 3240.0, "support_std": 0.0}, "weighted avg": {"precision_mean": 0.884736377425502, "precision_std": 0.00694866595914478, "recall_mean": 0.8800000000000001, "recall_std": 0.008164709133363786, "f1-score_mean": 0.8793165142729809, "f1-score_std": 0.008350786623336333, "support_mean": 3240.0, "support_std": 0.0}}, "classification_report_test": {"0.0": {"precision_mean": 0.6682527471930713, "precision_std": 0.08031798916666942, "recall_mean": 0.6744377760137663, "recall_std": 0.09139516823068687, "f1-score_mean": 0.630224371864469, "f1-score_std": 0.08344315547932164, "support_mean": 188.9, "support_std": 18.49024066906648}, "1.0": {"precision_mean": 0.6630335463690227, "precision_std": 0.0889369126432747, "recall_mean": 0.6417082168658167, "recall_std": 0.09645718672011129, "f1-score_mean": 0.6146314640097015, "f1-score_std": 0.08730732772132968, "support_mean": 171.1, "support_std": 18.49024066906648}, "macro avg": {"precision_mean": 0.6656431467810469, "precision_std": 0.06951628118517869, "recall_mean": 0.6580729964397916, "recall_std": 0.0691518199977188, "f1-score_mean": 0.6224279179370853, "f1-score_std": 0.07660640286398801, "support_mean": 360.0, "support_std": 0.0}, "weighted avg": {"precision_mean": 0.7099614484232097, "precision_std": 0.06485251328461696, "recall_mean": 0.6516666666666667, "recall_std": 0.07497242291356779, "f1-score_mean": 0.6431130285233906, "f1-score_std": 0.07594492401937845, "support_mean": 360.0, "support_std": 0.0}}, "timing": {"extractor_fit": "0:00:00.108584", "filtered_features": "0:00:00.000452", "model_training_time": "0:00:00.005221"}, "selected_vocabulary": [["std", "mean_R_R", "minimum", "mean_hrt_rate", "skew", "std_R_R", "age", "std_hrt_rate"], ["kurtosis", "maximum", "mean_R_R", "skew", "mean_hrt_rate", "std_R_R", "std_hrt_rate", "age"], ["kurtosis", "std", "minimum", "mean_hrt_rate", "skew", "std_R_R", "std_hrt_rate", "age"], ["std", "mean_R_R", "minimum", "skew", "std_R_R", "mean_hrt_rate", "age", "std_hrt_rate"], ["minimum", "mean_R_R", "maximum", "skew", "mean_hrt_rate", "std_R_R", "std_hrt_rate", "age"], ["maximum", "minimum", "kurtosis", "mean_hrt_rate", "skew", "std_R_R", "std_hrt_rate", "age"], ["mean_R_R", "kurtosis", "minimum", "mean_hrt_rate", "skew", "std_R_R", "std_hrt_rate", "age"], ["std", "root_mean_diff_R_R", "skew", "mean_R_R", "mean_hrt_rate", "std_R_R", "std_hrt_rate", "age"], ["root_mean_diff_R_R", "mean_R_R", "minimum", "skew", "mean_hrt_rate", "std_hrt_rate", "std_R_R", "age"], ["minimum", "root_mean_diff_R_R", "skew", "mean_R_R", "std_R_R", "mean_hrt_rate", "std_hrt_rate", "age"]]}