{"classification_report_train": {"0.0": {"precision_mean": 0.9004669120769597, "precision_std": 0.012295653702424681, "recall_mean": 0.8679058590673335, "recall_std": 0.0290931090293823, "f1-score_mean": 0.8791620409341512, "f1-score_std": 0.011626250198970388, "support_mean": 1700.1, "support_std": 18.49024066906648}, "1.0": {"precision_mean": 0.870760480042519, "precision_std": 0.022094330816452144, "recall_mean": 0.8862593522171155, "recall_std": 0.01957330123429413, "f1-score_mean": 0.8738103868053522, "f1-score_std": 0.007299278830443242, "support_mean": 1539.9, "support_std": 18.49024066906648}, "macro avg": {"precision_mean": 0.8856136960597393, "precision_std": 0.006555580755848353, "recall_mean": 0.8770826056422246, "recall_std": 0.00834775290946636, "f1-score_mean": 0.8764862138697517, "f1-score_std": 0.00882339425157718, "support_mean": 3240.0, "support_std": 0.0}, "weighted avg": {"precision_mean": 0.8857794943088886, "precision_std": 0.006219429575574011, "recall_mean": 0.8777469135802469, "recall_std": 0.00866448237572224, "f1-score_mean": 0.8769269375178077, "f1-score_std": 0.008890649207820253, "support_mean": 3240.0, "support_std": 0.0}}, "classification_report_test": {"0.0": {"precision_mean": 0.6456655408260095, "precision_std": 0.10546301221375204, "recall_mean": 0.6935431525767969, "recall_std": 0.09528571283811954, "f1-score_mean": 0.6448949774458727, "f1-score_std": 0.09581201548789825, "support_mean": 188.9, "support_std": 18.49024066906648}, "1.0": {"precision_mean": 0.6917341748193625, "precision_std": 0.07964627414474376, "recall_mean": 0.6264740470848758, "recall_std": 0.09031309731682026, "f1-score_mean": 0.6264155072541329, "f1-score_std": 0.07820160672980822, "support_mean": 171.1, "support_std": 18.49024066906648}, "macro avg": {"precision_mean": 0.6686998578226859, "precision_std": 0.07587520863990255, "recall_mean": 0.6600085998308364, "recall_std": 0.07498740634944033, "f1-score_mean": 0.6356552423500028, "f1-score_std": 0.0792373643262982, "support_mean": 360.0, "support_std": 0.0}, "weighted avg": {"precision_mean": 0.7177434743596595, "precision_std": 0.06667286872398444, "recall_mean": 0.6605555555555556, "recall_std": 0.07425743509350875, "f1-score_mean": 0.6605124074601203, "f1-score_std": 0.07418762077470104, "support_mean": 360.0, "support_std": 0.0}}, "timing": {"extractor_fit": "0:00:00.106806", "filtered_features": "0:00:00.000392", "model_training_time": "0:00:00.004129"}, "selected_vocabulary": [["kurtosis", "std", "mean_R_R", "minimum", "mean_hrt_rate", "skew", "std_R_R", "age", "std_hrt_rate"], ["kurtosis", "minimum", "maximum", "mean_R_R", "skew", "mean_hrt_rate", "std_R_R", "std_hrt_rate", "age"], ["mean_R_R", "kurtosis", "std", "minimum", "mean_hrt_rate", "skew", "std_R_R", "std_hrt_rate", "age"], ["root_mean_diff_R_R", "std", "mean_R_R", "skew", "minimum", "std_R_R", "mean_hrt_rate", "age", "std_hrt_rate"], ["root_mean_diff_R_R", "minimum", "mean_R_R", "maximum", "skew", "mean_hrt_rate", "std_R_R", "std_hrt_rate", "age"], ["std", "minimum", "maximum", "kurtosis", "mean_hrt_rate", "skew", "std_R_R", "std_hrt_rate", "age"], ["root_mean_diff_R_R", "mean_R_R", "kurtosis", "minimum", "mean_hrt_rate", "skew", "std_R_R", "std_hrt_rate", "age"], ["minimum", "root_mean_diff_R_R", "maximum", "skew", "mean_R_R", "mean_hrt_rate", "std_R_R", "std_hrt_rate", "age"], ["kurtosis", "root_mean_diff_R_R", "mean_R_R", "minimum", "skew", "mean_hrt_rate", "std_hrt_rate", "std_R_R", "age"], ["maximum", "minimum", "root_mean_diff_R_R", "mean_R_R", "skew", "std_R_R", "mean_hrt_rate", "std_hrt_rate", "age"]]}