{"classification_report_train": {"0.0": {"precision_mean": 0.8297009119295355, "precision_std": 0.018499234186494094, "recall_mean": 0.8786140939782197, "recall_std": 0.030610252767951894, "f1-score_mean": 0.8482850844598838, "f1-score_std": 0.013877336618210943, "support_mean": 1700.1, "support_std": 18.49024066906648}, "1.0": {"precision_mean": 0.8735543555154903, "precision_std": 0.026299091322302667, "recall_mean": 0.7882910102595001, "recall_std": 0.03418047765767169, "f1-score_mean": 0.8191986010360954, "f1-score_std": 0.01579419969462025, "support_mean": 1539.9, "support_std": 18.49024066906648}, "macro avg": {"precision_mean": 0.8516276337225129, "precision_std": 0.01225147092608353, "recall_mean": 0.8334525521188599, "recall_std": 0.013421903931115704, "f1-score_mean": 0.8337418427479897, "f1-score_std": 0.013108406793722473, "support_mean": 3240.0, "support_std": 0.0}, "weighted avg": {"precision_mean": 0.849709296807049, "precision_std": 0.012257607554646943, "recall_mean": 0.8374074074074074, "recall_std": 0.01249522085136439, "f1-score_mean": 0.8350325026700836, "f1-score_std": 0.012889240318426741, "support_mean": 3240.0, "support_std": 0.0}}, "classification_report_test": {"0.0": {"precision_mean": 0.6320308520712472, "precision_std": 0.10986123318004644, "recall_mean": 0.7462465346376649, "recall_std": 0.11238239446036447, "f1-score_mean": 0.6497031201422869, "f1-score_std": 0.10758591922662486, "support_mean": 188.9, "support_std": 18.49024066906648}, "1.0": {"precision_mean": 0.781812302414409, "precision_std": 0.05737955374508478, "recall_mean": 0.702294018102614, "recall_std": 0.10511852902556286, "f1-score_mean": 0.6524039145180351, "f1-score_std": 0.08996748478516661, "support_mean": 171.1, "support_std": 18.49024066906648}, "macro avg": {"precision_mean": 0.7069215772428281, "precision_std": 0.07396833362853675, "recall_mean": 0.7242702763701395, "recall_std": 0.058141765618756704, "f1-score_mean": 0.6510535173301609, "f1-score_std": 0.0856442735461301, "support_mean": 360.0, "support_std": 0.0}, "weighted avg": {"precision_mean": 0.743801636336914, "precision_std": 0.0746957658267817, "recall_mean": 0.6972222222222222, "recall_std": 0.07710122415002305, "f1-score_mean": 0.6541127314923653, "f1-score_std": 0.09412218764522355, "support_mean": 360.0, "support_std": 0.0}}, "timing": {"extractor_fit": "0:00:01.220077", "filtered_features": "-1 day, 23:59:59.999990", "model_training_time": "0:00:00.005283"}, "selected_vocabulary": [["kurtosis", "std_R_R", "std", "mean_hrt_rate", "mean", "std_hrt_rate", "gender", "root_mean_diff_R_R"], ["root_mean_diff_R_R", "mean", "kurtosis", "mean_R_R", "mean_hrt_rate", "age", "maximum", "std_hrt_rate"], ["mean_R_R", "std_R_R", "gender", "maximum", "age", "root_mean_diff_R_R", "mean", "std"], ["root_mean_diff_R_R", "gender", "maximum", "age", "std_hrt_rate", "mean", "std", "kurtosis"], ["root_mean_diff_R_R", "std_R_R", "skew", "minimum", "mean", "kurtosis", "age", "std"], ["std", "std_R_R", "maximum", "age", "minimum", "kurtosis", "mean_R_R", "skew"], ["root_mean_diff_R_R", "std_R_R", "mean_R_R", "age", "skew", "minimum", "std", "kurtosis"], ["std", "std_R_R", "maximum", "gender", "mean", "kurtosis", "age", "mean_hrt_rate"], ["kurtosis", "std_hrt_rate", "gender", "maximum", "mean", "root_mean_diff_R_R", "std", "std_R_R"], ["minimum", "mean_hrt_rate", "std", "skew", "maximum", "age", "kurtosis", "std_R_R"]]}