{"classification_report_train": {"0.0": {"precision_mean": 0.837169654550542, "precision_std": 0.010854266358488308, "recall_mean": 0.9774576391984271, "recall_std": 0.0013309189026776455, "f1-score_mean": 0.9014774369436319, "f1-score_std": 0.005858277351690465, "support_mean": 1700.1, "support_std": 18.49024066906648}, "1.0": {"precision_mean": 0.9692461283636794, "precision_std": 0.0019553448963028214, "recall_mean": 0.7882461697973977, "recall_std": 0.015498330085665597, "f1-score_mean": 0.8686080517546202, "f1-score_std": 0.009067305176571509, "support_mean": 1539.9, "support_std": 18.49024066906648}, "macro avg": {"precision_mean": 0.9032078914571109, "precision_std": 0.005277066353006644, "recall_mean": 0.8828519044979124, "recall_std": 0.007475829483999712, "f1-score_mean": 0.885042744349126, "f1-score_std": 0.007354447772009791, "support_mean": 3240.0, "support_std": 0.0}, "weighted avg": {"precision_mean": 0.9001579746608815, "precision_std": 0.005482855747956305, "recall_mean": 0.8875617283950618, "recall_std": 0.007062582234921351, "f1-score_mean": 0.8859919415325009, "f1-score_std": 0.007269745809531893, "support_mean": 3240.0, "support_std": 0.0}}, "classification_report_test": {"0.0": {"precision_mean": 0.7269834160786973, "precision_std": 0.07702981904827344, "recall_mean": 0.9075488737831536, "recall_std": 0.03540762823400494, "f1-score_mean": 0.7751844909355554, "f1-score_std": 0.05662943853240269, "support_mean": 188.9, "support_std": 18.49024066906648}, "1.0": {"precision_mean": 0.8351553104206186, "precision_std": 0.05414053462652442, "recall_mean": 0.6064665661331947, "recall_std": 0.10544901375598671, "f1-score_mean": 0.6364717235019333, "f1-score_std": 0.09511208211581354, "support_mean": 171.1, "support_std": 18.49024066906648}, "macro avg": {"precision_mean": 0.781069363249658, "precision_std": 0.04400845556832164, "recall_mean": 0.7570077199581743, "recall_std": 0.04846883658929011, "f1-score_mean": 0.7058281072187443, "f1-score_std": 0.06830484894557053, "support_mean": 360.0, "support_std": 0.0}, "weighted avg": {"precision_mean": 0.8240830628274727, "precision_std": 0.03245953217645318, "recall_mean": 0.7441666666666666, "recall_std": 0.05999672058939123, "f1-score_mean": 0.7226964625825738, "f1-score_std": 0.06751009880519966, "support_mean": 360.0, "support_std": 0.0}}, "timing": {"extractor_fit": "0:00:01.053172", "filtered_features": "0:00:00.000617", "model_training_time": "0:00:00.012020"}, "selected_vocabulary": [["std_hrt_rate"], ["std_hrt_rate"], ["std_hrt_rate"], ["std_hrt_rate"], ["std_hrt_rate"], ["std_hrt_rate"], ["std_hrt_rate"], ["std_hrt_rate"], ["std_hrt_rate"], ["std_hrt_rate"]]}