{"classification_report_train": {"0.0": {"precision_mean": 0.7260676237191569, "precision_std": 0.010375905456075654, "recall_mean": 0.9219002844450793, "recall_std": 0.0043324676890888454, "f1-score_mean": 0.8119022083738292, "f1-score_std": 0.006597503669736989, "support_mean": 1700.1, "support_std": 18.49024066906648}, "1.0": {"precision_mean": 0.8775042877092943, "precision_std": 0.006005383359220756, "recall_mean": 0.6164788979794211, "recall_std": 0.012284437260436782, "f1-score_mean": 0.7233702437032347, "f1-score_std": 0.00827540966407834, "support_mean": 1539.9, "support_std": 18.49024066906648}, "macro avg": {"precision_mean": 0.8017859557142255, "precision_std": 0.005858299107396838, "recall_mean": 0.7691895912122504, "recall_std": 0.006255569779845648, "f1-score_mean": 0.767636226038532, "f1-score_std": 0.007345926976015043, "support_mean": 3240.0, "support_std": 0.0}, "weighted avg": {"precision_mean": 0.7986511252418907, "precision_std": 0.005523694063214593, "recall_mean": 0.7761419753086419, "recall_std": 0.007312802504890807, "f1-score_mean": 0.7697840205174539, "f1-score_std": 0.007726750072043143, "support_mean": 3240.0, "support_std": 0.0}}, "classification_report_test": {"0.0": {"precision_mean": 0.7417645151522458, "precision_std": 0.08583322904734474, "recall_mean": 0.9019911023267715, "recall_std": 0.03634422834780408, "f1-score_mean": 0.7836062423050645, "f1-score_std": 0.06596533481246257, "support_mean": 188.9, "support_std": 18.49024066906648}, "1.0": {"precision_mean": 0.88612228571655, "precision_std": 0.03512199235338653, "recall_mean": 0.6764356884578715, "recall_std": 0.08741006787640046, "f1-score_mean": 0.7206381517524334, "f1-score_std": 0.07025417542240753, "support_mean": 171.1, "support_std": 18.49024066906648}, "macro avg": {"precision_mean": 0.813943400434398, "precision_std": 0.04540254241495629, "recall_mean": 0.7892133953923215, "recall_std": 0.04635473521132928, "f1-score_mean": 0.7521221970287489, "f1-score_std": 0.06560536763884403, "support_mean": 360.0, "support_std": 0.0}, "weighted avg": {"precision_mean": 0.8524829481195516, "precision_std": 0.02897293746070072, "recall_mean": 0.7655555555555555, "recall_std": 0.06410254131053726, "f1-score_mean": 0.7580788450097881, "f1-score_std": 0.06792553581658849, "support_mean": 360.0, "support_std": 0.0}}, "timing": {"extractor_fit": "0:00:01.046173", "filtered_features": "0:00:00.000521", "model_training_time": "0:00:00.002475"}, "selected_vocabulary": [["root_mean_diff_R_R", "mean_hrt_rate", "kurtosis", "std", "maximum", "mean_R_R", "age", "mean", "skew", "std_R_R", "minimum", "std_hrt_rate"], ["root_mean_diff_R_R", "mean_hrt_rate", "maximum", "kurtosis", "std", "mean", "age", "skew", "mean_R_R", "std_R_R", "minimum", "std_hrt_rate"], ["mean_hrt_rate", "root_mean_diff_R_R", "mean", "maximum", "mean_R_R", "kurtosis", "age", "skew", "std", "minimum", "std_R_R", "std_hrt_rate"], ["root_mean_diff_R_R", "mean", "kurtosis", "mean_hrt_rate", "age", "maximum", "skew", "mean_R_R", "minimum", "std", "std_R_R", "std_hrt_rate"], ["mean_R_R", "root_mean_diff_R_R", "kurtosis", "mean", "mean_hrt_rate", "skew", "std", "maximum", "age", "std_R_R", "minimum", "std_hrt_rate"], ["mean_hrt_rate", "root_mean_diff_R_R", "mean_R_R", "kurtosis", "std", "maximum", "mean", "std_R_R", "age", "skew", "minimum", "std_hrt_rate"], ["root_mean_diff_R_R", "mean_hrt_rate", "kurtosis", "mean", "mean_R_R", "maximum", "skew", "std_R_R", "std", "age", "minimum", "std_hrt_rate"], ["root_mean_diff_R_R", "mean_hrt_rate", "kurtosis", "mean", "skew", "maximum", "std", "mean_R_R", "age", "std_R_R", "minimum", "std_hrt_rate"], ["mean_hrt_rate", "root_mean_diff_R_R", "maximum", "mean", "kurtosis", "age", "skew", "std", "mean_R_R", "std_R_R", "minimum", "std_hrt_rate"], ["mean_hrt_rate", "root_mean_diff_R_R", "kurtosis", "mean", "std", "skew", "maximum", "mean_R_R", "age", "std_R_R", "minimum", "std_hrt_rate"]]}