{"classification_report_train": {"0.0": {"precision_mean": 0.8458695688744072, "precision_std": 0.014310733055980938, "recall_mean": 0.9549419486055186, "recall_std": 0.012855073264694664, "f1-score_mean": 0.895445881657794, "f1-score_std": 0.006772452397279714, "support_mean": 1700.1, "support_std": 18.49024066906648}, "1.0": {"precision_mean": 0.9460751877394467, "precision_std": 0.01139748346319381, "recall_mean": 0.8044832011074678, "recall_std": 0.019877705970354407, "f1-score_mean": 0.8670888223268687, "f1-score_std": 0.008763593347916059, "support_mean": 1539.9, "support_std": 18.49024066906648}, "macro avg": {"precision_mean": 0.8959723783069269, "precision_std": 0.006061841510531686, "recall_mean": 0.879712574856493, "recall_std": 0.007328838180537425, "f1-score_mean": 0.8812673519923313, "f1-score_std": 0.007466116704255976, "support_mean": 3240.0, "support_std": 0.0}, "weighted avg": {"precision_mean": 0.8937192135226558, "precision_std": 0.005997205896824932, "recall_mean": 0.8833333333333334, "recall_std": 0.007321388409492148, "f1-score_mean": 0.8820299410831037, "f1-score_std": 0.00749209228978764, "support_mean": 3240.0, "support_std": 0.0}}, "classification_report_test": {"0.0": {"precision_mean": 0.7678933999361858, "precision_std": 0.07841479457462466, "recall_mean": 0.825684056229181, "recall_std": 0.08474995681957753, "f1-score_mean": 0.7275592510586247, "f1-score_std": 0.0827362002599714, "support_mean": 188.9, "support_std": 18.49024066906648}, "1.0": {"precision_mean": 0.8449768275652195, "precision_std": 0.057752142400536714, "recall_mean": 0.7203672898170979, "recall_std": 0.09095431834925503, "f1-score_mean": 0.711024742579658, "f1-score_std": 0.07412851170529589, "support_mean": 171.1, "support_std": 18.49024066906648}, "macro avg": {"precision_mean": 0.8064351137507026, "precision_std": 0.041605820689630243, "recall_mean": 0.7730256730231396, "recall_std": 0.04817369146427422, "f1-score_mean": 0.7192919968191415, "f1-score_std": 0.07325568337294572, "support_mean": 360.0, "support_std": 0.0}, "weighted avg": {"precision_mean": 0.8492214216615576, "precision_std": 0.02577087661173409, "recall_mean": 0.74, "recall_std": 0.07030159894920467, "f1-score_mean": 0.7185052665754684, "f1-score_std": 0.08017469363277413, "support_mean": 360.0, "support_std": 0.0}}, "timing": {"extractor_fit": "0:00:01.080931", "filtered_features": "0:00:00.000551", "model_training_time": "0:00:00.005961"}, "selected_vocabulary": [["mean_R_R", "maximum", "age", "skew", "std", "std_R_R", "minimum", "std_hrt_rate"], ["maximum", "mean", "mean_R_R", "skew", "age", "minimum", "std_R_R", "std_hrt_rate"], ["kurtosis", "mean_R_R", "std", "age", "skew", "std_R_R", "minimum", "std_hrt_rate"], ["maximum", "mean_hrt_rate", "std", "skew", "mean_R_R", "minimum", "std_R_R", "std_hrt_rate"], ["mean", "skew", "std_R_R", "maximum", "std", "age", "minimum", "std_hrt_rate"], ["maximum", "age", "kurtosis", "skew", "std_R_R", "mean", "minimum", "std_hrt_rate"], ["kurtosis", "skew", "maximum", "std_R_R", "std", "age", "minimum", "std_hrt_rate"], ["maximum", "skew", "std", "mean_R_R", "age", "std_R_R", "minimum", "std_hrt_rate"], ["skew", "std", "mean", "age", "mean_R_R", "std_R_R", "std_hrt_rate", "minimum"], ["age", "maximum", "skew", "std", "mean_R_R", "std_R_R", "minimum", "std_hrt_rate"]]}