{"classification_report_train": {"0.0": {"precision_mean": 0.8374696621664933, "precision_std": 0.01326182323671941, "recall_mean": 0.9663458959175288, "recall_std": 0.011759529684455752, "f1-score_mean": 0.8957448951444936, "f1-score_std": 0.004876582726623702, "support_mean": 1700.1, "support_std": 18.49024066906648}, "1.0": {"precision_mean": 0.9590678639907736, "precision_std": 0.010581756231023677, "recall_mean": 0.7883374306866472, "recall_std": 0.019509708346780872, "f1-score_mean": 0.862926109651603, "f1-score_std": 0.00792200120193314, "support_mean": 1539.9, "support_std": 18.49024066906648}, "macro avg": {"precision_mean": 0.8982687630786333, "precision_std": 0.004238502922959589, "recall_mean": 0.877341663302088, "recall_std": 0.006158678493765993, "f1-score_mean": 0.8793355023980484, "f1-score_std": 0.00604722588467663, "support_mean": 3240.0, "support_std": 0.0}, "weighted avg": {"precision_mean": 0.895310982913817, "precision_std": 0.00431859973563946, "recall_mean": 0.8819753086419752, "recall_std": 0.005773370694441044, "f1-score_mean": 0.8803020105554727, "f1-score_std": 0.005976520529913117, "support_mean": 3240.0, "support_std": 0.0}}, "classification_report_test": {"0.0": {"precision_mean": 0.7611216345465867, "precision_std": 0.08103214995822496, "recall_mean": 0.8564521178419995, "recall_std": 0.07924757272463573, "f1-score_mean": 0.7386301385760787, "f1-score_std": 0.07911479504416008, "support_mean": 188.9, "support_std": 18.49024066906648}, "1.0": {"precision_mean": 0.865364022374932, "precision_std": 0.05655855068880067, "recall_mean": 0.6988268558223057, "recall_std": 0.08900028368759316, "f1-score_mean": 0.7102014608697413, "f1-score_std": 0.07257265033122737, "support_mean": 171.1, "support_std": 18.49024066906648}, "macro avg": {"precision_mean": 0.8132428284607593, "precision_std": 0.041939354497972314, "recall_mean": 0.7776394868321527, "recall_std": 0.04691998142246706, "f1-score_mean": 0.72441579972291, "f1-score_std": 0.07149500627095043, "support_mean": 360.0, "support_std": 0.0}, "weighted avg": {"precision_mean": 0.8561800141707648, "precision_std": 0.024854696434560095, "recall_mean": 0.7422222222222221, "recall_std": 0.06906876158699021, "f1-score_mean": 0.723664287783101, "f1-score_std": 0.07746030251373885, "support_mean": 360.0, "support_std": 0.0}}, "timing": {"extractor_fit": "0:00:00.001552", "filtered_features": "0:00:00.000379", "model_training_time": "0:00:00.011287"}, "selected_vocabulary": [["std_R_R", "std_hrt_rate"], ["std_R_R", "std_hrt_rate"], ["std_R_R", "std_hrt_rate"], ["std_R_R", "std_hrt_rate"], ["std_R_R", "std_hrt_rate"], ["std_R_R", "std_hrt_rate"], ["std_R_R", "std_hrt_rate"], ["std_R_R", "std_hrt_rate"], ["skew", "std_hrt_rate"], ["std_R_R", "std_hrt_rate"]]}