{"classification_report_train": {"accuracy": {"mean": 0.9586908998474835, "std": 0.0018065698525083838}, "0": {"precision_mean": 0.97667427075615, "precision_std": 0.0033569741590375826, "recall_mean": 0.9067524752475247, "recall_std": 0.007176539236989995, "f1-score_mean": 0.9402714287435915, "f1-score_std": 0.0025982215662317494, "support_mean": 100.8, "support_std": 0.17888543819998318}, "1": {"precision_mean": 0.9498844736452711, "precision_std": 0.0035984416008793293, "recall_mean": 0.9877777777777779, "recall_std": 0.0018592445034090713, "f1-score_mean": 0.968423741663791, "f1-score_std": 0.0011652274945470368, "support_mean": 180.0, "support_std": 0.0}, "macro avg": {"precision_mean": 0.9632793722007105, "precision_std": 0.0008881116684546163, "recall_mean": 0.9472651265126512, "recall_std": 0.0027891719821973157, "f1-score_mean": 0.9543475852036911, "f1-score_std": 0.001878665568609583, "support_mean": 280.8, "support_std": 0.17888543819998318}, "weighted avg": {"precision_mean": 0.9595013653016411, "precision_std": 0.0013821368042437525, "recall_mean": 0.9586908998474835, "recall_std": 0.001615845198524206, "f1-score_mean": 0.9583173027341353, "f1-score_std": 0.0016801310938348926, "support_mean": 280.8, "support_std": 0.17888543819998318}}, "classification_report_test": {"accuracy": {"mean": 0.934486921529175, "std": 0.014689865116079415}, "0": {"precision_mean": 0.9731225296442687, "precision_std": 0.0161775522432082, "recall_mean": 0.8415384615384616, "recall_std": 0.031642978786910615, "f1-score_mean": 0.9009151436203109, "f1-score_std": 0.020362962491164156, "support_mean": 25.2, "support_std": 0.17888543819998315}, "1": {"precision_mean": 0.9185234713681958, "precision_std": 0.015551505181465853, "recall_mean": 0.9866666666666667, "recall_std": 0.007950463919999247, "f1-score_mean": 0.9510264663979509, "f1-score_std": 0.009717634504818447, "support_mean": 45.0, "support_std": 0.0}, "macro avg": {"precision_mean": 0.9458230005062322, "precision_std": 0.01232073177229957, "recall_mean": 0.9141025641025641, "recall_std": 0.016910087391615723, "f1-score_mean": 0.9259708050091309, "f1-score_std": 0.015020246521679062, "support_mean": 70.2, "support_std": 0.17888543819998318}, "weighted avg": {"precision_mean": 0.9382042215573364, "precision_std": 0.012529302732428502, "recall_mean": 0.934486921529175, "recall_std": 0.013139014791942565, "f1-score_mean": 0.9330322288671067, "f1-score_std": 0.01350647782292011, "support_mean": 70.2, "support_std": 0.17888543819998318}}, "timing": {"extractor_fit": "0:00:00.167108", "filtered_features": "0:00:00.000523", "model_training_time": "0:00:00.002403"}, "n_words": [10, 10, 10, 10, 10], "selected_vocabulary": [["var_7", "var_30", "var_33", "var_21", "var_5", "var_22", "var_23", "var_26", "var_2", "var_4"], ["var_30", "var_22", "var_19", "var_8", "var_9", "var_3", "var_6", "var_2", "var_4", "var_26"], ["var_20", "var_5", "var_23", "var_27", "var_6", "var_32", "var_3", "var_26", "var_2", "var_4"], ["var_24", "var_5", "var_3", "var_8", "var_7", "var_21", "var_27", "var_2", "var_4", "var_26"], ["var_20", "var_14", "var_6", "var_9", "var_5", "var_21", "var_7", "var_2", "var_26", "var_4"]]}