{"classification_report_train": {"accuracy": {"mean": 0.9643848500254194, "std": 0.0016073055522958586}, "0": {"precision_mean": 0.9749689229256788, "precision_std": 0.002098274883101663, "recall_mean": 0.9245742574257425, "recall_std": 0.005407963934266022, "f1-score_mean": 0.9490356929181522, "f1-score_std": 0.002254161970492756, "support_mean": 100.8, "support_std": 0.17888543819998318}, "1": {"precision_mean": 0.9590150228326826, "precision_std": 0.0027409556160007476, "recall_mean": 0.9866666666666667, "recall_std": 0.001217161238900389, "f1-score_mean": 0.9726262091527904, "f1-score_std": 0.0010498661643912693, "support_mean": 180.0, "support_std": 0.0}, "macro avg": {"precision_mean": 0.9669919728791807, "precision_std": 0.0009700576458653327, "recall_mean": 0.9556204620462048, "recall_std": 0.0022851789567454894, "f1-score_mean": 0.9608309510354711, "f1-score_std": 0.0016505807717251868, "support_mean": 280.8, "support_std": 0.17888543819998318}, "weighted avg": {"precision_mean": 0.96473716146839, "precision_std": 0.001338265893495034, "recall_mean": 0.9643848500254194, "recall_std": 0.0014376177902185531, "f1-score_mean": 0.9641594195656318, "f1-score_std": 0.0014748860135597982, "support_mean": 280.8, "support_std": 0.17888543819998318}}, "classification_report_test": {"accuracy": {"mean": 0.948692152917505, "std": 0.01605225285015179}, "0": {"precision_mean": 0.964751552795031, "precision_std": 0.014632643409058654, "recall_mean": 0.8889230769230769, "recall_std": 0.030739678115603086, "f1-score_mean": 0.9244232475598935, "f1-score_std": 0.02151825389640435, "support_mean": 25.2, "support_std": 0.17888543819998315}, "1": {"precision_mean": 0.9413749079650362, "precision_std": 0.015833542506979235, "recall_mean": 0.9822222222222223, "recall_std": 0.007436978013636222, "f1-score_mean": 0.9611455447956896, "f1-score_std": 0.01078260526912656, "support_mean": 45.0, "support_std": 0.0}, "macro avg": {"precision_mean": 0.9530632303800335, "precision_std": 0.013819703287027705, "recall_mean": 0.9355726495726495, "recall_std": 0.017867727733350162, "f1-score_mean": 0.9427843961777915, "f1-score_std": 0.016143080114131146, "support_mean": 70.2, "support_std": 0.17888543819998318}, "weighted avg": {"precision_mean": 0.949836888764481, "precision_std": 0.01414424906817746, "recall_mean": 0.948692152917505, "recall_std": 0.014357571425981657, "f1-score_mean": 0.947977984348797, "f1-score_std": 0.01460265548514606, "support_mean": 70.2, "support_std": 0.17888543819998318}}, "timing": {"extractor_fit": "0:00:00.056423", "filtered_features": "0:00:00.000431", "model_training_time": "0:00:00.002882"}, "n_words": [29, 29, 29, 29, 29], "selected_vocabulary": [["var_10", "var_29", "var_19", "var_8", "var_17", "var_25", "var_11", "var_33", "var_15", "var_9", "var_3", "var_24", "var_27", "var_22", "var_21", "var_26", "var_14", "var_28", "var_23", "var_13", "var_7", "var_12", "var_6", "var_30", "var_20", "var_32", "var_2", "var_4", "var_5"], ["var_27", "var_29", "var_11", "var_18", "var_3", "var_31", "var_19", "var_22", "var_10", "var_8", "var_25", "var_15", "var_33", "var_24", "var_12", "var_23", "var_28", "var_30", "var_21", "var_32", "var_7", "var_14", "var_13", "var_4", "var_26", "var_2", "var_6", "var_5", "var_20"], ["var_17", "var_25", "var_24", "var_8", "var_27", "var_14", "var_22", "var_16", "var_11", "var_31", "var_26", "var_21", "var_10", "var_23", "var_3", "var_9", "var_12", "var_30", "var_15", "var_7", "var_13", "var_20", "var_32", "var_33", "var_6", "var_2", "var_5", "var_4", "var_28"], ["var_16", "var_10", "var_21", "var_19", "var_9", "var_17", "var_3", "var_6", "var_8", "var_27", "var_31", "var_24", "var_14", "var_25", "var_22", "var_12", "var_15", "var_23", "var_26", "var_2", "var_20", "var_33", "var_13", "var_32", "var_30", "var_5", "var_4", "var_28", "var_7"], ["var_10", "var_19", "var_25", "var_11", "var_9", "var_17", "var_27", "var_8", "var_3", "var_31", "var_12", "var_14", "var_21", "var_24", "var_30", "var_23", "var_33", "var_15", "var_22", "var_6", "var_2", "var_28", "var_13", "var_7", "var_32", "var_20", "var_5", "var_26", "var_4"]]}