{"classification_report_train": {"accuracy": {"mean": 0.9480122013218099, "std": 0.003977066340488843}, "0": {"precision_mean": 0.9654958047292144, "precision_std": 0.001627179473130215, "recall_mean": 0.8869702970297031, "recall_std": 0.010964848344850297, "f1-score_mean": 0.9243640683900176, "f1-score_std": 0.005575661732017378, "support_mean": 100.8, "support_std": 0.17888543819998318}, "1": {"precision_mean": 0.9396091440450869, "precision_std": 0.005560411839048919, "recall_mean": 0.9822222222222221, "recall_std": 0.000993807989999903, "f1-score_mean": 0.9603902940862497, "f1-score_std": 0.002599590616301691, "support_mean": 180.0, "support_std": 0.0}, "macro avg": {"precision_mean": 0.9525524743871505, "precision_std": 0.002439046301883481, "recall_mean": 0.9345962596259625, "recall_std": 0.00516080627324247, "f1-score_mean": 0.942377181238134, "f1-score_std": 0.004087567879865303, "support_mean": 280.8, "support_std": 0.17888543819998318}, "weighted avg": {"precision_mean": 0.9489127732616073, "precision_std": 0.003282754955502766, "recall_mean": 0.9480122013218099, "recall_std": 0.003557196275343751, "f1-score_mean": 0.9474542951761888, "f1-score_std": 0.003675883227322747, "support_mean": 280.8, "support_std": 0.17888543819998318}}, "classification_report_test": {"accuracy": {"mean": 0.9344466800804829, "std": 0.019501476870430374}, "0": {"precision_mean": 0.9554719435154218, "precision_std": 0.012569038796224409, "recall_mean": 0.8572307692307692, "recall_std": 0.047393405778046835, "f1-score_mean": 0.9003064016304195, "f1-score_std": 0.028855325901548608, "support_mean": 25.2, "support_std": 0.17888543819998315}, "1": {"precision_mean": 0.9271873098488665, "precision_std": 0.022766242953818273, "recall_mean": 0.9777777777777779, "recall_std": 0.006285393610547083, "f1-score_mean": 0.9510485848056878, "f1-score_std": 0.01249756418555208, "support_mean": 45.0, "support_std": 0.0}, "macro avg": {"precision_mean": 0.9413296266821443, "precision_std": 0.014143303591086747, "recall_mean": 0.9175042735042735, "recall_std": 0.023961329548995613, "f1-score_mean": 0.9256774932180537, "f1-score_std": 0.020647664463177954, "support_mean": 70.2, "support_std": 0.17888543819998318}, "weighted avg": {"precision_mean": 0.9374367904596687, "precision_std": 0.016229731212985356, "recall_mean": 0.9344466800804829, "recall_std": 0.01744265117756887, "f1-score_mean": 0.9328525291894509, "f1-score_std": 0.01830190590303198, "support_mean": 70.2, "support_std": 0.17888543819998318}}, "timing": {"extractor_fit": "0:00:00.001316", "filtered_features": "0:00:00.000458", "model_training_time": "0:00:00.002472"}, "n_words": [14, 14, 14, 14, 14], "selected_vocabulary": [["var_22", "var_5", "var_7", "var_20", "var_28", "var_13", "var_8", "var_32", "var_30", "var_6", "var_0", "var_2", "var_4", "var_1"], ["var_28", "var_20", "var_24", "var_14", "var_7", "var_13", "var_30", "var_32", "var_8", "var_0", "var_6", "var_4", "var_2", "var_1"], ["var_11", "var_20", "var_10", "var_14", "var_22", "var_32", "var_28", "var_30", "var_8", "var_6", "var_4", "var_2", "var_0", "var_1"], ["var_7", "var_14", "var_22", "var_32", "var_24", "var_20", "var_8", "var_30", "var_28", "var_6", "var_0", "var_4", "var_2", "var_1"], ["var_28", "var_20", "var_32", "var_7", "var_12", "var_22", "var_14", "var_30", "var_8", "var_0", "var_6", "var_2", "var_4", "var_1"]]}