{"classification_report_train": {"accuracy": {"mean": 0.9188078291814946, "std": 0.003425856121618565}, "0": {"precision_mean": 0.9803274846840278, "precision_std": 0.002654105942009314, "recall_mean": 0.7897227722772276, "recall_std": 0.008399606938768702, "f1-score_mean": 0.8746297616219213, "f1-score_std": 0.005239615805474818, "support_mean": 100.8, "support_std": 0.17888543819998318}, "1": {"precision_mean": 0.8938734837185477, "precision_std": 0.0038587700164385624, "recall_mean": 0.9911111111111112, "recall_std": 0.0012171612389003648, "f1-score_mean": 0.9399594001389568, "f1-score_std": 0.0021519553696814804, "support_mean": 180.0, "support_std": 0.0}, "macro avg": {"precision_mean": 0.9371004842012877, "precision_std": 0.002315672384116645, "recall_mean": 0.8904169416941695, "recall_std": 0.004175196032051504, "f1-score_mean": 0.9072945808804389, "f1-score_std": 0.003693675377885539, "support_mean": 280.8, "support_std": 0.17888543819998318}, "weighted avg": {"precision_mean": 0.9249145937333546, "precision_std": 0.002616877964232422, "recall_mean": 0.9188078291814946, "recall_std": 0.0030641788676291594, "f1-score_mean": 0.9165049474856705, "f1-score_std": 0.0032705561832960836, "support_mean": 280.8, "support_std": 0.17888543819998318}}, "classification_report_test": {"accuracy": {"mean": 0.9061167002012072, "std": 0.02219076002510971}, "0": {"precision_mean": 0.9715686274509805, "precision_std": 0.010753074182899027, "recall_mean": 0.7630769230769231, "recall_std": 0.05935192404272977, "f1-score_mean": 0.8477139693086538, "f1-score_std": 0.035452050230976966, "support_mean": 25.2, "support_std": 0.17888543819998315}, "1": {"precision_mean": 0.8853597182145172, "precision_std": 0.026895192855592755, "recall_mean": 0.9866666666666667, "recall_std": 0.0048686449556014835, "f1-score_mean": 0.9319720338571591, "f1-score_std": 0.013645127510636141, "support_mean": 45.0, "support_std": 0.0}, "macro avg": {"precision_mean": 0.9284641728327487, "precision_std": 0.012491946896184975, "recall_mean": 0.874871794871795, "recall_std": 0.028316114193742973, "f1-score_mean": 0.8898430015829064, "f1-score_std": 0.02454748074716801, "support_mean": 70.2, "support_std": 0.17888543819998318}, "weighted avg": {"precision_mean": 0.9164778625869691, "precision_std": 0.016127868945005924, "recall_mean": 0.9061167002012072, "recall_std": 0.019848019155412098, "f1-score_mean": 0.9016297960872487, "f1-score_std": 0.02155245819209028, "support_mean": 70.2, "support_std": 0.17888543819998318}}, "timing": {"extractor_fit": "0:00:00.001369", "filtered_features": "0:00:00.000413", "model_training_time": "0:00:00.001893"}, "n_words": [6, 6, 6, 6, 6], "selected_vocabulary": [["var_30", "var_6", "var_0", "var_2", "var_4", "var_1"], ["var_8", "var_0", "var_6", "var_4", "var_2", "var_1"], ["var_8", "var_6", "var_4", "var_2", "var_0", "var_1"], ["var_28", "var_6", "var_0", "var_4", "var_2", "var_1"], ["var_8", "var_0", "var_6", "var_2", "var_4", "var_1"]]}