{"classification_report_train": {"accuracy": {"mean": 0.9629562785968482, "std": 0.0031271352868732353}, "0": {"precision_mean": 0.9728220897866787, "precision_std": 0.0037272267048182044, "recall_mean": 0.9225940594059405, "recall_std": 0.006574281283506746, "f1-score_mean": 0.946976194840268, "f1-score_std": 0.004160005591654334, "support_mean": 100.8, "support_std": 0.17888543819998318}, "1": {"precision_mean": 0.9579394602136144, "precision_std": 0.0033997900456236704, "recall_mean": 0.9855555555555556, "recall_std": 0.001987615979999828, "f1-score_mean": 0.9715332818137519, "f1-score_std": 0.0021051136967758, "support_mean": 180.0, "support_std": 0.0}, "macro avg": {"precision_mean": 0.9653807750001464, "precision_std": 0.002738871699880727, "recall_mean": 0.9540748074807481, "recall_std": 0.003548468372078474, "f1-score_mean": 0.95925473832701, "f1-score_std": 0.0031317388955598257, "support_mean": 280.8, "support_std": 0.17888543819998318}, "weighted avg": {"precision_mean": 0.9632857388415832, "precision_std": 0.00275640407326489, "recall_mean": 0.9629562785968482, "recall_std": 0.002796994830514744, "f1-score_mean": 0.9627209202048176, "f1-score_std": 0.0028334060477602473, "support_mean": 280.8, "support_std": 0.17888543819998318}}, "classification_report_test": {"accuracy": {"mean": 0.948692152917505, "std": 0.012475335876788077}, "0": {"precision_mean": 0.9825757575757577, "precision_std": 0.00955867290641666, "recall_mean": 0.8729230769230769, "recall_std": 0.030835620683854894, "f1-score_mean": 0.9228792484111633, "f1-score_std": 0.017986325122878715, "support_mean": 25.2, "support_std": 0.17888543819998315}, "1": {"precision_mean": 0.9342604433077579, "precision_std": 0.014759440753783762, "recall_mean": 0.9911111111111112, "recall_std": 0.0048686449556014835, "f1-score_mean": 0.9615044901335225, "f1-score_std": 0.008088022070252415, "support_mean": 45.0, "support_std": 0.0}, "macro avg": {"precision_mean": 0.9584181004417577, "precision_std": 0.008645553326585896, "recall_mean": 0.932017094017094, "recall_std": 0.015405979468212094, "f1-score_mean": 0.942191869272343, "f1-score_std": 0.01302107348914353, "support_mean": 70.2, "support_std": 0.17888543819998318}, "weighted avg": {"precision_mean": 0.9516290917636331, "precision_std": 0.009985915263079626, "recall_mean": 0.948692152917505, "recall_std": 0.011158279625056031, "f1-score_mean": 0.9476573066557146, "f1-score_std": 0.011597879826954613, "support_mean": 70.2, "support_std": 0.17888543819998318}}, "timing": {"extractor_fit": "0:00:00.174570", "filtered_features": "0:00:00.000566", "model_training_time": "0:00:00.003024"}, "n_words": [29, 29, 29, 29, 29], "selected_vocabulary": [["var_17", "var_31", "var_10", "var_32", "var_14", "var_9", "var_20", "var_15", "var_18", "var_11", "var_28", "var_13", "var_30", "var_7", "var_6", "var_27", "var_22", "var_24", "var_16", "var_23", "var_3", "var_19", "var_5", "var_21", "var_8", "var_25", "var_2", "var_26", "var_4"], ["var_20", "var_28", "var_12", "var_25", "var_15", "var_18", "var_19", "var_23", "var_16", "var_31", "var_10", "var_8", "var_30", "var_11", "var_24", "var_13", "var_22", "var_5", "var_33", "var_7", "var_32", "var_3", "var_27", "var_9", "var_21", "var_6", "var_26", "var_2", "var_4"], ["var_16", "var_25", "var_18", "var_19", "var_14", "var_15", "var_9", "var_31", "var_13", "var_29", "var_0", "var_28", "var_11", "var_32", "var_27", "var_7", "var_3", "var_5", "var_33", "var_17", "var_6", "var_22", "var_20", "var_8", "var_23", "var_21", "var_2", "var_26", "var_4"], ["var_31", "var_18", "var_10", "var_22", "var_20", "var_11", "var_29", "var_15", "var_17", "var_19", "var_28", "var_6", "var_14", "var_13", "var_24", "var_33", "var_32", "var_8", "var_3", "var_5", "var_9", "var_23", "var_27", "var_25", "var_7", "var_21", "var_2", "var_26", "var_4"], ["var_14", "var_31", "var_17", "var_29", "var_19", "var_28", "var_16", "var_22", "var_13", "var_24", "var_30", "var_27", "var_23", "var_32", "var_20", "var_9", "var_21", "var_33", "var_11", "var_25", "var_8", "var_15", "var_7", "var_3", "var_5", "var_26", "var_6", "var_2", "var_4"]]}