{"classification_report_train": {"accuracy": {"mean": 0.959397559735638, "std": 0.0036768899509271535}, "0": {"precision_mean": 0.970578437852874, "precision_std": 0.0034415826135305422, "recall_mean": 0.9146732673267326, "recall_std": 0.009134376800063407, "f1-score_mean": 0.9416561534059328, "f1-score_std": 0.004988981155978484, "support_mean": 100.8, "support_std": 0.17888543819998318}, "1": {"precision_mean": 0.9538363273513152, "precision_std": 0.0046826499824807405, "recall_mean": 0.9844444444444445, "recall_std": 0.0018592445034090713, "f1-score_mean": 0.9688615831767537, "f1-score_std": 0.0024487841163105158, "support_mean": 180.0, "support_std": 0.0}, "macro avg": {"precision_mean": 0.9622073826020945, "precision_std": 0.00278403030298619, "recall_mean": 0.9495588558855885, "recall_std": 0.004505781317156325, "f1-score_mean": 0.9552588682913434, "f1-score_std": 0.0037175255230586387, "support_mean": 280.8, "support_std": 0.17888543819998318}, "weighted avg": {"precision_mean": 0.9598509603343658, "precision_std": 0.003146036101844188, "recall_mean": 0.959397559735638, "recall_std": 0.0032887103504235923, "f1-score_mean": 0.9590973261139724, "f1-score_std": 0.003355491563810834, "support_mean": 280.8, "support_std": 0.17888543819998318}}, "classification_report_test": {"accuracy": {"mean": 0.948692152917505, "std": 0.01605225285015179}, "0": {"precision_mean": 0.964751552795031, "precision_std": 0.014632643409058654, "recall_mean": 0.8889230769230769, "recall_std": 0.030739678115603086, "f1-score_mean": 0.9244232475598935, "f1-score_std": 0.02151825389640435, "support_mean": 25.2, "support_std": 0.17888543819998315}, "1": {"precision_mean": 0.9413749079650362, "precision_std": 0.015833542506979235, "recall_mean": 0.9822222222222223, "recall_std": 0.007436978013636222, "f1-score_mean": 0.9611455447956896, "f1-score_std": 0.01078260526912656, "support_mean": 45.0, "support_std": 0.0}, "macro avg": {"precision_mean": 0.9530632303800335, "precision_std": 0.013819703287027705, "recall_mean": 0.9355726495726495, "recall_std": 0.017867727733350162, "f1-score_mean": 0.9427843961777915, "f1-score_std": 0.016143080114131146, "support_mean": 70.2, "support_std": 0.17888543819998318}, "weighted avg": {"precision_mean": 0.949836888764481, "precision_std": 0.01414424906817746, "recall_mean": 0.948692152917505, "recall_std": 0.014357571425981657, "f1-score_mean": 0.947977984348797, "f1-score_std": 0.01460265548514606, "support_mean": 70.2, "support_std": 0.17888543819998318}}, "timing": {"extractor_fit": "0:00:00.001356", "filtered_features": "0:00:00.000449", "model_training_time": "0:00:00.003092"}, "n_words": [30, 30, 30, 30, 30], "selected_vocabulary": [["var_29", "var_23", "var_18", "var_27", "var_33", "var_3", "var_9", "var_17", "var_15", "var_21", "var_10", "var_14", "var_26", "var_24", "var_12", "var_11", "var_22", "var_5", "var_7", "var_20", "var_28", "var_13", "var_8", "var_32", "var_30", "var_6", "var_0", "var_2", "var_4", "var_1"], ["var_19", "var_31", "var_33", "var_16", "var_26", "var_21", "var_18", "var_9", "var_3", "var_5", "var_10", "var_15", "var_22", "var_17", "var_12", "var_11", "var_28", "var_20", "var_24", "var_14", "var_7", "var_13", "var_30", "var_32", "var_8", "var_0", "var_6", "var_4", "var_2", "var_1"], ["var_23", "var_31", "var_26", "var_33", "var_17", "var_16", "var_18", "var_21", "var_9", "var_24", "var_5", "var_3", "var_12", "var_15", "var_13", "var_7", "var_11", "var_20", "var_10", "var_14", "var_22", "var_32", "var_28", "var_30", "var_8", "var_6", "var_4", "var_2", "var_0", "var_1"], ["var_29", "var_19", "var_27", "var_26", "var_9", "var_17", "var_16", "var_11", "var_18", "var_5", "var_3", "var_13", "var_21", "var_15", "var_10", "var_12", "var_7", "var_14", "var_22", "var_32", "var_24", "var_20", "var_8", "var_30", "var_28", "var_6", "var_0", "var_4", "var_2", "var_1"], ["var_33", "var_19", "var_21", "var_27", "var_3", "var_16", "var_17", "var_11", "var_15", "var_13", "var_26", "var_18", "var_5", "var_9", "var_24", "var_10", "var_28", "var_20", "var_32", "var_7", "var_12", "var_22", "var_14", "var_30", "var_8", "var_0", "var_6", "var_2", "var_4", "var_1"]]}