{"classification_report_train": {"accuracy": {"mean": 0.957262328418912, "std": 0.0031924090129468122}, "0": {"precision_mean": 0.9684279152698206, "precision_std": 0.00285752646106559, "recall_mean": 0.9107128712871286, "recall_std": 0.008857149271981035, "f1-score_mean": 0.9385372611789915, "f1-score_std": 0.004384628768169923, "support_mean": 100.8, "support_std": 0.17888543819998318}, "1": {"precision_mean": 0.9517374784592973, "precision_std": 0.004533825751800385, "recall_mean": 0.9833333333333332, "recall_std": 0.0015713484026367824, "f1-score_mean": 0.9672386011501249, "f1-score_std": 0.0021107234793466406, "support_mean": 180.0, "support_std": 0.0}, "macro avg": {"precision_mean": 0.960082696864559, "precision_std": 0.0021837165024107246, "recall_mean": 0.9470231023102311, "recall_std": 0.004126528459267269, "f1-score_mean": 0.9528879311645582, "f1-score_std": 0.0032464988231027596, "support_mean": 280.8, "support_std": 0.17888543819998318}, "weighted avg": {"precision_mean": 0.9577335383363174, "precision_std": 0.002696898370173392, "recall_mean": 0.957262328418912, "recall_std": 0.0028553774259728313, "f1-score_mean": 0.9569366681790461, "f1-score_std": 0.0029232660787867613, "support_mean": 280.8, "support_std": 0.17888543819998318}}, "classification_report_test": {"accuracy": {"mean": 0.9429778672032192, "std": 0.015677207988321715}, "0": {"precision_mean": 0.9642753623188405, "precision_std": 0.01471910200634319, "recall_mean": 0.8729230769230769, "recall_std": 0.030835620683854894, "f1-score_mean": 0.9153174603174602, "f1-score_std": 0.021799300592612977, "support_mean": 25.2, "support_std": 0.17888543819998315}, "1": {"precision_mean": 0.9334352451433856, "precision_std": 0.015176247808226974, "recall_mean": 0.9822222222222223, "recall_std": 0.007436978013636222, "f1-score_mean": 0.9569768579394328, "f1-score_std": 0.010345788702858478, "support_mean": 45.0, "support_std": 0.0}, "macro avg": {"precision_mean": 0.9488553037311132, "precision_std": 0.013348611361644386, "recall_mean": 0.9275726495726495, "recall_std": 0.017608689637885803, "f1-score_mean": 0.9361471591284465, "f1-score_std": 0.01605821722135065, "support_mean": 70.2, "support_std": 0.17888543819998318}, "weighted avg": {"precision_mean": 0.9445627517804949, "precision_std": 0.013584619505377168, "recall_mean": 0.9429778672032192, "recall_std": 0.014022121103716033, "f1-score_mean": 0.9420460473546199, "f1-score_std": 0.014410622151238228, "support_mean": 70.2, "support_std": 0.17888543819998318}}, "timing": {"extractor_fit": "0:00:00.001409", "filtered_features": "0:00:00.000478", "model_training_time": "0:00:00.003035"}, "n_words": [31, 31, 31, 31, 31], "selected_vocabulary": [["var_31", "var_29", "var_23", "var_18", "var_27", "var_33", "var_3", "var_9", "var_17", "var_15", "var_21", "var_10", "var_14", "var_26", "var_24", "var_12", "var_11", "var_22", "var_5", "var_7", "var_20", "var_28", "var_13", "var_8", "var_32", "var_30", "var_6", "var_0", "var_2", "var_4", "var_1"], ["var_25", "var_19", "var_31", "var_33", "var_16", "var_26", "var_21", "var_18", "var_9", "var_3", "var_5", "var_10", "var_15", "var_22", "var_17", "var_12", "var_11", "var_28", "var_20", "var_24", "var_14", "var_7", "var_13", "var_30", "var_32", "var_8", "var_0", "var_6", "var_4", "var_2", "var_1"], ["var_19", "var_23", "var_31", "var_26", "var_33", "var_17", "var_16", "var_18", "var_21", "var_9", "var_24", "var_5", "var_3", "var_12", "var_15", "var_13", "var_7", "var_11", "var_20", "var_10", "var_14", "var_22", "var_32", "var_28", "var_30", "var_8", "var_6", "var_4", "var_2", "var_0", "var_1"], ["var_25", "var_29", "var_19", "var_27", "var_26", "var_9", "var_17", "var_16", "var_11", "var_18", "var_5", "var_3", "var_13", "var_21", "var_15", "var_10", "var_12", "var_7", "var_14", "var_22", "var_32", "var_24", "var_20", "var_8", "var_30", "var_28", "var_6", "var_0", "var_4", "var_2", "var_1"], ["var_25", "var_33", "var_19", "var_21", "var_27", "var_3", "var_16", "var_17", "var_11", "var_15", "var_13", "var_26", "var_18", "var_5", "var_9", "var_24", "var_10", "var_28", "var_20", "var_32", "var_7", "var_12", "var_22", "var_14", "var_30", "var_8", "var_0", "var_6", "var_2", "var_4", "var_1"]]}