{"classification_report_train": {"accuracy": {"mean": 0.9643899339095068, "std": 0.0019388553587179125}, "0": {"precision_mean": 0.9710406424527422, "precision_std": 0.0032879568444345994, "recall_mean": 0.9286138613861386, "recall_std": 0.005801000153770093, "f1-score_mean": 0.9492677283389364, "f1-score_std": 0.0025769052393114188, "support_mean": 100.8, "support_std": 0.17888543819998318}, "1": {"precision_mean": 0.9610193050093324, "precision_std": 0.003071636378794353, "recall_mean": 0.9844444444444445, "recall_std": 0.0018592445034090713, "f1-score_mean": 0.9725659801481947, "f1-score_std": 0.0013060222271922151, "support_mean": 180.0, "support_std": 0.0}, "macro avg": {"precision_mean": 0.9660299737310373, "precision_std": 0.0015704664528086373, "recall_mean": 0.9565291529152915, "recall_std": 0.0025025580506216694, "f1-score_mean": 0.9609168542435655, "f1-score_std": 0.0019403374689766276, "support_mean": 280.8, "support_std": 0.17888543819998318}, "weighted avg": {"precision_mean": 0.9646271277497501, "precision_std": 0.00169869372740164, "recall_mean": 0.9643899339095068, "recall_std": 0.0017341649522531967, "f1-score_mean": 0.9642011615489634, "f1-score_std": 0.001765466491847389, "support_mean": 280.8, "support_std": 0.17888543819998318}}, "classification_report_test": {"accuracy": {"mean": 0.9487323943661972, "std": 0.014693282081569217}, "0": {"precision_mean": 0.9666666666666666, "precision_std": 0.01394433377556793, "recall_mean": 0.8889230769230769, "recall_std": 0.03465440535705219, "f1-score_mean": 0.924074211502783, "f1-score_std": 0.020329467159813725, "support_mean": 25.2, "support_std": 0.17888543819998315}, "1": {"precision_mean": 0.9419655003537031, "precision_std": 0.016992614559244598, "recall_mean": 0.9822222222222223, "recall_std": 0.007436978013636222, "f1-score_mean": 0.9612219302436694, "f1-score_std": 0.009764630097801541, "support_mean": 45.0, "support_std": 0.0}, "macro avg": {"precision_mean": 0.9543160835101847, "precision_std": 0.011201296440150879, "recall_mean": 0.9355726495726497, "recall_std": 0.017609466238098673, "f1-score_mean": 0.9426480708732262, "f1-score_std": 0.015008450294148823, "support_mean": 70.2, "support_std": 0.17888543819998318}, "weighted avg": {"precision_mean": 0.9508274798890384, "precision_std": 0.012178449130539361, "recall_mean": 0.9487323943661972, "recall_std": 0.01314207101878735, "f1-score_mean": 0.9478887518900985, "f1-score_std": 0.013502895604901132, "support_mean": 70.2, "support_std": 0.17888543819998318}}, "timing": {"extractor_fit": "0:00:00.052405", "filtered_features": "0:00:00.000399", "model_training_time": "0:00:00.002105"}, "n_words": [10, 10, 10, 10, 10], "selected_vocabulary": [["var_30", "var_28", "var_26", "var_32", "var_6", "var_7", "var_2", "var_20", "var_5", "var_4"], ["var_12", "var_13", "var_14", "var_7", "var_26", "var_2", "var_20", "var_6", "var_5", "var_4"], ["var_13", "var_15", "var_33", "var_7", "var_4", "var_20", "var_5", "var_2", "var_32", "var_28"], ["var_20", "var_32", "var_33", "var_23", "var_4", "var_28", "var_5", "var_13", "var_30", "var_7"], ["var_13", "var_6", "var_28", "var_7", "var_2", "var_20", "var_5", "var_32", "var_26", "var_4"]]}