{"classification_report_train": {"accuracy": {"mean": 0.7892119979664465, "std": 0.022024453785167045}, "0": {"precision_mean": 0.8448257322951427, "precision_std": 0.045969238921484135, "recall_mean": 0.523960396039604, "recall_std": 0.05806162112667931, "f1-score_mean": 0.6313417823259831, "f1-score_std": 0.05139170114729372, "support_mean": 100.8, "support_std": 0.17888543819998318}, "1": {"precision_mean": 0.7814069882252144, "precision_std": 0.01765384330867377, "recall_mean": 0.9377777777777778, "recall_std": 0.02421100657771528, "f1-score_mean": 0.850878180903383, "f1-score_std": 0.013099563190771692, "support_mean": 180.0, "support_std": 0.0}, "macro avg": {"precision_mean": 0.8131163602601786, "precision_std": 0.02451717446157392, "recall_mean": 0.7308690869086909, "recall_std": 0.02593514029023287, "f1-score_mean": 0.741109981614683, "f1-score_std": 0.030843285140247638, "support_mean": 280.8, "support_std": 0.17888543819998318}, "weighted avg": {"precision_mean": 0.804145491220015, "precision_std": 0.019873266138674104, "recall_mean": 0.7892119979664465, "recall_std": 0.019699270332374424, "f1-score_mean": 0.7720419987073547, "f1-score_std": 0.025335342016571918, "support_mean": 280.8, "support_std": 0.17888543819998318}}, "classification_report_test": {"accuracy": {"mean": 0.74635814889336, "std": 0.022508931212757554}, "0": {"precision_mean": 0.8319659442724457, "precision_std": 0.0743608201809855, "recall_mean": 0.41292307692307695, "recall_std": 0.05403763755188923, "f1-score_mean": 0.5286488579171507, "f1-score_std": 0.051117385658328185, "support_mean": 25.2, "support_std": 0.17888543819998315}, "1": {"precision_mean": 0.7413032167694564, "precision_std": 0.015320220187291872, "recall_mean": 0.9333333333333333, "recall_std": 0.030792014356780046, "f1-score_mean": 0.82461703091757, "f1-score_std": 0.014889289850756972, "support_mean": 45.0, "support_std": 0.0}, "macro avg": {"precision_mean": 0.7866345805209513, "precision_std": 0.03684881633892141, "recall_mean": 0.673128205128205, "recall_std": 0.024310187761841722, "f1-score_mean": 0.6766329444173602, "f1-score_std": 0.03011084271813386, "support_mean": 70.2, "support_std": 0.17888543819998318}, "weighted avg": {"precision_mean": 0.7741577433399819, "precision_std": 0.027147860870572298, "recall_mean": 0.74635814889336, "recall_std": 0.020132600117037068, "f1-score_mean": 0.7183826211570656, "f1-score_std": 0.02452712505996607, "support_mean": 70.2, "support_std": 0.17888543819998318}}, "timing": {"extractor_fit": "0:00:00.060211", "filtered_features": "0:00:00.000573", "model_training_time": "0:00:00.002899"}, "n_words": [1, 1, 1, 1, 1], "selected_vocabulary": [["var_4"], ["var_20"], ["var_28"], ["var_7"], ["var_4"]]}