{"classification_report_train": {"accuracy": {"mean": 0.9608210472801222, "std": 0.00253986824404785}, "0": {"precision_mean": 0.9667051419048356, "precision_std": 0.0019753302840359132, "recall_mean": 0.9225940594059405, "recall_std": 0.005247517280024558, "f1-score_mean": 0.9441080197854644, "f1-score_std": 0.0033900551400819767, "support_mean": 100.8, "support_std": 0.17888543819998318}, "1": {"precision_mean": 0.9577781295654286, "precision_std": 0.002733749096853418, "recall_mean": 0.9822222222222221, "recall_std": 0.000993807989999903, "f1-score_mean": 0.9698387548388568, "f1-score_std": 0.0017052483202136734, "support_mean": 180.0, "support_std": 0.0}, "macro avg": {"precision_mean": 0.9622416357351321, "precision_std": 0.0021040302677817627, "recall_mean": 0.9524081408140814, "recall_std": 0.0029206785025537186, "f1-score_mean": 0.9569733873121606, "f1-score_std": 0.0025476325239348744, "support_mean": 280.8, "support_std": 0.17888543819998318}, "weighted avg": {"precision_mean": 0.9609837770880617, "precision_std": 0.0022444054475901872, "recall_mean": 0.9608210472801222, "recall_std": 0.002271727219033607, "f1-score_mean": 0.9606045481905248, "f1-score_std": 0.002301758376091558, "support_mean": 280.8, "support_std": 0.17888543819998318}}, "classification_report_test": {"accuracy": {"mean": 0.9515492957746478, "std": 0.01472025922608213}, "0": {"precision_mean": 0.973051948051948, "precision_std": 0.009876867905892114, "recall_mean": 0.8889230769230769, "recall_std": 0.030739678115603086, "f1-score_mean": 0.9281466518152126, "f1-score_std": 0.02001292457484572, "support_mean": 25.2, "support_std": 0.17888543819998315}, "1": {"precision_mean": 0.9417295178941142, "precision_std": 0.01571767970790773, "recall_mean": 0.9866666666666667, "recall_std": 0.0048686449556014835, "f1-score_mean": 0.9634363348845161, "f1-score_std": 0.009813560550713248, "support_mean": 45.0, "support_std": 0.0}, "macro avg": {"precision_mean": 0.9573907329730311, "precision_std": 0.011759808056481953, "recall_mean": 0.9377948717948718, "recall_std": 0.017017957281696285, "f1-score_mean": 0.9457914933498645, "f1-score_std": 0.014908180927929891, "support_mean": 70.2, "support_std": 0.17888543819998318}, "weighted avg": {"precision_mean": 0.9530292791677872, "precision_std": 0.012757275347133648, "recall_mean": 0.9515492957746478, "recall_std": 0.013166200110375234, "f1-score_mean": 0.950780422354228, "f1-score_std": 0.013446000163377693, "support_mean": 70.2, "support_std": 0.17888543819998318}}, "timing": {"extractor_fit": "0:00:00.055700", "filtered_features": "0:00:00.000420", "model_training_time": "0:00:00.002628"}, "n_words": [25, 25, 25, 25, 25], "selected_vocabulary": [["var_9", "var_15", "var_25", "var_11", "var_24", "var_8", "var_22", "var_33", "var_3", "var_27", "var_21", "var_14", "var_28", "var_23", "var_26", "var_13", "var_32", "var_12", "var_6", "var_30", "var_20", "var_7", "var_2", "var_4", "var_5"], ["var_3", "var_10", "var_31", "var_25", "var_19", "var_33", "var_24", "var_8", "var_15", "var_22", "var_12", "var_21", "var_23", "var_28", "var_6", "var_30", "var_14", "var_13", "var_7", "var_32", "var_2", "var_26", "var_4", "var_20", "var_5"], ["var_24", "var_6", "var_11", "var_16", "var_21", "var_14", "var_22", "var_10", "var_9", "var_31", "var_23", "var_3", "var_12", "var_26", "var_15", "var_7", "var_33", "var_30", "var_4", "var_13", "var_2", "var_32", "var_20", "var_5", "var_28"], ["var_24", "var_27", "var_17", "var_19", "var_14", "var_15", "var_3", "var_25", "var_8", "var_31", "var_22", "var_26", "var_12", "var_6", "var_33", "var_2", "var_20", "var_13", "var_4", "var_23", "var_32", "var_5", "var_30", "var_28", "var_7"], ["var_19", "var_8", "var_17", "var_27", "var_3", "var_14", "var_31", "var_12", "var_24", "var_21", "var_22", "var_23", "var_33", "var_13", "var_30", "var_15", "var_2", "var_6", "var_28", "var_7", "var_20", "var_5", "var_32", "var_26", "var_4"]]}