{"classification_report_train": {"accuracy": {"mean": 0.9665226232841893, "std": 0.0018222373887160869}, "0": {"precision_mean": 0.9750818538645991, "precision_std": 0.0021995289337550456, "recall_mean": 0.9305346534653465, "recall_std": 0.00404131200542879, "f1-score_mean": 0.9522601189101044, "f1-score_std": 0.0024034714215979565, "support_mean": 100.8, "support_std": 0.17888543819998318}, "1": {"precision_mean": 0.9621025170665343, "precision_std": 0.0020862954540745928, "recall_mean": 0.9866666666666667, "recall_std": 0.001217161238900389, "f1-score_mean": 0.9742223329345393, "f1-score_std": 0.001233704702117211, "support_mean": 180.0, "support_std": 0.0}, "macro avg": {"precision_mean": 0.9685921854655668, "precision_std": 0.0015747590403095574, "recall_mean": 0.9586006600660066, "recall_std": 0.002101955644471142, "f1-score_mean": 0.9632412259223218, "f1-score_std": 0.0018169395558951251, "support_mean": 280.8, "support_std": 0.17888543819998318}, "weighted avg": {"precision_mean": 0.9667577434900132, "precision_std": 0.0016083374866069171, "recall_mean": 0.9665226232841893, "recall_std": 0.0016298586689243513, "f1-score_mean": 0.9663395247359462, "f1-score_std": 0.0016493494753412057, "support_mean": 280.8, "support_std": 0.17888543819998318}}, "classification_report_test": {"accuracy": {"mean": 0.9429778672032192, "std": 0.01358493137682999}, "0": {"precision_mean": 0.9817805383022774, "precision_std": 0.009996377227002178, "recall_mean": 0.8569230769230769, "recall_std": 0.031342354654146067, "f1-score_mean": 0.9136471189266221, "f1-score_std": 0.01942529197845457, "support_mean": 25.2, "support_std": 0.17888543819998315}, "1": {"precision_mean": 0.926448641436223, "precision_std": 0.015042909883302357, "recall_mean": 0.9911111111111112, "recall_std": 0.0048686449556014835, "f1-score_mean": 0.9573889752782504, "f1-score_std": 0.008840124108270645, "support_mean": 45.0, "support_std": 0.0}, "macro avg": {"precision_mean": 0.9541145898692502, "precision_std": 0.010011665719829213, "recall_mean": 0.9240170940170941, "recall_std": 0.016326495637007624, "f1-score_mean": 0.9355180471024361, "f1-score_std": 0.014118418789093035, "support_mean": 70.2, "support_std": 0.17888543819998318}, "weighted avg": {"precision_mean": 0.9463232122485461, "precision_std": 0.011137513506681448, "recall_mean": 0.9429778672032192, "recall_std": 0.012150732011304668, "f1-score_mean": 0.9417144294328462, "f1-score_std": 0.012592918084581168, "support_mean": 70.2, "support_std": 0.17888543819998318}}, "timing": {"extractor_fit": "0:00:00.237849", "filtered_features": "0:00:00.000573", "model_training_time": "0:00:00.002813"}, "n_words": [24, 24, 24, 24, 24], "selected_vocabulary": [["var_20", "var_11", "var_15", "var_9", "var_23", "var_7", "var_28", "var_32", "var_5", "var_21", "var_6", "var_12", "var_22", "var_25", "var_10", "var_19", "var_33", "var_8", "var_3", "var_27", "var_30", "var_26", "var_2", "var_4"], ["var_18", "var_24", "var_15", "var_31", "var_8", "var_17", "var_20", "var_30", "var_16", "var_29", "var_28", "var_11", "var_33", "var_3", "var_7", "var_32", "var_9", "var_5", "var_27", "var_21", "var_6", "var_26", "var_4", "var_2"], ["var_19", "var_10", "var_28", "var_33", "var_15", "var_22", "var_31", "var_11", "var_9", "var_8", "var_0", "var_23", "var_20", "var_6", "var_14", "var_5", "var_21", "var_7", "var_27", "var_32", "var_3", "var_26", "var_2", "var_4"], ["var_9", "var_27", "var_13", "var_15", "var_30", "var_28", "var_23", "var_32", "var_14", "var_33", "var_19", "var_22", "var_3", "var_20", "var_6", "var_24", "var_8", "var_21", "var_7", "var_25", "var_5", "var_2", "var_26", "var_4"], ["var_30", "var_22", "var_16", "var_8", "var_31", "var_10", "var_13", "var_19", "var_27", "var_21", "var_17", "var_6", "var_23", "var_3", "var_15", "var_5", "var_7", "var_9", "var_32", "var_11", "var_20", "var_2", "var_26", "var_4"]]}