{"classification_report_train": {"accuracy": {"mean": 0.9636705643111337, "std": 0.0023813859491463732}, "0": {"precision_mean": 0.9689796074365059, "precision_std": 0.002890096684368676, "recall_mean": 0.9285544554455445, "recall_std": 0.005918480293074539, "f1-score_mean": 0.948271030556745, "f1-score_std": 0.003178956015868485, "support_mean": 100.8, "support_std": 0.17888543819998318}, "1": {"precision_mean": 0.9609667825780358, "precision_std": 0.0030860228523889675, "recall_mean": 0.9833333333333332, "recall_std": 0.0015713484026367824, "f1-score_mean": 0.9720031425061005, "f1-score_std": 0.0015992009494884345, "support_mean": 180.0, "support_std": 0.0}, "macro avg": {"precision_mean": 0.964973195007271, "precision_std": 0.0019525929914375759, "recall_mean": 0.9559438943894388, "recall_std": 0.002891761571321923, "f1-score_mean": 0.9601370865314227, "f1-score_std": 0.002388255476065528, "support_mean": 280.8, "support_std": 0.17888543819998318}, "weighted avg": {"precision_mean": 0.9638460081703876, "precision_std": 0.002093928169601125, "recall_mean": 0.9636705643111337, "recall_std": 0.002129976345181659, "f1-score_mean": 0.9634860243377993, "f1-score_std": 0.0021583195125357293, "support_mean": 280.8, "support_std": 0.17888543819998318}}, "classification_report_test": {"accuracy": {"mean": 0.9373038229376258, "std": 0.01727556065461619}, "0": {"precision_mean": 0.9637490465293668, "precision_std": 0.014828314467830825, "recall_mean": 0.8572307692307692, "recall_std": 0.036744182005354314, "f1-score_mean": 0.905643166357452, "f1-score_std": 0.024719358153083553, "support_mean": 25.2, "support_std": 0.17888543819998315}, "1": {"precision_mean": 0.926157734138984, "precision_std": 0.017714900400123624, "recall_mean": 0.9822222222222223, "recall_std": 0.007436978013636222, "f1-score_mean": 0.9529880079833827, "f1-score_std": 0.01125250787554976, "support_mean": 45.0, "support_std": 0.0}, "macro avg": {"precision_mean": 0.9449533903341754, "precision_std": 0.013944917576170692, "recall_mean": 0.9197264957264956, "recall_std": 0.019994277799278842, "f1-score_mean": 0.9293155871704174, "f1-score_std": 0.017963156806088624, "support_mean": 70.2, "support_std": 0.17888543819998318}, "weighted avg": {"precision_mean": 0.9397310285797247, "precision_std": 0.014638191151197062, "recall_mean": 0.9373038229376258, "recall_std": 0.015451731189257027, "f1-score_mean": 0.9360052886347665, "f1-score_std": 0.016032542636371407, "support_mean": 70.2, "support_std": 0.17888543819998318}}, "timing": {"extractor_fit": "0:00:00.177847", "filtered_features": "0:00:00.000547", "model_training_time": "0:00:00.002834"}, "n_words": [32, 32, 32, 32, 32], "selected_vocabulary": [["var_18", "var_31", "var_12", "var_11", "var_17", "var_21", "var_33", "var_27", "var_28", "var_29", "var_22", "var_15", "var_10", "var_13", "var_25", "var_24", "var_14", "var_32", "var_6", "var_30", "var_3", "var_9", "var_16", "var_7", "var_8", "var_5", "var_20", "var_23", "var_19", "var_2", "var_4", "var_26"], ["var_28", "var_10", "var_13", "var_29", "var_14", "var_33", "var_31", "var_9", "var_11", "var_12", "var_20", "var_30", "var_17", "var_15", "var_24", "var_19", "var_25", "var_16", "var_8", "var_18", "var_23", "var_22", "var_32", "var_7", "var_21", "var_3", "var_5", "var_27", "var_6", "var_2", "var_4", "var_26"], ["var_12", "var_16", "var_18", "var_31", "var_24", "var_20", "var_14", "var_13", "var_10", "var_15", "var_11", "var_17", "var_8", "var_19", "var_32", "var_21", "var_22", "var_7", "var_29", "var_9", "var_30", "var_5", "var_25", "var_27", "var_6", "var_23", "var_28", "var_33", "var_3", "var_4", "var_26", "var_2"], ["var_31", "var_17", "var_3", "var_12", "var_18", "var_22", "var_30", "var_14", "var_19", "var_0", "var_6", "var_16", "var_29", "var_11", "var_28", "var_13", "var_15", "var_24", "var_23", "var_27", "var_9", "var_32", "var_25", "var_21", "var_20", "var_33", "var_5", "var_8", "var_7", "var_2", "var_4", "var_26"], ["var_12", "var_18", "var_20", "var_31", "var_28", "var_15", "var_17", "var_24", "var_10", "var_13", "var_19", "var_32", "var_11", "var_33", "var_9", "var_8", "var_27", "var_29", "var_16", "var_30", "var_25", "var_21", "var_14", "var_22", "var_23", "var_5", "var_3", "var_7", "var_6", "var_2", "var_26", "var_4"]]}