{"classification_report_train": {"accuracy": {"mean": 0.936624300965938, "std": 0.007219215649074501}, "0": {"precision_mean": 0.9622090429011998, "precision_std": 0.005836552615246941, "recall_mean": 0.8572277227722772, "recall_std": 0.01636846583695321, "f1-score_mean": 0.9062989582165237, "f1-score_std": 0.010175012323025588, "support_mean": 100.8, "support_std": 0.17888543819998318}, "1": {"precision_mean": 0.9249381207292883, "precision_std": 0.008044061626101162, "recall_mean": 0.9811111111111112, "recall_std": 0.0029814239699997316, "f1-score_mean": 0.9521064801874127, "f1-score_std": 0.0047223800988139275, "support_mean": 180.0, "support_std": 0.0}, "macro avg": {"precision_mean": 0.9435735818152441, "precision_std": 0.0055963083573043765, "recall_mean": 0.9191694169416941, "recall_std": 0.008518816075004891, "f1-score_mean": 0.9292027192019681, "f1-score_std": 0.0074426311212543944, "support_mean": 280.8, "support_std": 0.17888543819998318}, "weighted avg": {"precision_mean": 0.9383200398205476, "precision_std": 0.00607785163081509, "recall_mean": 0.936624300965938, "recall_std": 0.00645706277422434, "f1-score_mean": 0.9356555316060678, "f1-score_std": 0.006684608481476252, "support_mean": 280.8, "support_std": 0.17888543819998318}}, "classification_report_test": {"accuracy": {"mean": 0.9232997987927565, "std": 0.023794183664091997}, "0": {"precision_mean": 0.9446153846153846, "precision_std": 0.03497420858678848, "recall_mean": 0.8418461538461539, "recall_std": 0.04317000931366602, "f1-score_mean": 0.8864709520171706, "f1-score_std": 0.03042573168712872, "support_mean": 25.2, "support_std": 0.17888543819998315}, "1": {"precision_mean": 0.9179609393164381, "precision_std": 0.021938071694938187, "recall_mean": 0.9688888888888888, "recall_std": 0.019474579822405913, "f1-score_mean": 0.9418848005926659, "f1-score_std": 0.01648557962641901, "support_mean": 45.0, "support_std": 0.0}, "macro avg": {"precision_mean": 0.9312881619659112, "precision_std": 0.02298809577027871, "recall_mean": 0.9053675213675213, "recall_std": 0.024840876014991874, "f1-score_mean": 0.9141778763049182, "f1-score_std": 0.023368538750271416, "support_mean": 70.2, "support_std": 0.17888543819998318}, "weighted avg": {"precision_mean": 0.9273544108353734, "precision_std": 0.021285647970722375, "recall_mean": 0.9232997987927565, "recall_std": 0.02128216485680989, "f1-score_mean": 0.9219224574127501, "f1-score_std": 0.021500369101037708, "support_mean": 70.2, "support_std": 0.17888543819998318}}, "timing": {"extractor_fit": "0:00:00.274449", "filtered_features": "0:00:00.000515", "model_training_time": "0:00:00.002118"}, "n_words": [5, 5, 5, 5, 5], "selected_vocabulary": [["var_27", "var_23", "var_2", "var_26", "var_4"], ["var_21", "var_26", "var_4", "var_2", "var_6"], ["var_3", "var_25", "var_2", "var_26", "var_4"], ["var_25", "var_21", "var_2", "var_26", "var_4"], ["var_3", "var_27", "var_2", "var_26", "var_4"]]}