{"classification_report_train": {"accuracy": {"mean": 0.9579740721911542, "std": 0.003460673687420712}, "0": {"precision_mean": 0.9704673889540312, "precision_std": 0.0034286692950873357, "recall_mean": 0.9107128712871286, "recall_std": 0.008857149271981035, "f1-score_mean": 0.9395006922366937, "f1-score_std": 0.004704818425754123, "support_mean": 100.8, "support_std": 0.17888543819998318}, "1": {"precision_mean": 0.9517839765703118, "precision_std": 0.004544299769045316, "recall_mean": 0.9844444444444445, "recall_std": 0.0018592445034090713, "f1-score_mean": 0.9678015175360821, "f1-score_std": 0.002302082410157009, "support_mean": 180.0, "support_std": 0.0}, "macro avg": {"precision_mean": 0.9611256827621715, "precision_std": 0.002598666329363325, "recall_mean": 0.9475786578657865, "recall_std": 0.004288946571897197, "f1-score_mean": 0.9536511048863879, "f1-score_std": 0.0035021244488322814, "support_mean": 280.8, "support_std": 0.17888543819998318}, "weighted avg": {"precision_mean": 0.9584963728633203, "precision_std": 0.002959070304162526, "recall_mean": 0.9579740721911542, "recall_std": 0.0030953206452070284, "f1-score_mean": 0.9576435417957729, "f1-score_std": 0.0031604143594401706, "support_mean": 280.8, "support_std": 0.17888543819998318}}, "classification_report_test": {"accuracy": {"mean": 0.948692152917505, "std": 0.016675820364543147}, "0": {"precision_mean": 0.9725757575757574, "precision_std": 0.01008321665119293, "recall_mean": 0.8809230769230769, "recall_std": 0.0357866128154752, "f1-score_mean": 0.9231224972258406, "f1-score_std": 0.023204304052350692, "support_mean": 25.2, "support_std": 0.17888543819998315}, "1": {"precision_mean": 0.9381376811594203, "precision_std": 0.017895609686198116, "recall_mean": 0.9866666666666667, "recall_std": 0.0048686449556014835, "f1-score_mean": 0.9614654502260616, "f1-score_std": 0.010995855240210657, "support_mean": 45.0, "support_std": 0.0}, "macro avg": {"precision_mean": 0.9553567193675889, "precision_std": 0.012954449542665775, "recall_mean": 0.9337948717948719, "recall_std": 0.019510521333147724, "f1-score_mean": 0.9422939737259511, "f1-score_std": 0.017090660494260508, "support_mean": 70.2, "support_std": 0.17888543819998318}, "weighted avg": {"precision_mean": 0.9505501732397018, "precision_std": 0.014247834330942906, "recall_mean": 0.948692152917505, "recall_std": 0.014915307166277519, "f1-score_mean": 0.9477190841490172, "f1-score_std": 0.015339872939439348, "support_mean": 70.2, "support_std": 0.17888543819998318}}, "timing": {"extractor_fit": "0:00:00.001407", "filtered_features": "0:00:00.000464", "model_training_time": "0:00:00.003206"}, "n_words": [29, 29, 29, 29, 29], "selected_vocabulary": [["var_23", "var_18", "var_27", "var_33", "var_3", "var_9", "var_17", "var_15", "var_21", "var_10", "var_14", "var_26", "var_24", "var_12", "var_11", "var_22", "var_5", "var_7", "var_20", "var_28", "var_13", "var_8", "var_32", "var_30", "var_6", "var_0", "var_2", "var_4", "var_1"], ["var_31", "var_33", "var_16", "var_26", "var_21", "var_18", "var_9", "var_3", "var_5", "var_10", "var_15", "var_22", "var_17", "var_12", "var_11", "var_28", "var_20", "var_24", "var_14", "var_7", "var_13", "var_30", "var_32", "var_8", "var_0", "var_6", "var_4", "var_2", "var_1"], ["var_31", "var_26", "var_33", "var_17", "var_16", "var_18", "var_21", "var_9", "var_24", "var_5", "var_3", "var_12", "var_15", "var_13", "var_7", "var_11", "var_20", "var_10", "var_14", "var_22", "var_32", "var_28", "var_30", "var_8", "var_6", "var_4", "var_2", "var_0", "var_1"], ["var_19", "var_27", "var_26", "var_9", "var_17", "var_16", "var_11", "var_18", "var_5", "var_3", "var_13", "var_21", "var_15", "var_10", "var_12", "var_7", "var_14", "var_22", "var_32", "var_24", "var_20", "var_8", "var_30", "var_28", "var_6", "var_0", "var_4", "var_2", "var_1"], ["var_19", "var_21", "var_27", "var_3", "var_16", "var_17", "var_11", "var_15", "var_13", "var_26", "var_18", "var_5", "var_9", "var_24", "var_10", "var_28", "var_20", "var_32", "var_7", "var_12", "var_22", "var_14", "var_30", "var_8", "var_0", "var_6", "var_2", "var_4", "var_1"]]}