{"classification_report_train": {"accuracy": {"mean": 0.9629588205388917, "std": 0.00215568675266773}, "0": {"precision_mean": 0.9688775510204082, "precision_std": 0.0029484862159761273, "recall_mean": 0.9265742574257425, "recall_std": 0.0035978187250711503, "f1-score_mean": 0.947237794691889, "f1-score_std": 0.0028099908803531234, "support_mean": 100.8, "support_std": 0.17888543819998318}, "1": {"precision_mean": 0.9598821059120418, "precision_std": 0.0018949409145177449, "recall_mean": 0.9833333333333332, "recall_std": 0.0015713484026367824, "f1-score_mean": 0.9714616143507799, "f1-score_std": 0.0014671056804322147, "support_mean": 180.0, "support_std": 0.0}, "macro avg": {"precision_mean": 0.9643798284662249, "precision_std": 0.0020831919993800573, "recall_mean": 0.954953795379538, "recall_std": 0.0022453235083427607, "f1-score_mean": 0.9593497045213345, "f1-score_std": 0.0021382314545968493, "support_mean": 280.8, "support_std": 0.17888543819998318}, "weighted avg": {"precision_mean": 0.9631145152952815, "precision_std": 0.0019408333394718169, "recall_mean": 0.9629588205388917, "recall_std": 0.0019281048468643282, "f1-score_mean": 0.9627677613829662, "f1-score_std": 0.0019416810521463003, "support_mean": 280.8, "support_std": 0.17888543819998318}}, "classification_report_test": {"accuracy": {"mean": 0.9515090543259557, "std": 0.015412527383533357}, "0": {"precision_mean": 0.9651138716356107, "precision_std": 0.01416639339782476, "recall_mean": 0.8966153846153846, "recall_std": 0.029172086844920325, "f1-score_mean": 0.928838213546288, "f1-score_std": 0.02063977315649415, "support_mean": 25.2, "support_std": 0.17888543819998315}, "1": {"precision_mean": 0.9452717627291435, "precision_std": 0.014932852902947583, "recall_mean": 0.9822222222222223, "recall_std": 0.007436978013636222, "f1-score_mean": 0.963201553303311, "f1-score_std": 0.010364403244018201, "support_mean": 45.0, "support_std": 0.0}, "macro avg": {"precision_mean": 0.9551928171823771, "precision_std": 0.013280629246872335, "recall_mean": 0.9394188034188033, "recall_std": 0.017078461298071848, "f1-score_mean": 0.9460198834247995, "f1-score_std": 0.015491651886342528, "support_mean": 70.2, "support_std": 0.17888543819998318}, "weighted avg": {"precision_mean": 0.9524352882889792, "precision_std": 0.01353093897307392, "recall_mean": 0.9515090543259557, "recall_std": 0.013785383573863023, "f1-score_mean": 0.9508958639884613, "f1-score_std": 0.014013804515441023, "support_mean": 70.2, "support_std": 0.17888543819998318}}, "timing": {"extractor_fit": "0:00:00.060004", "filtered_features": "0:00:00.000478", "model_training_time": "0:00:00.002830"}, "n_words": [22, 22, 22, 22, 22], "selected_vocabulary": [["var_33", "var_11", "var_24", "var_22", "var_15", "var_27", "var_3", "var_12", "var_28", "var_30", "var_14", "var_21", "var_32", "var_23", "var_13", "var_26", "var_20", "var_7", "var_6", "var_2", "var_5", "var_4"], ["var_10", "var_24", "var_8", "var_22", "var_25", "var_33", "var_15", "var_6", "var_12", "var_23", "var_28", "var_30", "var_21", "var_32", "var_7", "var_26", "var_14", "var_13", "var_2", "var_20", "var_4", "var_5"], ["var_23", "var_21", "var_10", "var_31", "var_12", "var_22", "var_3", "var_9", "var_26", "var_14", "var_6", "var_15", "var_33", "var_7", "var_20", "var_2", "var_30", "var_32", "var_13", "var_4", "var_5", "var_28"], ["var_16", "var_9", "var_19", "var_12", "var_31", "var_8", "var_25", "var_6", "var_15", "var_22", "var_30", "var_26", "var_23", "var_33", "var_2", "var_20", "var_13", "var_4", "var_32", "var_5", "var_28", "var_7"], ["var_27", "var_14", "var_3", "var_31", "var_22", "var_24", "var_23", "var_21", "var_30", "var_33", "var_12", "var_13", "var_6", "var_15", "var_28", "var_32", "var_7", "var_5", "var_20", "var_26", "var_2", "var_4"]]}