{"classification_report_train": {"accuracy": {"mean": 0.9572699542450434, "std": 0.005388737275298082}, "0": {"precision_mean": 0.9825995430474714, "precision_std": 0.005046391694718337, "recall_mean": 0.8968316831683169, "recall_std": 0.010313771614363195, "f1-score_mean": 0.9376544528933518, "f1-score_std": 0.007231261822553038, "support_mean": 100.8, "support_std": 0.17888543819998318}, "1": {"precision_mean": 0.9450241191290288, "precision_std": 0.005291662975105385, "recall_mean": 0.9911111111111112, "recall_std": 0.0025337231668869776, "f1-score_mean": 0.9674934935149462, "f1-score_std": 0.0036130962236009083, "support_mean": 180.0, "support_std": 0.0}, "macro avg": {"precision_mean": 0.9638118310882501, "precision_std": 0.004641745982495874, "recall_mean": 0.943971397139714, "recall_std": 0.005958451138757723, "f1-score_mean": 0.9525739732041492, "f1-score_std": 0.005421014742003524, "support_mean": 280.8, "support_std": 0.17888543819998318}, "weighted avg": {"precision_mean": 0.9585057949242938, "precision_std": 0.004715723893389966, "recall_mean": 0.9572699542450434, "recall_std": 0.004819833144181404, "f1-score_mean": 0.9567801444439047, "f1-score_std": 0.004915741952789512, "support_mean": 280.8, "support_std": 0.17888543819998318}}, "classification_report_test": {"accuracy": {"mean": 0.9373038229376258, "std": 0.01949558024252028}, "0": {"precision_mean": 0.9405284280936455, "precision_std": 0.019334997235508286, "recall_mean": 0.8806153846153846, "recall_std": 0.0376583206267358, "f1-score_mean": 0.9080893075178789, "f1-score_std": 0.026586526339811446, "support_mean": 25.2, "support_std": 0.17888543819998315}, "1": {"precision_mean": 0.9370422448350292, "precision_std": 0.018804966449884386, "recall_mean": 0.9688888888888888, "recall_std": 0.010134892667547888, "f1-score_mean": 0.9523407180157752, "f1-score_std": 0.012997935101516355, "support_mean": 45.0, "support_std": 0.0}, "macro avg": {"precision_mean": 0.9387853364643373, "precision_std": 0.017062303894810813, "recall_mean": 0.9247521367521367, "recall_std": 0.021639886009879167, "f1-score_mean": 0.9302150127668269, "f1-score_std": 0.01976465681969581, "support_mean": 70.2, "support_std": 0.17888543819998318}, "weighted avg": {"precision_mean": 0.9382284958595234, "precision_std": 0.01714733918214312, "recall_mean": 0.9373038229376258, "recall_std": 0.017437377073230873, "f1-score_mean": 0.9364778284129434, "f1-score_std": 0.017818104408628237, "support_mean": 70.2, "support_std": 0.17888543819998318}}, "timing": {"extractor_fit": "0:00:00.216420", "filtered_features": "0:00:00.000527", "model_training_time": "0:00:00.002188"}, "n_words": [9, 9, 9, 9, 9], "selected_vocabulary": [["var_21", "var_3", "var_19", "var_25", "var_20", "var_23", "var_26", "var_2", "var_4"], ["var_3", "var_25", "var_7", "var_30", "var_21", "var_6", "var_2", "var_4", "var_26"], ["var_7", "var_33", "var_6", "var_21", "var_27", "var_23", "var_2", "var_26", "var_4"], ["var_3", "var_25", "var_5", "var_27", "var_8", "var_21", "var_2", "var_4", "var_26"], ["var_6", "var_21", "var_8", "var_20", "var_5", "var_3", "var_2", "var_26", "var_4"]]}