{"classification_report_train": {"accuracy": {"mean": 0.9629588205388917, "std": 0.002431755203333652}, "0": {"precision_mean": 0.9688955342902712, "precision_std": 0.002920849996955553, "recall_mean": 0.9265742574257427, "recall_std": 0.005350610840734287, "f1-score_mean": 0.9472159950274527, "f1-score_std": 0.003202694363622766, "support_mean": 100.8, "support_std": 0.17888543819998318}, "1": {"precision_mean": 0.9599103944966497, "precision_std": 0.002822039022346747, "recall_mean": 0.9833333333333334, "recall_std": 0.0015713484026367824, "f1-score_mean": 0.9714674285089661, "f1-score_std": 0.0016451423149706163, "support_mean": 180.0, "support_std": 0.0}, "macro avg": {"precision_mean": 0.9644029643934605, "precision_std": 0.0021149436482155058, "recall_mean": 0.954953795379538, "recall_std": 0.0028040242231020824, "f1-score_mean": 0.9593417117682094, "f1-score_std": 0.002423425240274906, "support_mean": 280.8, "support_std": 0.17888543819998318}, "weighted avg": {"precision_mean": 0.9631390998343763, "precision_std": 0.00216645851437889, "recall_mean": 0.9629588205388917, "recall_std": 0.0021750279757171472, "f1-score_mean": 0.962763650288181, "f1-score_std": 0.0021976040107456307, "support_mean": 280.8, "support_std": 0.17888543819998318}}, "classification_report_test": {"accuracy": {"mean": 0.9430181086519115, "std": 0.015650043743413597}, "0": {"precision_mean": 0.9655797101449275, "precision_std": 0.014510858256884631, "recall_mean": 0.8729230769230769, "recall_std": 0.03473953803605597, "f1-score_mean": 0.915060606060606, "f1-score_std": 0.02143920012761739, "support_mean": 25.2, "support_std": 0.17888543819998315}, "1": {"precision_mean": 0.9339173967459324, "precision_std": 0.017202160429506404, "recall_mean": 0.9822222222222223, "recall_std": 0.007436978013636222, "f1-score_mean": 0.9570652173913043, "f1-score_std": 0.010437046855789391, "support_mean": 45.0, "support_std": 0.0}, "macro avg": {"precision_mean": 0.9497485534454301, "precision_std": 0.01248472466122772, "recall_mean": 0.9275726495726495, "recall_std": 0.018342821842795863, "f1-score_mean": 0.9360629117259552, "f1-score_std": 0.015905482707165172, "support_mean": 70.2, "support_std": 0.17888543819998318}, "weighted avg": {"precision_mean": 0.9452655002405648, "precision_std": 0.013266227022600732, "recall_mean": 0.9430181086519115, "recall_std": 0.01399782466444723, "f1-score_mean": 0.9419974345413721, "f1-score_std": 0.014331943604116716, "support_mean": 70.2, "support_std": 0.17888543819998318}}, "timing": {"extractor_fit": "0:00:00.053934", "filtered_features": "0:00:00.000385", "model_training_time": "0:00:00.002280"}, "n_words": [13, 13, 13, 13, 13], "selected_vocabulary": [["var_21", "var_26", "var_13", "var_30", "var_23", "var_32", "var_6", "var_7", "var_20", "var_14", "var_2", "var_4", "var_5"], ["var_21", "var_12", "var_13", "var_14", "var_30", "var_7", "var_32", "var_6", "var_2", "var_20", "var_26", "var_4", "var_5"], ["var_31", "var_15", "var_7", "var_12", "var_33", "var_13", "var_32", "var_30", "var_28", "var_5", "var_20", "var_2", "var_4"], ["var_6", "var_30", "var_4", "var_2", "var_26", "var_13", "var_33", "var_23", "var_20", "var_5", "var_32", "var_28", "var_7"], ["var_6", "var_33", "var_13", "var_12", "var_15", "var_32", "var_28", "var_2", "var_20", "var_7", "var_5", "var_26", "var_4"]]}