{"classification_report_train": {"accuracy": {"mean": 0.9636756481952211, "std": 0.0028454994723324774}, "0": {"precision_mean": 0.9770627483442466, "precision_std": 0.003229419244025933, "recall_mean": 0.9206336633663366, "recall_std": 0.010098062467692074, "f1-score_mean": 0.9477743614982128, "f1-score_std": 0.003986079456720852, "support_mean": 100.8, "support_std": 0.17888543819998318}, "1": {"precision_mean": 0.9571287216779183, "precision_std": 0.005180915078808074, "recall_mean": 0.9877777777777779, "recall_std": 0.0018592445034090713, "f1-score_mean": 0.972148726320049, "f1-score_std": 0.0018583212696562344, "support_mean": 180.0, "support_std": 0.0}, "macro avg": {"precision_mean": 0.9670957350110825, "precision_std": 0.0012692805840839845, "recall_mean": 0.9542057205720571, "recall_std": 0.004187891125976456, "f1-score_mean": 0.9599615439091309, "f1-score_std": 0.0029214469676625905, "support_mean": 280.8, "support_std": 0.17888543819998318}, "weighted avg": {"precision_mean": 0.9642836764882106, "precision_std": 0.002293873675104449, "recall_mean": 0.9636756481952211, "recall_std": 0.0025450921000300807, "f1-score_mean": 0.9633989173010378, "f1-score_std": 0.0026228411528569284, "support_mean": 280.8, "support_std": 0.17888543819998318}}, "classification_report_test": {"accuracy": {"mean": 0.9458350100603621, "std": 0.013875920238591915}, "0": {"precision_mean": 0.9821428571428571, "precision_std": 0.009816918156232526, "recall_mean": 0.8649230769230769, "recall_std": 0.033277460076039836, "f1-score_mean": 0.918068887634105, "f1-score_std": 0.01995806343143704, "support_mean": 25.2, "support_std": 0.17888543819998315}, "1": {"precision_mean": 0.9305189467091184, "precision_std": 0.01598033012758195, "recall_mean": 0.9911111111111112, "recall_std": 0.0048686449556014835, "f1-score_mean": 0.9594912208587569, "f1-score_std": 0.00899744886568602, "support_mean": 45.0, "support_std": 0.0}, "macro avg": {"precision_mean": 0.9563309019259878, "precision_std": 0.009862860270374264, "recall_mean": 0.928017094017094, "recall_std": 0.016945481155166437, "f1-score_mean": 0.9387800542464311, "f1-score_std": 0.014465354221317363, "support_mean": 70.2, "support_std": 0.17888543819998318}, "weighted avg": {"precision_mean": 0.9490692366527576, "precision_std": 0.011265356514590251, "recall_mean": 0.9458350100603621, "recall_std": 0.012411000361542648, "f1-score_mean": 0.9446450761301302, "f1-score_std": 0.012888935510736341, "support_mean": 70.2, "support_std": 0.17888543819998318}}, "timing": {"extractor_fit": "0:00:00.260769", "filtered_features": "0:00:00.000544", "model_training_time": "0:00:00.002872"}, "n_words": [20, 20, 20, 20, 20], "selected_vocabulary": [["var_12", "var_7", "var_33", "var_11", "var_3", "var_23", "var_19", "var_9", "var_8", "var_18", "var_14", "var_21", "var_22", "var_25", "var_28", "var_30", "var_5", "var_2", "var_26", "var_4"], ["var_21", "var_13", "var_7", "var_27", "var_19", "var_28", "var_23", "var_20", "var_18", "var_11", "var_24", "var_32", "var_3", "var_33", "var_5", "var_6", "var_9", "var_2", "var_26", "var_4"], ["var_19", "var_30", "var_22", "var_31", "var_6", "var_14", "var_27", "var_29", "var_5", "var_25", "var_9", "var_23", "var_15", "var_33", "var_21", "var_3", "var_7", "var_4", "var_26", "var_2"], ["var_24", "var_10", "var_33", "var_19", "var_30", "var_31", "var_28", "var_8", "var_12", "var_21", "var_27", "var_11", "var_2", "var_25", "var_5", "var_20", "var_3", "var_7", "var_26", "var_4"], ["var_27", "var_16", "var_30", "var_13", "var_14", "var_23", "var_32", "var_33", "var_3", "var_6", "var_20", "var_21", "var_28", "var_7", "var_8", "var_9", "var_5", "var_2", "var_4", "var_26"]]}