{"classification_report_train": {"accuracy": {"mean": 0.9629613624809356, "std": 0.0024199782221016103}, "0": {"precision_mean": 0.9728620028811029, "precision_std": 0.00214854492545305, "recall_mean": 0.9226138613861385, "recall_std": 0.00709483700214812, "f1-score_mean": 0.9469752203743219, "f1-score_std": 0.0032925383629788503, "support_mean": 100.8, "support_std": 0.17888543819998318}, "1": {"precision_mean": 0.9579677487982223, "precision_std": 0.0036900114904420958, "recall_mean": 0.9855555555555556, "recall_std": 0.001217161238900389, "f1-score_mean": 0.9715390959719379, "f1-score_std": 0.0016073206199304093, "support_mean": 180.0, "support_std": 0.0}, "macro avg": {"precision_mean": 0.9654148758396627, "precision_std": 0.0015707999853841435, "recall_mean": 0.954084708470847, "recall_std": 0.0032170619959960927, "f1-score_mean": 0.95925715817313, "f1-score_std": 0.0024493249653534323, "support_mean": 280.8, "support_std": 0.17888543819998318}, "weighted avg": {"precision_mean": 0.9633158625604539, "precision_std": 0.0020647348168917517, "recall_mean": 0.9629613624809356, "recall_std": 0.0021644943234753137, "f1-score_mean": 0.962722108628564, "f1-score_std": 0.002209958755570996, "support_mean": 280.8, "support_std": 0.17888543819998318}}, "classification_report_test": {"accuracy": {"mean": 0.9401207243460764, "std": 0.015287328599250173}, "0": {"precision_mean": 0.9717805383022775, "precision_std": 0.010346483019540387, "recall_mean": 0.8569230769230769, "recall_std": 0.031342354654146067, "f1-score_mean": 0.9098087350882382, "f1-score_std": 0.021585011252751835, "support_mean": 25.2, "support_std": 0.17888543819998315}, "1": {"precision_mean": 0.9259780532009287, "precision_std": 0.015322097359520712, "recall_mean": 0.9866666666666667, "recall_std": 0.0048686449556014835, "f1-score_mean": 0.9551521331729873, "f1-score_std": 0.009997297798200364, "support_mean": 45.0, "support_std": 0.0}, "macro avg": {"precision_mean": 0.9488792957516031, "precision_std": 0.012216956985695925, "recall_mean": 0.9217948717948717, "recall_std": 0.017596345724671142, "f1-score_mean": 0.9324804341306127, "f1-score_std": 0.015785344114648305, "support_mean": 70.2, "support_std": 0.17888543819998318}, "weighted avg": {"precision_mean": 0.9424492626687144, "precision_std": 0.01304104447450587, "recall_mean": 0.9401207243460764, "recall_std": 0.01367340237692001, "f1-score_mean": 0.9389056081371828, "f1-score_std": 0.014116187006299357, "support_mean": 70.2, "support_std": 0.17888543819998318}}, "timing": {"extractor_fit": "0:00:00.259365", "filtered_features": "0:00:00.000590", "model_training_time": "0:00:00.002845"}, "n_words": [26, 26, 26, 26, 26], "selected_vocabulary": [["var_20", "var_31", "var_9", "var_17", "var_14", "var_29", "var_6", "var_7", "var_8", "var_12", "var_10", "var_15", "var_16", "var_33", "var_13", "var_27", "var_24", "var_21", "var_23", "var_3", "var_30", "var_5", "var_25", "var_2", "var_4", "var_26"], ["var_23", "var_19", "var_13", "var_8", "var_11", "var_17", "var_32", "var_25", "var_31", "var_16", "var_24", "var_18", "var_22", "var_3", "var_27", "var_20", "var_33", "var_30", "var_21", "var_7", "var_5", "var_6", "var_9", "var_2", "var_26", "var_4"], ["var_10", "var_29", "var_15", "var_16", "var_31", "var_13", "var_21", "var_32", "var_9", "var_6", "var_5", "var_28", "var_3", "var_30", "var_17", "var_27", "var_14", "var_11", "var_22", "var_23", "var_2", "var_33", "var_19", "var_7", "var_26", "var_4"], ["var_31", "var_17", "var_32", "var_30", "var_15", "var_19", "var_11", "var_14", "var_23", "var_6", "var_9", "var_29", "var_13", "var_27", "var_33", "var_25", "var_5", "var_7", "var_20", "var_28", "var_21", "var_3", "var_8", "var_2", "var_26", "var_4"], ["var_25", "var_12", "var_19", "var_13", "var_11", "var_16", "var_10", "var_14", "var_28", "var_15", "var_8", "var_29", "var_32", "var_33", "var_23", "var_9", "var_5", "var_21", "var_3", "var_27", "var_6", "var_7", "var_20", "var_26", "var_2", "var_4"]]}