{"classification_report_train": {"accuracy": {"mean": 0.9601118454499238, "std": 0.0026235797471268834}, "0": {"precision_mean": 0.968610237089606, "precision_std": 0.00023708453207113786, "recall_mean": 0.9186336633663366, "recall_std": 0.006552774155457967, "f1-score_mean": 0.9429043984552011, "f1-score_std": 0.0035532011521409294, "support_mean": 100.8, "support_std": 0.17888543819998318}, "1": {"precision_mean": 0.9557839014231929, "precision_std": 0.0034015713826882677, "recall_mean": 0.9833333333333332, "recall_std": 4.965068306494546e-17, "f1-score_mean": 0.9693475940563332, "f1-score_std": 0.0017470434421341964, "support_mean": 180.0, "support_std": 0.0}, "macro avg": {"precision_mean": 0.9621970692563995, "precision_std": 0.0018161275753548786, "recall_mean": 0.9509834983498351, "recall_std": 0.0032763870777289907, "f1-score_mean": 0.9561259962557672, "f1-score_std": 0.0026498858655688456, "support_mean": 280.8, "support_std": 0.17888543819998318}, "weighted avg": {"precision_mean": 0.9603865421620403, "precision_std": 0.0022637061025628396, "recall_mean": 0.9601118454499238, "recall_std": 0.002346601063586968, "f1-score_mean": 0.9598564006737055, "f1-score_std": 0.002392600636653225, "support_mean": 280.8, "support_std": 0.17888543819998318}}, "classification_report_test": {"accuracy": {"mean": 0.9430181086519115, "std": 0.01628901569880958}, "0": {"precision_mean": 0.9640316205533598, "precision_std": 0.015168804937174419, "recall_mean": 0.8732307692307693, "recall_std": 0.03053944970305916, "f1-score_mean": 0.9156028368794328, "f1-score_std": 0.021701432334849103, "support_mean": 25.2, "support_std": 0.17888543819998315}, "1": {"precision_mean": 0.9334075119409466, "precision_std": 0.015950515156032317, "recall_mean": 0.9822222222222223, "recall_std": 0.007436978013636222, "f1-score_mean": 0.9569872579153115, "f1-score_std": 0.01096641378467339, "support_mean": 45.0, "support_std": 0.0}, "macro avg": {"precision_mean": 0.9487195662471531, "precision_std": 0.014221855867802636, "recall_mean": 0.9277264957264958, "recall_std": 0.017995731671425538, "f1-score_mean": 0.936295047397372, "f1-score_std": 0.016333073783673976, "support_mean": 70.2, "support_std": 0.17888543819998318}, "weighted avg": {"precision_mean": 0.9444925193181266, "precision_std": 0.014463975366858457, "recall_mean": 0.9430181086519115, "recall_std": 0.014569338555639784, "f1-score_mean": 0.9421332602059994, "f1-score_std": 0.01479896160601987, "support_mean": 70.2, "support_std": 0.17888543819998318}}, "timing": {"extractor_fit": "0:00:00.052244", "filtered_features": "0:00:00.000388", "model_training_time": "0:00:00.001986"}, "n_words": [9, 9, 9, 9, 9], "selected_vocabulary": [["var_30", "var_2", "var_13", "var_32", "var_20", "var_7", "var_6", "var_5", "var_4"], ["var_12", "var_14", "var_6", "var_26", "var_7", "var_20", "var_2", "var_5", "var_4"], ["var_33", "var_13", "var_4", "var_32", "var_2", "var_5", "var_30", "var_28", "var_20"], ["var_26", "var_13", "var_20", "var_6", "var_4", "var_30", "var_5", "var_28", "var_7"], ["var_6", "var_28", "var_7", "var_2", "var_20", "var_5", "var_32", "var_4", "var_26"]]}