{"classification_report_train": {"accuracy": {"mean": 0.9643848500254194, "std": 0.0011475988607209178}, "0": {"precision_mean": 0.9690484680035878, "precision_std": 0.00285585471025891, "recall_mean": 0.9305544554455445, "recall_std": 0.002803165966779347, "f1-score_mean": 0.9493811593443182, "f1-score_std": 0.0015033767545434636, "support_mean": 100.8, "support_std": 0.17888543819998318}, "1": {"precision_mean": 0.9619728078847938, "precision_std": 0.0014470311196446866, "recall_mean": 0.9833333333333334, "recall_std": 0.0015713484026367824, "f1-score_mean": 0.9725272243901155, "f1-score_std": 0.0007800530474674941, "support_mean": 180.0, "support_std": 0.0}, "macro avg": {"precision_mean": 0.9655106379441907, "precision_std": 0.001287429622401884, "recall_mean": 0.956943894389439, "recall_std": 0.0012484456334633798, "f1-score_mean": 0.960954191867217, "f1-score_std": 0.0011403240792632325, "support_mean": 280.8, "support_std": 0.17888543819998318}, "weighted avg": {"precision_mean": 0.9645173828093189, "precision_std": 0.0010379341311490386, "recall_mean": 0.9643848500254194, "recall_std": 0.0010264436253893143, "f1-score_mean": 0.9642195035423551, "f1-score_std": 0.0010303523298867783, "support_mean": 280.8, "support_std": 0.17888543819998318}}, "classification_report_test": {"accuracy": {"mean": 0.9544064386317908, "std": 0.012296643683645494}, "0": {"precision_mean": 0.9826086956521738, "precision_std": 0.009525609695742013, "recall_mean": 0.8889230769230769, "recall_std": 0.028581949035202045, "f1-score_mean": 0.9321995464852607, "f1-score_std": 0.016731405879941468, "support_mean": 25.2, "support_std": 0.17888543819998315}, "1": {"precision_mean": 0.9419680851063831, "precision_std": 0.014444677560383597, "recall_mean": 0.9911111111111112, "recall_std": 0.0048686449556014835, "f1-score_mean": 0.9656307669594744, "f1-score_std": 0.008210148028711724, "support_mean": 45.0, "support_std": 0.0}, "macro avg": {"precision_mean": 0.9622883903792785, "precision_std": 0.00921573348784481, "recall_mean": 0.9400170940170941, "recall_std": 0.014767853686987546, "f1-score_mean": 0.9489151567223676, "f1-score_std": 0.012457846163301303, "support_mean": 70.2, "support_std": 0.17888543819998318}, "weighted avg": {"precision_mean": 0.9565957679471836, "precision_std": 0.01035482670547688, "recall_mean": 0.9544064386317908, "recall_std": 0.010998452468689896, "f1-score_mean": 0.9536385910702897, "f1-score_std": 0.011236932483959032, "support_mean": 70.2, "support_std": 0.17888543819998318}}, "timing": {"extractor_fit": "0:00:00.063595", "filtered_features": "0:00:00.000528", "model_training_time": "0:00:00.002761"}, "n_words": [16, 16, 16, 16, 16], "selected_vocabulary": [["var_27", "var_21", "var_28", "var_12", "var_26", "var_32", "var_14", "var_13", "var_23", "var_6", "var_20", "var_30", "var_7", "var_2", "var_4", "var_5"], ["var_33", "var_12", "var_21", "var_23", "var_32", "var_6", "var_30", "var_28", "var_13", "var_7", "var_14", "var_26", "var_20", "var_2", "var_5", "var_4"], ["var_23", "var_26", "var_3", "var_10", "var_15", "var_33", "var_30", "var_7", "var_12", "var_4", "var_2", "var_13", "var_32", "var_28", "var_5", "var_20"], ["var_3", "var_25", "var_12", "var_33", "var_26", "var_13", "var_2", "var_23", "var_6", "var_32", "var_28", "var_5", "var_30", "var_20", "var_4", "var_7"], ["var_23", "var_22", "var_31", "var_33", "var_30", "var_15", "var_13", "var_28", "var_2", "var_6", "var_32", "var_7", "var_20", "var_5", "var_26", "var_4"]]}