{"classification_report_train": {"accuracy": {"mean": 0.9558413828164719, "std": 0.003297070314241397}, "0": {"precision_mean": 0.9763712389137492, "precision_std": 0.001638086172621764, "recall_mean": 0.8988118811881188, "recall_std": 0.009448678310302836, "f1-score_mean": 0.9358267990008826, "f1-score_std": 0.004615464831520824, "support_mean": 100.8, "support_std": 0.17888543819998318}, "1": {"precision_mean": 0.9458831936338932, "precision_std": 0.004780387294698899, "recall_mean": 0.9877777777777779, "recall_std": 0.0009938079899999227, "f1-score_mean": 0.9663353840295006, "f1-score_std": 0.002156758046420301, "support_mean": 180.0, "support_std": 0.0}, "macro avg": {"precision_mean": 0.9611272162738211, "precision_std": 0.0019139838995127555, "recall_mean": 0.9432948294829483, "recall_std": 0.0043616441622076636, "f1-score_mean": 0.9510810915151916, "f1-score_std": 0.003385706893201687, "support_mean": 280.8, "support_std": 0.17888543819998318}, "weighted avg": {"precision_mean": 0.9568271391803214, "precision_std": 0.002685310471250153, "recall_mean": 0.9558413828164719, "recall_std": 0.0029489893396961423, "f1-score_mean": 0.9553833416089008, "f1-score_std": 0.0030412516819785826, "support_mean": 280.8, "support_std": 0.17888543819998318}}, "classification_report_test": {"accuracy": {"mean": 0.9317505030181087, "std": 0.017522297734651616}, "0": {"precision_mean": 0.9639610389610389, "precision_std": 0.015197518288634939, "recall_mean": 0.8418461538461539, "recall_std": 0.036764788917414054, "f1-score_mean": 0.8969804522599553, "f1-score_std": 0.024071432703590166, "support_mean": 25.2, "support_std": 0.17888543819998315}, "1": {"precision_mean": 0.9185291507907511, "precision_std": 0.01835468752707644, "recall_mean": 0.9822222222222223, "recall_std": 0.007436978013636222, "f1-score_mean": 0.9489215571662382, "f1-score_std": 0.011638101521504041, "support_mean": 45.0, "support_std": 0.0}, "macro avg": {"precision_mean": 0.9412450948758948, "precision_std": 0.01429686767382069, "recall_mean": 0.9120341880341879, "recall_std": 0.02000374572272869, "f1-score_mean": 0.9229510047130967, "f1-score_std": 0.01783311792952296, "support_mean": 70.2, "support_std": 0.17888543819998318}, "weighted avg": {"precision_mean": 0.9348119396238307, "precision_std": 0.014999284627453341, "recall_mean": 0.9317505030181087, "recall_std": 0.015672419542668636, "f1-score_mean": 0.9302234678781408, "f1-score_std": 0.016138890447566206, "support_mean": 70.2, "support_std": 0.17888543819998318}}, "timing": {"extractor_fit": "0:00:00.164661", "filtered_features": "0:00:00.000529", "model_training_time": "0:00:00.002393"}, "n_words": [14, 14, 14, 14, 14], "selected_vocabulary": [["var_14", "var_16", "var_22", "var_8", "var_24", "var_11", "var_30", "var_3", "var_27", "var_23", "var_5", "var_2", "var_26", "var_4"], ["var_7", "var_15", "var_8", "var_24", "var_9", "var_20", "var_21", "var_3", "var_5", "var_27", "var_4", "var_26", "var_2", "var_6"], ["var_23", "var_25", "var_30", "var_21", "var_27", "var_6", "var_7", "var_3", "var_33", "var_22", "var_11", "var_2", "var_26", "var_4"], ["var_6", "var_16", "var_3", "var_23", "var_27", "var_9", "var_5", "var_22", "var_25", "var_20", "var_21", "var_2", "var_26", "var_4"], ["var_25", "var_22", "var_23", "var_16", "var_11", "var_5", "var_21", "var_32", "var_3", "var_6", "var_7", "var_2", "var_26", "var_4"]]}