{"classification_report_train": {"accuracy": {"mean": 0.8425953228266396, "std": 0.011543923833731231}, "0": {"precision_mean": 0.9524955587578245, "precision_std": 0.0051315322884328655, "recall_mean": 0.5913069306930694, "recall_std": 0.0310080092489755, "f1-score_mean": 0.727203555511374, "f1-score_std": 0.022643780361911427, "support_mean": 100.8, "support_std": 0.17888543819998318}, "1": {"precision_mean": 0.8120961045903263, "precision_std": 0.011761329295866239, "recall_mean": 0.9833333333333334, "recall_std": 0.0022222222222222365, "f1-score_mean": 0.8892696206355757, "f1-score_std": 0.00643904503892978, "support_mean": 180.0, "support_std": 0.0}, "macro avg": {"precision_mean": 0.8822958316740754, "precision_std": 0.005846754484016259, "recall_mean": 0.7873201320132013, "recall_std": 0.014833595989565037, "f1-score_mean": 0.8082365880734749, "f1-score_std": 0.014537472605480417, "support_mean": 280.8, "support_std": 0.17888543819998318}, "weighted avg": {"precision_mean": 0.8625051248739319, "precision_std": 0.007331767389826675, "recall_mean": 0.8425953228266396, "recall_std": 0.010325199367721204, "f1-score_mean": 0.8310875477978484, "f1-score_std": 0.012265695249334012, "support_mean": 280.8, "support_std": 0.17888543819998318}}, "classification_report_test": {"accuracy": {"mean": 0.8349295774647887, "std": 0.022869980383392163}, "0": {"precision_mean": 0.9654761904761905, "precision_std": 0.02184775189896088, "recall_mean": 0.564923076923077, "recall_std": 0.059946169145878477, "f1-score_mean": 0.7020413692959321, "f1-score_std": 0.04492601992203344, "support_mean": 25.2, "support_std": 0.17888543819998315}, "1": {"precision_mean": 0.8050011021569017, "precision_std": 0.023228344440894493, "recall_mean": 0.9866666666666667, "recall_std": 0.007950463919999245, "f1-score_mean": 0.8854711470627545, "f1-score_std": 0.01299139858523647, "support_mean": 45.0, "support_std": 0.0}, "macro avg": {"precision_mean": 0.8852386463165459, "precision_std": 0.013691258911111982, "recall_mean": 0.7757948717948718, "recall_std": 0.028532187155032574, "f1-score_mean": 0.7937562581793433, "f1-score_std": 0.02885562467035052, "support_mean": 70.2, "support_std": 0.17888543819998318}, "weighted avg": {"precision_mean": 0.8627886147332482, "precision_std": 0.014725749713541325, "recall_mean": 0.8349295774647887, "recall_std": 0.02045553231254063, "f1-score_mean": 0.8194290213142491, "f1-score_std": 0.024618018420358614, "support_mean": 70.2, "support_std": 0.17888543819998318}}, "timing": {"extractor_fit": "0:00:00.282613", "filtered_features": "0:00:00.000525", "model_training_time": "0:00:00.002232"}, "n_words": [2, 2, 2, 2, 2], "selected_vocabulary": [["var_26", "var_4"], ["var_2", "var_4"], ["var_26", "var_4"], ["var_26", "var_4"], ["var_26", "var_4"]]}