{"classification_report_train": {"accuracy": {"mean": 0.9173894255210981, "std": 0.004375465004929772}, "0": {"precision_mean": 0.9737178853948582, "precision_std": 0.0074555215207939155, "recall_mean": 0.7917425742574256, "recall_std": 0.011990114544062012, "f1-score_mean": 0.8729282982540261, "f1-score_std": 0.006615256155089464, "support_mean": 100.8, "support_std": 0.17888543819998318}, "1": {"precision_mean": 0.8945671806999705, "precision_std": 0.0053850874021340095, "recall_mean": 0.9877777777777779, "recall_std": 0.003651483716701113, "f1-score_mean": 0.9387860100002771, "f1-score_std": 0.0027916625388675897, "support_mean": 180.0, "support_std": 0.0}, "macro avg": {"precision_mean": 0.9341425330474143, "precision_std": 0.0036971098963015734, "recall_mean": 0.8897601760176018, "recall_std": 0.005416239580085186, "f1-score_mean": 0.9058571541271515, "f1-score_std": 0.004676824558320669, "support_mean": 280.8, "support_std": 0.17888543819998318}, "weighted avg": {"precision_mean": 0.922987243308721, "precision_std": 0.0034708502262774657, "recall_mean": 0.9173894255210981, "recall_std": 0.003913534873677769, "f1-score_mean": 0.9151385418903804, "f1-score_std": 0.004156140311517869, "support_mean": 280.8, "support_std": 0.17888543819998318}}, "classification_report_test": {"accuracy": {"mean": 0.8975855130784709, "std": 0.027782268928964196}, "0": {"precision_mean": 0.9536666666666667, "precision_std": 0.024578219807156278, "recall_mean": 0.7553846153846153, "recall_std": 0.06922735034293136, "f1-score_mean": 0.8333052375421713, "f1-score_std": 0.043049911932777615, "support_mean": 25.2, "support_std": 0.17888543819998315}, "1": {"precision_mean": 0.882240855762595, "precision_std": 0.03162914322099354, "recall_mean": 0.9777777777777779, "recall_std": 0.010886621079036344, "f1-score_mean": 0.9258402578256669, "f1-score_std": 0.017453438457946377, "support_mean": 45.0, "support_std": 0.0}, "macro avg": {"precision_mean": 0.9179537612146309, "precision_std": 0.019736139211647366, "recall_mean": 0.8665811965811965, "recall_std": 0.03411958960649477, "f1-score_mean": 0.8795727476839191, "f1-score_std": 0.030183037079217344, "support_mean": 70.2, "support_std": 0.17888543819998318}, "weighted avg": {"precision_mean": 0.9081057796051673, "precision_std": 0.02179641548672318, "recall_mean": 0.8975855130784709, "recall_std": 0.024849216757737685, "f1-score_mean": 0.8925034173569054, "f1-score_std": 0.02665185169205265, "support_mean": 70.2, "support_std": 0.17888543819998318}}, "timing": {"extractor_fit": "0:00:00.001486", "filtered_features": "0:00:00.000473", "model_training_time": "0:00:00.002360"}, "n_words": [7, 7, 7, 7, 7], "selected_vocabulary": [["var_32", "var_30", "var_6", "var_0", "var_2", "var_4", "var_1"], ["var_32", "var_8", "var_0", "var_6", "var_4", "var_2", "var_1"], ["var_30", "var_8", "var_6", "var_4", "var_2", "var_0", "var_1"], ["var_30", "var_28", "var_6", "var_0", "var_4", "var_2", "var_1"], ["var_30", "var_8", "var_0", "var_6", "var_2", "var_4", "var_1"]]}