{"classification_report_train": {"accuracy": {"mean": 0.8134112862226741, "std": 0.01294365674607191}, "0": {"precision_mean": 0.9723542900267038, "precision_std": 0.009237637568545879, "recall_mean": 0.49623762376237623, "recall_std": 0.037061351435405135, "f1-score_mean": 0.6519693677484593, "f1-score_std": 0.031406209720950484, "support_mean": 100.8, "support_std": 0.17888543819998318}, "1": {"precision_mean": 0.7795164701384889, "precision_std": 0.012276906686256516, "recall_mean": 0.9911111111111112, "recall_std": 0.003370166864022917, "f1-score_mean": 0.8722894955115492, "f1-score_std": 0.0066099349396946325, "support_mean": 180.0, "support_std": 0.0}, "macro avg": {"precision_mean": 0.8759353800825964, "precision_std": 0.0031107014686826795, "recall_mean": 0.7436743674367439, "recall_std": 0.01708320841597377, "f1-score_mean": 0.7621294316300042, "f1-score_std": 0.019004117404008296, "support_mean": 280.8, "support_std": 0.17888543819998318}, "weighted avg": {"precision_mean": 0.8487721498508943, "precision_std": 0.005216148947975865, "recall_mean": 0.8134112862226741, "recall_std": 0.01157715854465621, "f1-score_mean": 0.7931716170601663, "f1-score_std": 0.015554525996312537, "support_mean": 280.8, "support_std": 0.17888543819998318}}, "classification_report_test": {"accuracy": {"mean": 0.7692152917505031, "std": 0.04077448778502092}, "0": {"precision_mean": 0.735, "precision_std": 0.16786899654194634, "recall_mean": 0.3889230769230769, "recall_std": 0.10392751228933987, "f1-score_mean": 0.501029810298103, "f1-score_std": 0.12396532828641986, "support_mean": 25.2, "support_std": 0.17888543819998315}, "1": {"precision_mean": 0.7485163255252956, "precision_std": 0.03142382748208963, "recall_mean": 0.9822222222222223, "recall_std": 0.009737289911202943, "f1-score_mean": 0.8475534268198045, "f1-score_std": 0.020487940230193524, "support_mean": 45.0, "support_std": 0.0}, "macro avg": {"precision_mean": 0.7417581627626477, "precision_std": 0.09702059881940586, "recall_mean": 0.6855726495726497, "recall_std": 0.051314054970962954, "f1-score_mean": 0.6742916185589538, "f1-score_std": 0.07168005296116711, "support_mean": 70.2, "support_std": 0.17888543819998318}, "weighted avg": {"precision_mean": 0.7441640474428619, "precision_std": 0.07724823346651433, "recall_mean": 0.7692152917505031, "recall_std": 0.036469810574016645, "f1-score_mean": 0.7232635015159851, "f1-score_std": 0.05677565681958346, "support_mean": 70.2, "support_std": 0.17888543819998318}}, "timing": {"extractor_fit": "0:00:00.001320", "filtered_features": "0:00:00.000402", "model_training_time": "0:00:00.002215"}, "n_words": [2, 2, 2, 2, 2], "selected_vocabulary": [["var_4", "var_1"], ["var_2", "var_1"], ["var_0", "var_1"], ["var_2", "var_1"], ["var_4", "var_1"]]}