{"classification_report_train": {"accuracy": {"mean": 0.9508591764107777, "std": 0.005196654702004118}, "0": {"precision_mean": 0.9718158759690997, "precision_std": 0.003847269412201109, "recall_mean": 0.8889306930693068, "recall_std": 0.011948732100270684, "f1-score_mean": 0.9283263182850569, "f1-score_std": 0.007057732735647938, "support_mean": 100.8, "support_std": 0.17888543819998318}, "1": {"precision_mean": 0.9408025005426204, "precision_std": 0.006105055856640782, "recall_mean": 0.9855555555555556, "recall_std": 0.0019876159799998286, "f1-score_mean": 0.9626086200536765, "f1-score_std": 0.0034611957641073826, "support_mean": 180.0, "support_std": 0.0}, "macro avg": {"precision_mean": 0.9563091882558601, "precision_std": 0.003957211441364546, "recall_mean": 0.9372431243124313, "recall_std": 0.006185504182990663, "f1-score_mean": 0.9454674691693666, "f1-score_std": 0.005257857867857921, "support_mean": 280.8, "support_std": 0.17888543819998318}, "weighted avg": {"precision_mean": 0.9519421199852637, "precision_std": 0.004429622274514105, "recall_mean": 0.9508591764107777, "recall_std": 0.004648029267710048, "f1-score_mean": 0.950299811998749, "f1-score_std": 0.004755904224013692, "support_mean": 280.8, "support_std": 0.17888543819998318}}, "classification_report_test": {"accuracy": {"mean": 0.9203219315895372, "std": 0.021822407423571697}, "0": {"precision_mean": 0.9293939393939393, "precision_std": 0.0232637687934622, "recall_mean": 0.8415384615384616, "recall_std": 0.037219324369322924, "f1-score_mean": 0.8822644859362183, "f1-score_std": 0.029204370514431695, "support_mean": 25.2, "support_std": 0.17888543819998315}, "1": {"precision_mean": 0.9166799259944496, "precision_std": 0.018967459989059954, "recall_mean": 0.9644444444444444, "recall_std": 0.011925695879998872, "f1-score_mean": 0.9397258060460245, "f1-score_std": 0.014695217496796396, "support_mean": 45.0, "support_std": 0.0}, "macro avg": {"precision_mean": 0.9230369326941945, "precision_std": 0.020001251748575664, "recall_mean": 0.902991452991453, "recall_std": 0.0231751754555699, "f1-score_mean": 0.9109951459911215, "f1-score_std": 0.021921408722331535, "support_mean": 70.2, "support_std": 0.17888543819998318}, "weighted avg": {"precision_mean": 0.9211869321499033, "precision_std": 0.019460476479998212, "recall_mean": 0.9203219315895372, "recall_std": 0.019518554572720944, "f1-score_mean": 0.9190716341145851, "f1-score_std": 0.019891554871797352, "support_mean": 70.2, "support_std": 0.17888543819998318}}, "timing": {"extractor_fit": "0:00:00.177879", "filtered_features": "0:00:00.000580", "model_training_time": "0:00:00.002359"}, "n_words": [8, 8, 8, 8, 8], "selected_vocabulary": [["var_8", "var_23", "var_20", "var_6", "var_22", "var_2", "var_26", "var_4"], ["var_7", "var_32", "var_3", "var_21", "var_6", "var_2", "var_26", "var_4"], ["var_33", "var_21", "var_24", "var_27", "var_23", "var_2", "var_26", "var_4"], ["var_9", "var_7", "var_30", "var_8", "var_21", "var_26", "var_2", "var_4"], ["var_11", "var_23", "var_3", "var_6", "var_20", "var_2", "var_26", "var_4"]]}