{"classification_report_train": {"accuracy": {"mean": 0.9636705643111337, "std": 0.0020987022288735074}, "0": {"precision_mean": 0.9689419840100989, "precision_std": 0.0029484919631052767, "recall_mean": 0.9285544554455445, "recall_std": 0.0033913572200146686, "f1-score_mean": 0.9483042972812342, "f1-score_std": 0.0027375244285263414, "support_mean": 100.8, "support_std": 0.17888543819998318}, "1": {"precision_mean": 0.9609220589085166, "precision_std": 0.0017764899014031583, "recall_mean": 0.9833333333333334, "recall_std": 0.0015713484026367824, "f1-score_mean": 0.9719945061165485, "f1-score_std": 0.0014278744815502634, "support_mean": 180.0, "support_std": 0.0}, "macro avg": {"precision_mean": 0.9649320214593077, "precision_std": 0.002055328891132937, "recall_mean": 0.9559438943894388, "recall_std": 0.002163499182097118, "f1-score_mean": 0.9601494016988914, "f1-score_std": 0.0020823294366298394, "support_mean": 280.8, "support_std": 0.17888543819998318}, "weighted avg": {"precision_mean": 0.9638038365455456, "precision_std": 0.001892760778253911, "recall_mean": 0.9636705643111337, "recall_std": 0.0018771363393165937, "f1-score_mean": 0.9634924492098778, "f1-score_std": 0.0018892478632837814, "support_mean": 280.8, "support_std": 0.17888543819998318}}, "classification_report_test": {"accuracy": {"mean": 0.9515090543259557, "std": 0.016684193923554646}, "0": {"precision_mean": 0.9726086956521739, "precision_std": 0.01005843042846696, "recall_mean": 0.8886153846153846, "recall_std": 0.03480488301455422, "f1-score_mean": 0.9275555555555556, "f1-score_std": 0.023190887950887466, "support_mean": 25.2, "support_std": 0.17888543819998315}, "1": {"precision_mean": 0.9419574468085106, "precision_std": 0.017337321220629455, "recall_mean": 0.9866666666666667, "recall_std": 0.0048686449556014835, "f1-score_mean": 0.9635240274599542, "f1-score_std": 0.011009428951076415, "support_mean": 45.0, "support_std": 0.0}, "macro avg": {"precision_mean": 0.9572830712303423, "precision_std": 0.013132436335768946, "recall_mean": 0.9376410256410257, "recall_std": 0.019328512854346565, "f1-score_mean": 0.9455397915077549, "f1-score_std": 0.01708995765012288, "support_mean": 70.2, "support_std": 0.17888543819998318}, "weighted avg": {"precision_mean": 0.9529813794887737, "precision_std": 0.01427869182511724, "recall_mean": 0.9515090543259557, "recall_std": 0.014922796705142847, "f1-score_mean": 0.950645076663899, "f1-score_std": 0.01534047150561081, "support_mean": 70.2, "support_std": 0.17888543819998318}}, "timing": {"extractor_fit": "0:00:00.053638", "filtered_features": "0:00:00.000377", "model_training_time": "0:00:00.002429"}, "n_words": [20, 20, 20, 20, 20], "selected_vocabulary": [["var_24", "var_3", "var_33", "var_21", "var_27", "var_22", "var_13", "var_32", "var_28", "var_26", "var_12", "var_23", "var_14", "var_7", "var_6", "var_20", "var_30", "var_4", "var_2", "var_5"], ["var_25", "var_10", "var_24", "var_15", "var_33", "var_28", "var_30", "var_23", "var_21", "var_12", "var_32", "var_6", "var_13", "var_7", "var_26", "var_14", "var_2", "var_20", "var_4", "var_5"], ["var_9", "var_23", "var_22", "var_6", "var_21", "var_31", "var_26", "var_3", "var_15", "var_12", "var_7", "var_33", "var_13", "var_20", "var_2", "var_4", "var_28", "var_32", "var_30", "var_5"], ["var_27", "var_31", "var_14", "var_15", "var_12", "var_6", "var_22", "var_25", "var_2", "var_26", "var_20", "var_30", "var_4", "var_33", "var_23", "var_32", "var_28", "var_5", "var_13", "var_7"], ["var_14", "var_31", "var_22", "var_12", "var_21", "var_23", "var_24", "var_30", "var_33", "var_15", "var_13", "var_2", "var_20", "var_6", "var_28", "var_5", "var_26", "var_7", "var_32", "var_4"]]}