{"classification_report_train": {"accuracy": {"mean": 0.9608235892221657, "std": 0.0019633009891753535}, "0": {"precision_mean": 0.9667284282133906, "precision_std": 0.001882425243601867, "recall_mean": 0.9226138613861385, "recall_std": 0.004355139321081324, "f1-score_mean": 0.9441299525702688, "f1-score_std": 0.0026125480349084296, "support_mean": 100.8, "support_std": 0.17888543819998318}, "1": {"precision_mean": 0.9577722541247706, "precision_std": 0.0022864269984314385, "recall_mean": 0.9822222222222221, "recall_std": 0.000993807989999903, "f1-score_mean": 0.9698357441509147, "f1-score_std": 0.001320324939073035, "support_mean": 180.0, "support_std": 0.0}, "macro avg": {"precision_mean": 0.9622503411690806, "precision_std": 0.0016168745923688234, "recall_mean": 0.9524180418041805, "recall_std": 0.0022976405832197547, "f1-score_mean": 0.9569828483605918, "f1-score_std": 0.0019663528610859536, "support_mean": 280.8, "support_std": 0.17888543819998318}, "weighted avg": {"precision_mean": 0.9609905483016247, "precision_std": 0.0017298284194477336, "recall_mean": 0.9608235892221657, "recall_std": 0.0017560297888354675, "f1-score_mean": 0.9606092251186977, "f1-score_std": 0.0017793442759780702, "support_mean": 280.8, "support_std": 0.17888543819998318}}, "classification_report_test": {"accuracy": {"mean": 0.948692152917505, "std": 0.01605225285015179}, "0": {"precision_mean": 0.964751552795031, "precision_std": 0.014632643409058654, "recall_mean": 0.8889230769230769, "recall_std": 0.030739678115603086, "f1-score_mean": 0.9244232475598935, "f1-score_std": 0.02151825389640435, "support_mean": 25.2, "support_std": 0.17888543819998315}, "1": {"precision_mean": 0.9413749079650362, "precision_std": 0.015833542506979235, "recall_mean": 0.9822222222222223, "recall_std": 0.007436978013636222, "f1-score_mean": 0.9611455447956896, "f1-score_std": 0.01078260526912656, "support_mean": 45.0, "support_std": 0.0}, "macro avg": {"precision_mean": 0.9530632303800335, "precision_std": 0.013819703287027705, "recall_mean": 0.9355726495726495, "recall_std": 0.017867727733350162, "f1-score_mean": 0.9427843961777915, "f1-score_std": 0.016143080114131146, "support_mean": 70.2, "support_std": 0.17888543819998318}, "weighted avg": {"precision_mean": 0.949836888764481, "precision_std": 0.01414424906817746, "recall_mean": 0.948692152917505, "recall_std": 0.014357571425981657, "f1-score_mean": 0.947977984348797, "f1-score_std": 0.01460265548514606, "support_mean": 70.2, "support_std": 0.17888543819998318}}, "timing": {"extractor_fit": "0:00:00.054744", "filtered_features": "0:00:00.000424", "model_training_time": "0:00:00.002835"}, "n_words": [27, 27, 27, 27, 27], "selected_vocabulary": [["var_31", "var_19", "var_9", "var_8", "var_25", "var_11", "var_33", "var_24", "var_15", "var_3", "var_22", "var_27", "var_21", "var_26", "var_28", "var_12", "var_13", "var_14", "var_30", "var_32", "var_23", "var_20", "var_2", "var_7", "var_6", "var_4", "var_5"], ["var_18", "var_11", "var_8", "var_3", "var_19", "var_31", "var_10", "var_25", "var_24", "var_22", "var_33", "var_15", "var_23", "var_28", "var_21", "var_30", "var_12", "var_7", "var_14", "var_13", "var_32", "var_20", "var_6", "var_2", "var_26", "var_5", "var_4"], ["var_8", "var_24", "var_11", "var_25", "var_21", "var_31", "var_23", "var_16", "var_14", "var_3", "var_26", "var_22", "var_9", "var_6", "var_15", "var_10", "var_7", "var_2", "var_33", "var_12", "var_32", "var_13", "var_30", "var_20", "var_28", "var_5", "var_4"], ["var_16", "var_8", "var_9", "var_17", "var_24", "var_19", "var_27", "var_3", "var_14", "var_12", "var_15", "var_31", "var_25", "var_22", "var_32", "var_6", "var_26", "var_33", "var_2", "var_23", "var_30", "var_20", "var_13", "var_28", "var_5", "var_4", "var_7"], ["var_17", "var_10", "var_8", "var_9", "var_31", "var_27", "var_11", "var_3", "var_24", "var_14", "var_21", "var_12", "var_23", "var_30", "var_33", "var_15", "var_22", "var_13", "var_6", "var_28", "var_7", "var_2", "var_32", "var_5", "var_4", "var_20", "var_26"]]}