{"classification_report_train": {"accuracy": {"mean": 0.9522750381291306, "std": 0.002910079598844777}, "0": {"precision_mean": 0.9658587079550207, "precision_std": 0.0019948725238536015, "recall_mean": 0.8987920792079208, "recall_std": 0.0065632975565789, "f1-score_mean": 0.9310665167581851, "f1-score_std": 0.0039788797430414255, "support_mean": 100.8, "support_std": 0.17888543819998318}, "1": {"precision_mean": 0.9455086857561726, "precision_std": 0.0033449491074939736, "recall_mean": 0.9822222222222221, "recall_std": 0.000993807989999903, "f1-score_mean": 0.9635020618165779, "f1-score_std": 0.0019287006479072016, "support_mean": 180.0, "support_std": 0.0}, "macro avg": {"precision_mean": 0.9556836968555966, "precision_std": 0.0022575458941675106, "recall_mean": 0.9405071507150715, "recall_std": 0.0034630954324223477, "f1-score_mean": 0.9472842892873814, "f1-score_std": 0.002953699975877947, "support_mean": 280.8, "support_std": 0.17888543819998318}, "weighted avg": {"precision_mean": 0.9528158714173494, "precision_std": 0.002514720169143432, "recall_mean": 0.9522750381291306, "recall_std": 0.002602854321180896, "f1-score_mean": 0.9518605941445395, "f1-score_std": 0.0026579980262868993, "support_mean": 280.8, "support_std": 0.17888543819998318}}, "classification_report_test": {"accuracy": {"mean": 0.9288128772635815, "std": 0.015595884814246293}, "0": {"precision_mean": 0.9466581374384578, "precision_std": 0.007763955387247167, "recall_mean": 0.8495384615384616, "recall_std": 0.03783589604576319, "f1-score_mean": 0.89339146567718, "f1-score_std": 0.02265338070853042, "support_mean": 25.2, "support_std": 0.17888543819998315}, "1": {"precision_mean": 0.9219794831284348, "precision_std": 0.018376630590807755, "recall_mean": 0.9733333333333333, "recall_std": 0.003975231959999612, "f1-score_mean": 0.9464860465878042, "f1-score_std": 0.010067632662074989, "support_mean": 45.0, "support_std": 0.0}, "macro avg": {"precision_mean": 0.9343188102834464, "precision_std": 0.011071716456964335, "recall_mean": 0.9114358974358975, "recall_std": 0.019133182979308938, "f1-score_mean": 0.9199387561324921, "f1-score_std": 0.016337766981767466, "support_mean": 70.2, "support_std": 0.17888543819998318}, "weighted avg": {"precision_mean": 0.9308957583473763, "precision_std": 0.012959274217424868, "recall_mean": 0.9288128772635815, "recall_std": 0.013949383445564555, "f1-score_mean": 0.9274129252535482, "f1-score_std": 0.014559515262256182, "support_mean": 70.2, "support_std": 0.17888543819998318}}, "timing": {"extractor_fit": "0:00:00.001406", "filtered_features": "0:00:00.000459", "model_training_time": "0:00:00.002652"}, "n_words": [19, 19, 19, 19, 19], "selected_vocabulary": [["var_14", "var_26", "var_24", "var_12", "var_11", "var_22", "var_5", "var_7", "var_20", "var_28", "var_13", "var_8", "var_32", "var_30", "var_6", "var_0", "var_2", "var_4", "var_1"], ["var_15", "var_22", "var_17", "var_12", "var_11", "var_28", "var_20", "var_24", "var_14", "var_7", "var_13", "var_30", "var_32", "var_8", "var_0", "var_6", "var_4", "var_2", "var_1"], ["var_3", "var_12", "var_15", "var_13", "var_7", "var_11", "var_20", "var_10", "var_14", "var_22", "var_32", "var_28", "var_30", "var_8", "var_6", "var_4", "var_2", "var_0", "var_1"], ["var_13", "var_21", "var_15", "var_10", "var_12", "var_7", "var_14", "var_22", "var_32", "var_24", "var_20", "var_8", "var_30", "var_28", "var_6", "var_0", "var_4", "var_2", "var_1"], ["var_18", "var_5", "var_9", "var_24", "var_10", "var_28", "var_20", "var_32", "var_7", "var_12", "var_22", "var_14", "var_30", "var_8", "var_0", "var_6", "var_2", "var_4", "var_1"]]}