{"classification_report_train": {"accuracy": {"mean": 0.9423131672597865, "std": 0.008517985206896296}, "0": {"precision_mean": 0.952787284288506, "precision_std": 0.005761669236729659, "recall_mean": 0.8830099009900991, "recall_std": 0.0194218080209154, "f1-score_mean": 0.9160842181271729, "f1-score_std": 0.011981731224819403, "support_mean": 100.8, "support_std": 0.17888543819998318}, "1": {"precision_mean": 0.9375109697888172, "precision_std": 0.009671691388766135, "recall_mean": 0.9755555555555555, "recall_std": 0.0029814239699997086, "f1-score_mean": 0.956031461947273, "f1-score_std": 0.0055684523303256486, "support_mean": 180.0, "support_std": 0.0}, "macro avg": {"precision_mean": 0.9451491270386615, "precision_std": 0.006540964726577215, "recall_mean": 0.9292827282728272, "recall_std": 0.010129426788489066, "f1-score_mean": 0.9360578400372228, "f1-score_std": 0.008772114951637745, "support_mean": 280.8, "support_std": 0.17888543819998318}, "weighted avg": {"precision_mean": 0.9430096459212706, "precision_std": 0.0072743055043335315, "recall_mean": 0.9423131672597865, "recall_std": 0.00761871758158309, "f1-score_mean": 0.9416878566361347, "f1-score_std": 0.007873567231198128, "support_mean": 280.8, "support_std": 0.17888543819998318}}, "classification_report_test": {"accuracy": {"mean": 0.9258752515090544, "std": 0.01718380539402714}, "0": {"precision_mean": 0.9394927536231883, "precision_std": 0.02642494413916185, "recall_mean": 0.8489230769230769, "recall_std": 0.021158852554430216, "f1-score_mean": 0.8916086956521738, "f1-score_std": 0.022369380007965567, "support_mean": 25.2, "support_std": 0.17888543819998315}, "1": {"precision_mean": 0.9198436821537126, "precision_std": 0.011060570981357053, "recall_mean": 0.9688888888888888, "recall_std": 0.01348066745609164, "f1-score_mean": 0.943663274745606, "f1-score_std": 0.011708908318409636, "support_mean": 45.0, "support_std": 0.0}, "macro avg": {"precision_mean": 0.9296682178884506, "precision_std": 0.018121335105983315, "recall_mean": 0.9089059829059829, "recall_std": 0.016491047562806675, "f1-score_mean": 0.9176359851988899, "f1-score_std": 0.01703313434018067, "support_mean": 70.2, "support_std": 0.17888543819998318}, "weighted avg": {"precision_mean": 0.926901342102088, "precision_std": 0.01590820320947541, "recall_mean": 0.9258752515090544, "recall_std": 0.015369662789268898, "f1-score_mean": 0.9250062176946973, "f1-score_std": 0.015494566839789546, "support_mean": 70.2, "support_std": 0.17888543819998318}}, "timing": {"extractor_fit": "0:00:00.051725", "filtered_features": "0:00:00.000428", "model_training_time": "0:00:00.001799"}, "n_words": [5, 5, 5, 5, 5], "selected_vocabulary": [["var_6", "var_7", "var_2", "var_4", "var_5"], ["var_7", "var_26", "var_20", "var_5", "var_4"], ["var_2", "var_32", "var_5", "var_28", "var_4"], ["var_2", "var_5", "var_30", "var_7", "var_28"], ["var_20", "var_26", "var_7", "var_5", "var_4"]]}