{"classification_report_train": {"accuracy": {"mean": 0.9615353329944079, "std": 0.0017622534569757967}, "0": {"precision_mean": 0.9687888985381387, "precision_std": 0.0028870393344968028, "recall_mean": 0.9226138613861385, "recall_std": 0.004355139321081324, "f1-score_mean": 0.9450927992474012, "f1-score_std": 0.002346244530641203, "support_mean": 100.8, "support_std": 0.17888543819998318}, "1": {"precision_mean": 0.9578240050304114, "precision_std": 0.0022588470840832616, "recall_mean": 0.9833333333333332, "recall_std": 0.0015713484026367824, "f1-score_mean": 0.9703985707913757, "f1-score_std": 0.0011858510570364866, "support_mean": 180.0, "support_std": 0.0}, "macro avg": {"precision_mean": 0.9633064517842751, "precision_std": 0.0016009708624348772, "recall_mean": 0.952973597359736, "recall_std": 0.0020849442119643116, "f1-score_mean": 0.9577456850193883, "f1-score_std": 0.0017649472611299271, "support_mean": 280.8, "support_std": 0.17888543819998318}, "weighted avg": {"precision_mean": 0.9617642944433147, "precision_std": 0.0015616269645649366, "recall_mean": 0.9615353329944079, "recall_std": 0.001576207409352753, "f1-score_mean": 0.9613158312029446, "f1-score_std": 0.0015946953551771296, "support_mean": 280.8, "support_std": 0.17888543819998318}}, "classification_report_test": {"accuracy": {"mean": 0.9515090543259557, "std": 0.016684193923554653}, "0": {"precision_mean": 0.964751552795031, "precision_std": 0.014632643409058654, "recall_mean": 0.8966153846153846, "recall_std": 0.031289145895782675, "f1-score_mean": 0.9286681455190772, "f1-score_std": 0.022401342233456006, "support_mean": 25.2, "support_std": 0.17888543819998315}, "1": {"precision_mean": 0.9453642696671638, "precision_std": 0.016039005891221772, "recall_mean": 0.9822222222222223, "recall_std": 0.007436978013636222, "f1-score_mean": 0.9632493316119588, "f1-score_std": 0.011196261495264643, "support_mean": 45.0, "support_std": 0.0}, "macro avg": {"precision_mean": 0.9550579112310974, "precision_std": 0.014376482180629717, "recall_mean": 0.9394188034188033, "recall_std": 0.018478409511846948, "f1-score_mean": 0.9459587385655179, "f1-score_std": 0.01679165968255121, "support_mean": 70.2, "support_std": 0.17888543819998318}, "weighted avg": {"precision_mean": 0.952365357448928, "precision_std": 0.014691660314490049, "recall_mean": 0.9515090543259557, "recall_std": 0.014922796705142852, "f1-score_mean": 0.9508658400343025, "f1-score_std": 0.015181778812936276, "support_mean": 70.2, "support_std": 0.17888543819998318}}, "timing": {"extractor_fit": "0:00:00.055224", "filtered_features": "0:00:00.000431", "model_training_time": "0:00:00.002722"}, "n_words": [26, 26, 26, 26, 26], "selected_vocabulary": [["var_31", "var_9", "var_15", "var_25", "var_8", "var_33", "var_3", "var_24", "var_27", "var_22", "var_21", "var_11", "var_12", "var_26", "var_23", "var_30", "var_28", "var_14", "var_13", "var_32", "var_7", "var_6", "var_20", "var_2", "var_5", "var_4"], ["var_29", "var_19", "var_3", "var_31", "var_25", "var_24", "var_8", "var_10", "var_22", "var_33", "var_15", "var_30", "var_23", "var_12", "var_28", "var_14", "var_21", "var_6", "var_13", "var_32", "var_7", "var_4", "var_26", "var_2", "var_20", "var_5"], ["var_8", "var_24", "var_21", "var_11", "var_14", "var_23", "var_16", "var_9", "var_31", "var_22", "var_3", "var_10", "var_12", "var_7", "var_30", "var_26", "var_6", "var_33", "var_15", "var_32", "var_13", "var_5", "var_20", "var_4", "var_28", "var_2"], ["var_16", "var_14", "var_21", "var_19", "var_24", "var_3", "var_17", "var_27", "var_15", "var_6", "var_31", "var_25", "var_22", "var_12", "var_2", "var_26", "var_13", "var_33", "var_23", "var_4", "var_32", "var_20", "var_30", "var_5", "var_28", "var_7"], ["var_11", "var_17", "var_8", "var_10", "var_27", "var_31", "var_3", "var_24", "var_23", "var_22", "var_21", "var_33", "var_30", "var_12", "var_14", "var_13", "var_15", "var_6", "var_28", "var_32", "var_7", "var_20", "var_2", "var_26", "var_5", "var_4"]]}