{"classification_report_train": {"accuracy": {"mean": 0.9622470767666498, "std": 0.0018356693912030798}, "0": {"precision_mean": 0.9708480123788931, "precision_std": 0.0033819921433304615, "recall_mean": 0.9226138613861385, "recall_std": 0.005177799426521278, "f1-score_mean": 0.9460447632450505, "f1-score_std": 0.0024738420425156993, "support_mean": 100.8, "support_std": 0.17888543819998318}, "1": {"precision_mean": 0.9578869382263371, "precision_std": 0.0026666086738591295, "recall_mean": 0.9844444444444445, "recall_std": 0.0018592445034090713, "f1-score_mean": 0.9709643094086988, "f1-score_std": 0.0012272282228136427, "support_mean": 180.0, "support_std": 0.0}, "macro avg": {"precision_mean": 0.964367475302615, "precision_std": 0.001633110397280208, "recall_mean": 0.9535291529152914, "recall_std": 0.0022917172148934394, "f1-score_mean": 0.9585045363268746, "f1-score_std": 0.0018489371822577945, "support_mean": 280.8, "support_std": 0.17888543819998318}, "weighted avg": {"precision_mean": 0.9625447160560648, "precision_std": 0.0016071127702725547, "recall_mean": 0.9622470767666498, "recall_std": 0.0016418726171782963, "f1-score_mean": 0.9620203910423777, "f1-score_std": 0.0016657674194055195, "support_mean": 280.8, "support_std": 0.17888543819998318}}, "classification_report_test": {"accuracy": {"mean": 0.948692152917505, "std": 0.01605225285015179}, "0": {"precision_mean": 0.964751552795031, "precision_std": 0.014632643409058654, "recall_mean": 0.8889230769230769, "recall_std": 0.030739678115603086, "f1-score_mean": 0.9244232475598935, "f1-score_std": 0.02151825389640435, "support_mean": 25.2, "support_std": 0.17888543819998315}, "1": {"precision_mean": 0.9413749079650362, "precision_std": 0.015833542506979235, "recall_mean": 0.9822222222222223, "recall_std": 0.007436978013636222, "f1-score_mean": 0.9611455447956896, "f1-score_std": 0.01078260526912656, "support_mean": 45.0, "support_std": 0.0}, "macro avg": {"precision_mean": 0.9530632303800335, "precision_std": 0.013819703287027705, "recall_mean": 0.9355726495726495, "recall_std": 0.017867727733350162, "f1-score_mean": 0.9427843961777915, "f1-score_std": 0.016143080114131146, "support_mean": 70.2, "support_std": 0.17888543819998318}, "weighted avg": {"precision_mean": 0.949836888764481, "precision_std": 0.01414424906817746, "recall_mean": 0.948692152917505, "recall_std": 0.014357571425981657, "f1-score_mean": 0.947977984348797, "f1-score_std": 0.01460265548514606, "support_mean": 70.2, "support_std": 0.17888543819998318}}, "timing": {"extractor_fit": "0:00:00.056636", "filtered_features": "0:00:00.000419", "model_training_time": "0:00:00.002912"}, "n_words": [28, 28, 28, 28, 28], "selected_vocabulary": [["var_17", "var_31", "var_8", "var_9", "var_19", "var_25", "var_15", "var_24", "var_22", "var_33", "var_11", "var_3", "var_27", "var_21", "var_32", "var_26", "var_28", "var_13", "var_14", "var_23", "var_30", "var_7", "var_12", "var_6", "var_2", "var_20", "var_4", "var_5"], ["var_27", "var_9", "var_29", "var_19", "var_3", "var_31", "var_8", "var_33", "var_10", "var_25", "var_22", "var_15", "var_28", "var_24", "var_14", "var_21", "var_30", "var_23", "var_12", "var_7", "var_13", "var_6", "var_26", "var_32", "var_20", "var_2", "var_5", "var_4"], ["var_25", "var_27", "var_24", "var_8", "var_21", "var_11", "var_10", "var_31", "var_6", "var_14", "var_9", "var_23", "var_16", "var_22", "var_26", "var_3", "var_15", "var_7", "var_33", "var_2", "var_13", "var_30", "var_12", "var_32", "var_5", "var_4", "var_28", "var_20"], ["var_16", "var_8", "var_19", "var_3", "var_21", "var_9", "var_14", "var_24", "var_15", "var_17", "var_27", "var_6", "var_25", "var_12", "var_31", "var_26", "var_22", "var_33", "var_23", "var_32", "var_30", "var_13", "var_2", "var_28", "var_20", "var_4", "var_5", "var_7"], ["var_9", "var_8", "var_11", "var_25", "var_17", "var_19", "var_27", "var_3", "var_14", "var_31", "var_24", "var_21", "var_30", "var_12", "var_23", "var_2", "var_22", "var_33", "var_6", "var_15", "var_28", "var_32", "var_13", "var_7", "var_5", "var_26", "var_20", "var_4"]]}