{"classification_report_train": {"accuracy": {"mean": 0.9608235892221657, "std": 0.0019633009891753535}, "0": {"precision_mean": 0.9667284282133906, "precision_std": 0.001882425243601867, "recall_mean": 0.9226138613861385, "recall_std": 0.004355139321081324, "f1-score_mean": 0.9441299525702688, "f1-score_std": 0.0026125480349084296, "support_mean": 100.8, "support_std": 0.17888543819998318}, "1": {"precision_mean": 0.9577722541247706, "precision_std": 0.0022864269984314385, "recall_mean": 0.9822222222222221, "recall_std": 0.000993807989999903, "f1-score_mean": 0.9698357441509147, "f1-score_std": 0.001320324939073035, "support_mean": 180.0, "support_std": 0.0}, "macro avg": {"precision_mean": 0.9622503411690806, "precision_std": 0.0016168745923688234, "recall_mean": 0.9524180418041805, "recall_std": 0.0022976405832197547, "f1-score_mean": 0.9569828483605918, "f1-score_std": 0.0019663528610859536, "support_mean": 280.8, "support_std": 0.17888543819998318}, "weighted avg": {"precision_mean": 0.9609905483016247, "precision_std": 0.0017298284194477336, "recall_mean": 0.9608235892221657, "recall_std": 0.0017560297888354675, "f1-score_mean": 0.9606092251186977, "f1-score_std": 0.0017793442759780702, "support_mean": 280.8, "support_std": 0.17888543819998318}}, "classification_report_test": {"accuracy": {"mean": 0.9515090543259557, "std": 0.015412527383533357}, "0": {"precision_mean": 0.9651138716356107, "precision_std": 0.01416639339782476, "recall_mean": 0.8966153846153846, "recall_std": 0.029172086844920325, "f1-score_mean": 0.928838213546288, "f1-score_std": 0.02063977315649415, "support_mean": 25.2, "support_std": 0.17888543819998315}, "1": {"precision_mean": 0.9452717627291435, "precision_std": 0.014932852902947583, "recall_mean": 0.9822222222222223, "recall_std": 0.007436978013636222, "f1-score_mean": 0.963201553303311, "f1-score_std": 0.010364403244018201, "support_mean": 45.0, "support_std": 0.0}, "macro avg": {"precision_mean": 0.9551928171823771, "precision_std": 0.013280629246872335, "recall_mean": 0.9394188034188033, "recall_std": 0.017078461298071848, "f1-score_mean": 0.9460198834247995, "f1-score_std": 0.015491651886342528, "support_mean": 70.2, "support_std": 0.17888543819998318}, "weighted avg": {"precision_mean": 0.9524352882889792, "precision_std": 0.01353093897307392, "recall_mean": 0.9515090543259557, "recall_std": 0.013785383573863023, "f1-score_mean": 0.9508958639884613, "f1-score_std": 0.014013804515441023, "support_mean": 70.2, "support_std": 0.17888543819998318}}, "timing": {"extractor_fit": "0:00:00.055988", "filtered_features": "0:00:00.000429", "model_training_time": "0:00:00.002776"}, "n_words": [23, 23, 23, 23, 23], "selected_vocabulary": [["var_25", "var_15", "var_22", "var_11", "var_33", "var_3", "var_24", "var_27", "var_12", "var_21", "var_28", "var_23", "var_26", "var_14", "var_13", "var_7", "var_32", "var_6", "var_30", "var_2", "var_20", "var_4", "var_5"], ["var_31", "var_33", "var_10", "var_25", "var_8", "var_15", "var_22", "var_12", "var_23", "var_6", "var_28", "var_21", "var_32", "var_30", "var_24", "var_14", "var_7", "var_13", "var_26", "var_4", "var_20", "var_2", "var_5"], ["var_16", "var_21", "var_23", "var_9", "var_10", "var_31", "var_3", "var_6", "var_22", "var_15", "var_26", "var_14", "var_7", "var_13", "var_33", "var_12", "var_2", "var_4", "var_20", "var_32", "var_30", "var_5", "var_28"], ["var_15", "var_3", "var_17", "var_27", "var_24", "var_14", "var_31", "var_12", "var_25", "var_6", "var_2", "var_33", "var_20", "var_22", "var_23", "var_26", "var_32", "var_4", "var_30", "var_13", "var_5", "var_28", "var_7"], ["var_19", "var_27", "var_3", "var_24", "var_22", "var_14", "var_31", "var_21", "var_12", "var_23", "var_33", "var_13", "var_30", "var_28", "var_15", "var_2", "var_7", "var_6", "var_5", "var_32", "var_20", "var_26", "var_4"]]}