{"classification_report_train": {"accuracy": {"mean": 0.9636705643111337, "std": 0.0017714691790052348}, "0": {"precision_mean": 0.9689625573506667, "precision_std": 0.0029180930492410063, "recall_mean": 0.9285544554455445, "recall_std": 0.0033913572200146686, "f1-score_mean": 0.9483037740754898, "f1-score_std": 0.0023319045660439718, "support_mean": 100.8, "support_std": 0.17888543819998318}, "1": {"precision_mean": 0.9609274289349244, "precision_std": 0.001749826132695239, "recall_mean": 0.9833333333333332, "recall_std": 0.0015713484026367824, "f1-score_mean": 0.971994423857315, "f1-score_std": 0.001199486709577512, "support_mean": 180.0, "support_std": 0.0}, "macro avg": {"precision_mean": 0.9649449931427956, "precision_std": 0.001761361963966864, "recall_mean": 0.9559438943894388, "recall_std": 0.0018922522823169748, "f1-score_mean": 0.9601490989664025, "f1-score_std": 0.001764911781359495, "support_mean": 280.8, "support_std": 0.17888543819998318}, "weighted avg": {"precision_mean": 0.9638146711083598, "precision_std": 0.0015969766813246386, "recall_mean": 0.9636705643111337, "recall_std": 0.0015844502017205793, "f1-score_mean": 0.9634922084609732, "f1-score_std": 0.0015950920998540345, "support_mean": 280.8, "support_std": 0.17888543819998318}}, "classification_report_test": {"accuracy": {"mean": 0.9515492957746478, "std": 0.014009920357295043}, "0": {"precision_mean": 0.9652173913043478, "precision_std": 0.014550609157114362, "recall_mean": 0.8969230769230769, "recall_std": 0.024157275601711412, "f1-score_mean": 0.929421768707483, "f1-score_std": 0.01828211517058054, "support_mean": 25.2, "support_std": 0.17888543819998315}, "1": {"precision_mean": 0.9449468085106382, "precision_std": 0.012874098701790015, "recall_mean": 0.9822222222222223, "recall_std": 0.007436978013636222, "f1-score_mean": 0.9631136044880785, "f1-score_std": 0.00953221552850249, "support_mean": 45.0, "support_std": 0.0}, "macro avg": {"precision_mean": 0.9550820999074932, "precision_std": 0.012723825124996398, "recall_mean": 0.9395726495726496, "recall_std": 0.015012051067696016, "f1-score_mean": 0.9462676865977807, "f1-score_std": 0.013907111379726325, "support_mean": 70.2, "support_std": 0.17888543819998318}, "weighted avg": {"precision_mean": 0.9522994814399812, "precision_std": 0.012564793291139582, "recall_mean": 0.9515492957746478, "recall_std": 0.012530853711307943, "f1-score_mean": 0.9510283517037574, "f1-score_std": 0.01265197613553335, "support_mean": 70.2, "support_std": 0.17888543819998318}}, "timing": {"extractor_fit": "0:00:00.055445", "filtered_features": "0:00:00.000419", "model_training_time": "0:00:00.002554"}, "n_words": [21, 21, 21, 21, 21], "selected_vocabulary": [["var_24", "var_15", "var_33", "var_3", "var_27", "var_22", "var_28", "var_13", "var_21", "var_23", "var_26", "var_12", "var_32", "var_30", "var_14", "var_7", "var_20", "var_6", "var_2", "var_4", "var_5"], ["var_24", "var_10", "var_8", "var_15", "var_33", "var_18", "var_30", "var_28", "var_12", "var_23", "var_21", "var_6", "var_13", "var_32", "var_7", "var_14", "var_4", "var_26", "var_2", "var_5", "var_20"], ["var_10", "var_23", "var_16", "var_12", "var_6", "var_31", "var_11", "var_9", "var_3", "var_7", "var_26", "var_30", "var_15", "var_33", "var_32", "var_13", "var_2", "var_28", "var_20", "var_4", "var_5"], ["var_24", "var_17", "var_15", "var_14", "var_31", "var_22", "var_12", "var_25", "var_6", "var_32", "var_33", "var_2", "var_23", "var_30", "var_4", "var_26", "var_13", "var_20", "var_5", "var_28", "var_7"], ["var_3", "var_31", "var_23", "var_21", "var_22", "var_24", "var_14", "var_12", "var_33", "var_15", "var_30", "var_13", "var_2", "var_6", "var_7", "var_32", "var_28", "var_26", "var_5", "var_20", "var_4"]]}