{"classification_report_train": {"accuracy": {"mean": 0.9636680223690901, "std": 0.0030882754698971955}, "0": {"precision_mean": 0.9709107884819028, "precision_std": 0.0034840664899222513, "recall_mean": 0.9265544554455445, "recall_std": 0.006713566364902287, "f1-score_mean": 0.9481465494460419, "f1-score_std": 0.004101534649093704, "support_mean": 100.8, "support_std": 0.17888543819998318}, "1": {"precision_mean": 0.9599738331068256, "precision_std": 0.0035003207741118123, "recall_mean": 0.9844444444444445, "recall_std": 0.0018592445034090713, "f1-score_mean": 0.9720362600734648, "f1-score_std": 0.002080020520249186, "support_mean": 180.0, "support_std": 0.0}, "macro avg": {"precision_mean": 0.9654423107943643, "precision_std": 0.0026570730586970236, "recall_mean": 0.9554994499449945, "recall_std": 0.003562449543564039, "f1-score_mean": 0.9600914047597533, "f1-score_std": 0.003090135421448181, "support_mean": 280.8, "support_std": 0.17888543819998318}, "weighted avg": {"precision_mean": 0.9639019156707492, "precision_std": 0.002737539127124082, "recall_mean": 0.9636680223690901, "recall_std": 0.0027622375535740935, "f1-score_mean": 0.963463773948346, "f1-score_std": 0.002795617401339405, "support_mean": 280.8, "support_std": 0.17888543819998318}}, "classification_report_test": {"accuracy": {"mean": 0.9430181086519115, "std": 0.013553574413225503}, "0": {"precision_mean": 0.9564182194616977, "precision_std": 0.01233592253038499, "recall_mean": 0.8809230769230769, "recall_std": 0.025311690121458372, "f1-score_mean": 0.9165865128660158, "f1-score_std": 0.018345696621883848, "support_mean": 25.2, "support_std": 0.17888543819998315}, "1": {"precision_mean": 0.936761124431271, "precision_std": 0.012801309937605022, "recall_mean": 0.9777777777777776, "recall_std": 0.006285393610547083, "f1-score_mean": 0.9567037033272001, "f1-score_std": 0.009061227582176822, "support_mean": 45.0, "support_std": 0.0}, "macro avg": {"precision_mean": 0.9465896719464844, "precision_std": 0.011748278794489989, "recall_mean": 0.9293504273504272, "recall_std": 0.014945912175052862, "f1-score_mean": 0.9366451080966082, "f1-score_std": 0.013692786023281684, "support_mean": 70.2, "support_std": 0.17888543819998318}, "weighted avg": {"precision_mean": 0.943821649937129, "precision_std": 0.011888325362277095, "recall_mean": 0.9430181086519115, "recall_std": 0.01212268549042962, "f1-score_mean": 0.9423099993592372, "f1-score_std": 0.012365216195571026, "support_mean": 70.2, "support_std": 0.17888543819998318}}, "timing": {"extractor_fit": "0:00:00.055638", "filtered_features": "0:00:00.000492", "model_training_time": "0:00:00.003034"}, "n_words": [30, 30, 30, 30, 30], "selected_vocabulary": [["var_18", "var_10", "var_19", "var_8", "var_16", "var_0", "var_22", "var_15", "var_9", "var_24", "var_25", "var_33", "var_11", "var_3", "var_27", "var_28", "var_26", "var_23", "var_21", "var_30", "var_14", "var_13", "var_32", "var_7", "var_12", "var_6", "var_20", "var_2", "var_5", "var_4"], ["var_17", "var_27", "var_9", "var_29", "var_18", "var_19", "var_3", "var_31", "var_10", "var_24", "var_22", "var_33", "var_25", "var_8", "var_15", "var_30", "var_23", "var_32", "var_6", "var_21", "var_12", "var_28", "var_2", "var_14", "var_7", "var_26", "var_13", "var_20", "var_4", "var_5"], ["var_17", "var_18", "var_25", "var_27", "var_24", "var_8", "var_16", "var_21", "var_11", "var_23", "var_31", "var_22", "var_9", "var_6", "var_14", "var_10", "var_3", "var_30", "var_7", "var_15", "var_33", "var_2", "var_12", "var_13", "var_26", "var_20", "var_32", "var_28", "var_5", "var_4"], ["var_29", "var_11", "var_21", "var_9", "var_19", "var_24", "var_8", "var_3", "var_15", "var_17", "var_14", "var_27", "var_16", "var_25", "var_31", "var_22", "var_6", "var_12", "var_33", "var_2", "var_20", "var_23", "var_26", "var_13", "var_30", "var_5", "var_28", "var_32", "var_4", "var_7"], ["var_16", "var_25", "var_19", "var_8", "var_11", "var_10", "var_9", "var_17", "var_14", "var_27", "var_31", "var_3", "var_24", "var_22", "var_21", "var_12", "var_23", "var_33", "var_30", "var_15", "var_13", "var_28", "var_2", "var_6", "var_32", "var_20", "var_7", "var_5", "var_26", "var_4"]]}