{"classification_report_train": {"accuracy": {"mean": 0.96010930350788, "std": 0.002383128621562671}, "0": {"precision_mean": 0.9706501039710759, "precision_std": 0.003432887862591796, "recall_mean": 0.9166534653465346, "recall_std": 0.006043491688181506, "f1-score_mean": 0.9428007425429884, "f1-score_std": 0.0032071577107955496, "support_mean": 100.8, "support_std": 0.17888543819998318}, "1": {"precision_mean": 0.9548002782509031, "precision_std": 0.003112854526289841, "recall_mean": 0.9844444444444445, "recall_std": 0.0018592445034090713, "f1-score_mean": 0.9693743478433886, "f1-score_std": 0.0015939985125492766, "support_mean": 180.0, "support_std": 0.0}, "macro avg": {"precision_mean": 0.9627251911109894, "precision_std": 0.0020332366059982896, "recall_mean": 0.9505489548954895, "recall_std": 0.0028902908747616297, "f1-score_mean": 0.9560875451931883, "f1-score_std": 0.002399284549324658, "support_mean": 280.8, "support_std": 0.17888543819998318}, "weighted avg": {"precision_mean": 0.9604941967751636, "precision_std": 0.0020903673122771435, "recall_mean": 0.96010930350788, "recall_std": 0.0021315350387758015, "f1-score_mean": 0.9598371878322531, "f1-score_std": 0.002163889884488056, "support_mean": 280.8, "support_std": 0.17888543819998318}}, "classification_report_test": {"accuracy": {"mean": 0.9430181086519115, "std": 0.011953369936726153}, "0": {"precision_mean": 0.982213438735178, "precision_std": 0.009746109095603117, "recall_mean": 0.8572307692307692, "recall_std": 0.028950559774253128, "f1-score_mean": 0.9140357109961974, "f1-score_std": 0.01705106047316008, "support_mean": 25.2, "support_std": 0.17888543819998315}, "1": {"precision_mean": 0.9263636074226174, "precision_std": 0.013977703547346208, "recall_mean": 0.9911111111111112, "recall_std": 0.0048686449556014835, "f1-score_mean": 0.9573432191583695, "f1-score_std": 0.007799088282521707, "support_mean": 45.0, "support_std": 0.0}, "macro avg": {"precision_mean": 0.9542885230788976, "precision_std": 0.00853689800338501, "recall_mean": 0.9241709401709401, "recall_std": 0.01459445494957034, "f1-score_mean": 0.9356894650772833, "f1-score_std": 0.012406088682446885, "support_mean": 70.2, "support_std": 0.17888543819998318}, "weighted avg": {"precision_mean": 0.9464578014784216, "precision_std": 0.009654605247093431, "recall_mean": 0.9430181086519115, "recall_std": 0.010691419095488815, "f1-score_mean": 0.9418024046182383, "f1-score_std": 0.011082706410192909, "support_mean": 70.2, "support_std": 0.17888543819998318}}, "timing": {"extractor_fit": "0:00:00.130002", "filtered_features": "0:00:00.000576", "model_training_time": "0:00:00.002958"}, "n_words": [28, 28, 28, 28, 28], "selected_vocabulary": [["var_17", "var_10", "var_18", "var_19", "var_15", "var_9", "var_31", "var_16", "var_13", "var_29", "var_27", "var_23", "var_14", "var_5", "var_28", "var_22", "var_20", "var_6", "var_7", "var_30", "var_25", "var_21", "var_11", "var_8", "var_3", "var_2", "var_26", "var_4"], ["var_15", "var_28", "var_25", "var_17", "var_29", "var_20", "var_23", "var_32", "var_11", "var_18", "var_21", "var_9", "var_24", "var_5", "var_19", "var_31", "var_22", "var_13", "var_30", "var_16", "var_33", "var_3", "var_8", "var_6", "var_7", "var_2", "var_26", "var_4"], ["var_16", "var_29", "var_32", "var_18", "var_15", "var_14", "var_31", "var_13", "var_8", "var_10", "var_0", "var_19", "var_25", "var_9", "var_22", "var_11", "var_27", "var_5", "var_6", "var_21", "var_23", "var_33", "var_3", "var_20", "var_26", "var_7", "var_4", "var_2"], ["var_13", "var_31", "var_14", "var_18", "var_25", "var_11", "var_10", "var_6", "var_20", "var_7", "var_30", "var_9", "var_19", "var_33", "var_28", "var_3", "var_15", "var_22", "var_23", "var_27", "var_5", "var_17", "var_29", "var_21", "var_2", "var_8", "var_26", "var_4"], ["var_31", "var_15", "var_25", "var_28", "var_22", "var_16", "var_30", "var_33", "var_10", "var_17", "var_12", "var_29", "var_13", "var_32", "var_11", "var_21", "var_23", "var_3", "var_6", "var_5", "var_19", "var_9", "var_8", "var_2", "var_7", "var_20", "var_26", "var_4"]]}