{"classification_report_train": {"accuracy": {"mean": 0.9622470767666498, "std": 0.0018356693912030798}, "0": {"precision_mean": 0.9668586506767655, "precision_std": 0.0019092559279063435, "recall_mean": 0.9265742574257425, "recall_std": 0.0035978187250711503, "f1-score_mean": 0.9462738404284423, "f1-score_std": 0.0024311893720933525, "support_mean": 100.8, "support_std": 0.17888543819998318}, "1": {"precision_mean": 0.9598409778274354, "precision_std": 0.0018853764999180362, "recall_mean": 0.9822222222222221, "recall_std": 0.000993807989999903, "f1-score_mean": 0.9708986157055894, "f1-score_std": 0.0012377428749121122, "support_mean": 180.0, "support_std": 0.0}, "macro avg": {"precision_mean": 0.9633498142521006, "precision_std": 0.001612187082416618, "recall_mean": 0.9543982398239823, "recall_std": 0.0020526718008902008, "f1-score_mean": 0.958586228067016, "f1-score_std": 0.0018344344535527744, "support_mean": 280.8, "support_std": 0.17888543819998318}, "weighted avg": {"precision_mean": 0.9623625153310927, "precision_std": 0.0016331667860178323, "recall_mean": 0.9622470767666498, "recall_std": 0.0016418726171782963, "f1-score_mean": 0.9620606470173347, "f1-score_std": 0.0016586695465488999, "support_mean": 280.8, "support_std": 0.17888543819998318}}, "classification_report_test": {"accuracy": {"mean": 0.9487323943661972, "std": 0.013981572696347751}, "0": {"precision_mean": 0.964751552795031, "precision_std": 0.007930039071613085, "recall_mean": 0.8889230769230769, "recall_std": 0.028581949035202045, "f1-score_mean": 0.9245797101449276, "f1-score_std": 0.018826599049165362, "support_mean": 25.2, "support_std": 0.17888543819998315}, "1": {"precision_mean": 0.9412939643942684, "precision_std": 0.014701102446969093, "recall_mean": 0.9822222222222221, "recall_std": 0.003975231959999631, "f1-score_mean": 0.9611470860314523, "f1-score_std": 0.009375659174334824, "support_mean": 45.0, "support_std": 0.0}, "macro avg": {"precision_mean": 0.9530227585946497, "precision_std": 0.011144678925978393, "recall_mean": 0.9355726495726497, "recall_std": 0.01604836724761102, "f1-score_mean": 0.94286339808819, "f1-score_std": 0.014091181388210373, "support_mean": 70.2, "support_std": 0.17888543819998318}, "weighted avg": {"precision_mean": 0.9497118089609605, "precision_std": 0.01213488574380564, "recall_mean": 0.9487323943661972, "recall_std": 0.012505498792555438, "f1-score_mean": 0.9480211729830106, "f1-score_std": 0.012745812751347932, "support_mean": 70.2, "support_std": 0.17888543819998318}}, "timing": {"extractor_fit": "0:00:00.055540", "filtered_features": "0:00:00.000402", "model_training_time": "0:00:00.002492"}, "n_words": [18, 18, 18, 18, 18], "selected_vocabulary": [["var_27", "var_22", "var_11", "var_21", "var_12", "var_28", "var_14", "var_26", "var_23", "var_32", "var_13", "var_7", "var_20", "var_6", "var_30", "var_2", "var_5", "var_4"], ["var_15", "var_22", "var_10", "var_23", "var_28", "var_12", "var_21", "var_30", "var_14", "var_13", "var_6", "var_32", "var_7", "var_26", "var_4", "var_2", "var_20", "var_5"], ["var_12", "var_6", "var_23", "var_3", "var_31", "var_26", "var_10", "var_7", "var_13", "var_15", "var_33", "var_30", "var_2", "var_4", "var_32", "var_28", "var_5", "var_20"], ["var_14", "var_6", "var_2", "var_31", "var_12", "var_25", "var_26", "var_22", "var_4", "var_13", "var_32", "var_33", "var_23", "var_28", "var_30", "var_5", "var_20", "var_7"], ["var_24", "var_14", "var_23", "var_21", "var_30", "var_33", "var_22", "var_15", "var_6", "var_13", "var_2", "var_7", "var_32", "var_5", "var_20", "var_28", "var_26", "var_4"]]}