{"classification_report_train": {"accuracy": {"mean": 0.9465861718352822, "std": 0.007371618340537589}, "0": {"precision_mean": 0.953347206465085, "precision_std": 0.004066072377713887, "recall_mean": 0.894891089108911, "recall_std": 0.016660647607700314, "f1-score_mean": 0.9228688696418935, "f1-score_std": 0.010270299923052471, "support_mean": 100.8, "support_std": 0.17888543819998318}, "1": {"precision_mean": 0.9434200985205978, "precision_std": 0.008381837912907385, "recall_mean": 0.9755555555555555, "recall_std": 0.001987615979999806, "f1-score_mean": 0.9591350641616753, "f1-score_std": 0.004840399194139557, "support_mean": 180.0, "support_std": 0.0}, "macro avg": {"precision_mean": 0.9483836524928414, "precision_std": 0.005613458237469977, "recall_mean": 0.9352233223322333, "recall_std": 0.008764439077448973, "f1-score_mean": 0.9410019669017846, "f1-score_std": 0.007554061584787874, "support_mean": 280.8, "support_std": 0.17888543819998318}, "weighted avg": {"precision_mean": 0.9469917877971786, "precision_std": 0.006325436889853533, "recall_mean": 0.9465861718352822, "recall_std": 0.006593375885450497, "f1-score_mean": 0.9461136914786554, "f1-score_std": 0.006793707339885225, "support_mean": 280.8, "support_std": 0.17888543819998318}}, "classification_report_test": {"accuracy": {"mean": 0.9231388329979879, "std": 0.017170300437486435}, "0": {"precision_mean": 0.9449463579898364, "precision_std": 0.015245856306887446, "recall_mean": 0.8335384615384616, "recall_std": 0.03048608179861676, "f1-score_mean": 0.8852007778134381, "f1-score_std": 0.02324363714058955, "support_mean": 25.2, "support_std": 0.17888543819998315}, "1": {"precision_mean": 0.91325421472937, "precision_std": 0.015555903277566304, "recall_mean": 0.9733333333333333, "recall_std": 0.007436978013636216, "f1-score_mean": 0.9422085121467415, "f1-score_std": 0.011479927873603602, "support_mean": 45.0, "support_std": 0.0}, "macro avg": {"precision_mean": 0.9291002863596031, "precision_std": 0.015112025079239205, "recall_mean": 0.9034358974358974, "recall_std": 0.018615948128631103, "f1-score_mean": 0.9137046449800896, "f1-score_std": 0.01735039282765014, "support_mean": 70.2, "support_std": 0.17888543819998318}, "weighted avg": {"precision_mean": 0.9246040025747775, "precision_std": 0.015171623911375687, "recall_mean": 0.9231388329979879, "recall_std": 0.015357583588925618, "f1-score_mean": 0.9217262136814519, "f1-score_std": 0.015703223364322543, "support_mean": 70.2, "support_std": 0.17888543819998318}}, "timing": {"extractor_fit": "0:00:00.052635", "filtered_features": "0:00:00.000363", "model_training_time": "0:00:00.001897"}, "n_words": [6, 6, 6, 6, 6], "selected_vocabulary": [["var_30", "var_20", "var_7", "var_6", "var_5", "var_4"], ["var_30", "var_26", "var_2", "var_4", "var_20", "var_5"], ["var_13", "var_32", "var_4", "var_5", "var_20", "var_28"], ["var_2", "var_33", "var_23", "var_28", "var_5", "var_7"], ["var_20", "var_5", "var_7", "var_26", "var_32", "var_4"]]}