{"classification_report_train": {"accuracy": {"mean": 0.9643823080833759, "std": 0.0025380549842928487}, "0": {"precision_mean": 0.9709985077801486, "precision_std": 0.0034187967883625627, "recall_mean": 0.9285544554455445, "recall_std": 0.005918480293074539, "f1-score_mean": 0.9492349848201915, "f1-score_std": 0.0033646765609606794, "support_mean": 100.8, "support_std": 0.17888543819998318}, "1": {"precision_mean": 0.961007910662642, "precision_std": 0.0030888788728799218, "recall_mean": 0.9844444444444445, "recall_std": 0.0018592445034090713, "f1-score_mean": 0.9725661411512911, "f1-score_std": 0.0017114603393300577, "support_mean": 180.0, "support_std": 0.0}, "macro avg": {"precision_mean": 0.9660032092213953, "precision_std": 0.0022100495484664064, "recall_mean": 0.9564994499449945, "recall_std": 0.0029743608267991605, "f1-score_mean": 0.9609005629857412, "f1-score_std": 0.0025371303946350038, "support_mean": 280.8, "support_std": 0.17888543819998318}, "weighted avg": {"precision_mean": 0.9645980081345762, "precision_std": 0.002244526866689959, "recall_mean": 0.9643823080833759, "recall_std": 0.002270105390204388, "f1-score_mean": 0.9641931387034306, "f1-score_std": 0.002296545634188328, "support_mean": 280.8, "support_std": 0.17888543819998318}}, "classification_report_test": {"accuracy": {"mean": 0.9373038229376258, "std": 0.01727556065461619}, "0": {"precision_mean": 0.9554157131960336, "precision_std": 0.012433742555789848, "recall_mean": 0.8649230769230769, "recall_std": 0.03692410254985795, "f1-score_mean": 0.9063098330241187, "f1-score_std": 0.02478591985661277, "support_mean": 25.2, "support_std": 0.17888543819998315}, "1": {"precision_mean": 0.9297183073044204, "precision_std": 0.017687977378831987, "recall_mean": 0.9777777777777776, "recall_std": 0.006285393610547083, "f1-score_mean": 0.9528029941073418, "f1-score_std": 0.011239054302278081, "support_mean": 45.0, "support_std": 0.0}, "macro avg": {"precision_mean": 0.9425670102502268, "precision_std": 0.013617379646066996, "recall_mean": 0.9213504273504274, "recall_std": 0.020101174438855972, "f1-score_mean": 0.9295564135657303, "f1-score_std": 0.017985191399109188, "support_mean": 70.2, "support_std": 0.17888543819998318}, "weighted avg": {"precision_mean": 0.9389360866892735, "precision_std": 0.014562618423909452, "recall_mean": 0.9373038229376258, "recall_std": 0.015451731189257027, "f1-score_mean": 0.9361321577743651, "f1-score_std": 0.016043240416283678, "support_mean": 70.2, "support_std": 0.17888543819998318}}, "timing": {"extractor_fit": "0:00:00.059432", "filtered_features": "0:00:00.000513", "model_training_time": "0:00:00.003342"}, "n_words": [31, 31, 31, 31, 31], "selected_vocabulary": [["var_10", "var_18", "var_0", "var_19", "var_9", "var_16", "var_25", "var_22", "var_33", "var_8", "var_31", "var_3", "var_15", "var_11", "var_27", "var_24", "var_21", "var_12", "var_28", "var_14", "var_23", "var_30", "var_13", "var_26", "var_7", "var_32", "var_6", "var_20", "var_2", "var_4", "var_5"], ["var_9", "var_11", "var_17", "var_29", "var_27", "var_19", "var_18", "var_31", "var_3", "var_25", "var_24", "var_8", "var_33", "var_10", "var_15", "var_22", "var_12", "var_21", "var_28", "var_23", "var_30", "var_13", "var_6", "var_32", "var_14", "var_7", "var_26", "var_2", "var_5", "var_20", "var_4"], ["var_19", "var_27", "var_25", "var_17", "var_18", "var_16", "var_24", "var_11", "var_8", "var_31", "var_14", "var_10", "var_22", "var_9", "var_6", "var_3", "var_23", "var_21", "var_26", "var_12", "var_15", "var_30", "var_7", "var_33", "var_13", "var_20", "var_5", "var_2", "var_32", "var_28", "var_4"], ["var_11", "var_29", "var_18", "var_9", "var_8", "var_21", "var_19", "var_16", "var_3", "var_14", "var_27", "var_15", "var_24", "var_31", "var_25", "var_17", "var_12", "var_22", "var_2", "var_6", "var_23", "var_33", "var_13", "var_26", "var_30", "var_20", "var_28", "var_5", "var_4", "var_32", "var_7"], ["var_29", "var_0", "var_10", "var_25", "var_8", "var_9", "var_19", "var_17", "var_11", "var_27", "var_31", "var_3", "var_14", "var_24", "var_12", "var_21", "var_22", "var_33", "var_30", "var_23", "var_15", "var_2", "var_6", "var_13", "var_5", "var_32", "var_20", "var_7", "var_28", "var_26", "var_4"]]}