{"classification_report_train": {"accuracy": {"mean": 0.9529944077275039, "std": 0.004820626714179845}, "0": {"precision_mean": 0.9700066495916898, "precision_std": 0.003546495450420419, "recall_mean": 0.8968316831683169, "recall_std": 0.011397411552585515, "f1-score_mean": 0.93179805394241, "f1-score_std": 0.006526137431638605, "support_mean": 100.8, "support_std": 0.17888543819998318}, "1": {"precision_mean": 0.9447399587110639, "precision_std": 0.0058627238796926055, "recall_mean": 0.9844444444444445, "recall_std": 0.0018592445034090713, "f1-score_mean": 0.9641347690085711, "f1-score_std": 0.00321485468747423, "support_mean": 180.0, "support_std": 0.0}, "macro avg": {"precision_mean": 0.9573733041513769, "precision_std": 0.0036591440928309495, "recall_mean": 0.9406380638063807, "recall_std": 0.005804436256789894, "f1-score_mean": 0.9479664114754904, "f1-score_std": 0.0048688223452118245, "support_mean": 280.8, "support_std": 0.17888543819998318}, "weighted avg": {"precision_mean": 0.9538071896869502, "precision_std": 0.004150358880296943, "recall_mean": 0.9529944077275039, "recall_std": 0.004311699610823033, "f1-score_mean": 0.952525640702591, "f1-score_std": 0.004405911911559945, "support_mean": 280.8, "support_std": 0.17888543819998318}}, "classification_report_test": {"accuracy": {"mean": 0.9146076458752516, "std": 0.02546695587875519}, "0": {"precision_mean": 0.9342392344497608, "precision_std": 0.016604200545181417, "recall_mean": 0.8178461538461539, "recall_std": 0.05460927376430755, "f1-score_mean": 0.8688484848484848, "f1-score_std": 0.036268400541926385, "support_mean": 25.2, "support_std": 0.17888543819998315}, "1": {"precision_mean": 0.907797785780979, "precision_std": 0.02676389255886607, "recall_mean": 0.9688888888888888, "recall_std": 0.007950463919999241, "f1-score_mean": 0.9365898345153664, "f1-score_std": 0.01662443806044857, "support_mean": 45.0, "support_std": 0.0}, "macro avg": {"precision_mean": 0.9210185101153698, "precision_std": 0.020251774185119496, "recall_mean": 0.8933675213675214, "recall_std": 0.02966096786737454, "f1-score_mean": 0.9027191596819257, "f1-score_std": 0.0264125440393518, "support_mean": 70.2, "support_std": 0.17888543819998318}, "weighted avg": {"precision_mean": 0.9172982747920922, "precision_std": 0.021896141164902606, "recall_mean": 0.9146076458752516, "recall_std": 0.022778337809953798, "f1-score_mean": 0.9122488006699123, "f1-score_std": 0.0236390041428633, "support_mean": 70.2, "support_std": 0.17888543819998318}}, "timing": {"extractor_fit": "0:00:00.134550", "filtered_features": "0:00:00.000531", "model_training_time": "0:00:00.002185"}, "n_words": [7, 7, 7, 7, 7], "selected_vocabulary": [["var_23", "var_27", "var_3", "var_5", "var_2", "var_26", "var_4"], ["var_6", "var_9", "var_7", "var_20", "var_2", "var_26", "var_4"], ["var_23", "var_17", "var_32", "var_21", "var_2", "var_26", "var_4"], ["var_6", "var_27", "var_23", "var_7", "var_26", "var_2", "var_4"], ["var_5", "var_32", "var_9", "var_3", "var_26", "var_2", "var_4"]]}