{"classification_report_train": {"accuracy": {"mean": 0.9252135231316727, "std": 0.002977916295193164}, "0": {"precision_mean": 0.9217701397684364, "precision_std": 0.0022792379026704297, "recall_mean": 0.8650693069306931, "recall_std": 0.006664677022315727, "f1-score_mean": 0.8924662520856701, "f1-score_std": 0.004141713078516632, "support_mean": 100.8, "support_std": 0.17888543819998318}, "1": {"precision_mean": 0.9270157481062418, "precision_std": 0.003348306544028826, "recall_mean": 0.9588888888888889, "recall_std": 0.0012171612389003648, "f1-score_mean": 0.9426682684672633, "f1-score_std": 0.0019570444210553145, "support_mean": 180.0, "support_std": 0.0}, "macro avg": {"precision_mean": 0.9243929439373388, "precision_std": 0.0024374129990987633, "recall_mean": 0.911979097909791, "recall_std": 0.003506184845597988, "f1-score_mean": 0.9175672602764668, "f1-score_std": 0.0030456033675189645, "support_mean": 280.8, "support_std": 0.17888543819998318}, "weighted avg": {"precision_mean": 0.9251305000948087, "precision_std": 0.0026392159175876247, "recall_mean": 0.9252135231316727, "recall_std": 0.002663529306942498, "f1-score_mean": 0.924647731223619, "f1-score_std": 0.0027378286936454123, "support_mean": 280.8, "support_std": 0.17888543819998318}}, "classification_report_test": {"accuracy": {"mean": 0.9117102615694165, "std": 0.01222661439446868}, "0": {"precision_mean": 0.9126152832674572, "precision_std": 0.0125797236678842, "recall_mean": 0.8335384615384616, "recall_std": 0.02043039851378217, "f1-score_mean": 0.8710631060935012, "f1-score_std": 0.016269909575927964, "support_mean": 25.2, "support_std": 0.17888543819998315}, "1": {"precision_mean": 0.9113398088189948, "precision_std": 0.010675270753764106, "recall_mean": 0.9555555555555555, "recall_std": 0.006285393610547083, "f1-score_mean": 0.9328642839161774, "f1-score_std": 0.008237324518051896, "support_mean": 45.0, "support_std": 0.0}, "macro avg": {"precision_mean": 0.911977546043226, "precision_std": 0.011207823283826489, "recall_mean": 0.8945470085470084, "recall_std": 0.012944503559472569, "f1-score_mean": 0.9019636950048392, "f1-score_std": 0.012249036494960633, "support_mean": 70.2, "support_std": 0.17888543819998318}, "weighted avg": {"precision_mean": 0.9118265006601153, "precision_std": 0.010955509664461573, "recall_mean": 0.9117102615694165, "recall_std": 0.010935816368283759, "f1-score_mean": 0.9106700413475404, "f1-score_std": 0.011124470251522429, "support_mean": 70.2, "support_std": 0.17888543819998318}}, "timing": {"extractor_fit": "0:00:00.054811", "filtered_features": "0:00:00.000414", "model_training_time": "0:00:00.002192"}, "n_words": [4, 4, 4, 4, 4], "selected_vocabulary": [["var_6", "var_20", "var_4", "var_5"], ["var_20", "var_6", "var_4", "var_5"], ["var_4", "var_2", "var_5", "var_28"], ["var_28", "var_13", "var_5", "var_7"], ["var_6", "var_5", "var_26", "var_4"]]}