{"classification_report_train": {"accuracy": {"mean": 0.9152516522623284, "std": 0.004519798834955349}, "0": {"precision_mean": 0.9710666062740296, "precision_std": 0.005108663206146923, "recall_mean": 0.7877821782178216, "recall_std": 0.013680161868277732, "f1-score_mean": 0.8693940476533193, "f1-score_std": 0.007226091593988292, "support_mean": 100.8, "support_std": 0.17888543819998318}, "1": {"precision_mean": 0.8927236975433075, "precision_std": 0.006125401345362708, "recall_mean": 0.9866666666666667, "recall_std": 0.0025337231668869854, "f1-score_mean": 0.9372577603703551, "f1-score_std": 0.0027745533472363568, "support_mean": 180.0, "support_std": 0.0}, "macro avg": {"precision_mean": 0.9318951519086685, "precision_std": 0.002521615692440653, "recall_mean": 0.8872244224422442, "recall_std": 0.006051666593549674, "f1-score_mean": 0.9033259040118372, "f1-score_std": 0.004989739766772957, "support_mean": 280.8, "support_std": 0.17888543819998318}, "weighted avg": {"precision_mean": 0.9208584031061322, "precision_std": 0.003142511726003413, "recall_mean": 0.9152516522623284, "recall_std": 0.0040426309758338054, "f1-score_mean": 0.9128901960390678, "f1-score_std": 0.004379587487649377, "support_mean": 280.8, "support_std": 0.17888543819998318}}, "classification_report_test": {"accuracy": {"mean": 0.9061167002012074, "std": 0.019234886298082707}, "0": {"precision_mean": 0.9645555555555557, "precision_std": 0.014058431853262988, "recall_mean": 0.771076923076923, "recall_std": 0.056391530691477156, "f1-score_mean": 0.849717449770606, "f1-score_std": 0.03112672856581701, "support_mean": 25.2, "support_std": 0.17888543819998315}, "1": {"precision_mean": 0.8883595148812541, "precision_std": 0.02560895959662894, "recall_mean": 0.9822222222222223, "recall_std": 0.007436978013636222, "f1-score_mean": 0.9315280137960551, "f1-score_std": 0.011724552094048605, "support_mean": 45.0, "support_std": 0.0}, "macro avg": {"precision_mean": 0.9264575352184048, "precision_std": 0.009795113491107926, "recall_mean": 0.8766495726495727, "recall_std": 0.02550966236233459, "f1-score_mean": 0.8906227317833306, "f1-score_std": 0.02141474292730574, "support_mean": 70.2, "support_std": 0.17888543819998318}, "weighted avg": {"precision_mean": 0.9159016347672196, "precision_std": 0.013572532611928126, "recall_mean": 0.9061167002012074, "recall_std": 0.017204205320796886, "f1-score_mean": 0.9020598833558078, "f1-score_std": 0.018781740032004557, "support_mean": 70.2, "support_std": 0.17888543819998318}}, "timing": {"extractor_fit": "0:00:00.001541", "filtered_features": "0:00:00.000454", "model_training_time": "0:00:00.002183"}, "n_words": [5, 5, 5, 5, 5], "selected_vocabulary": [["var_6", "var_0", "var_2", "var_4", "var_1"], ["var_0", "var_6", "var_4", "var_2", "var_1"], ["var_6", "var_4", "var_2", "var_0", "var_1"], ["var_6", "var_0", "var_4", "var_2", "var_1"], ["var_0", "var_6", "var_2", "var_4", "var_1"]]}