{"classification_report_train": {"accuracy": {"mean": 0.9601118454499238, "std": 0.0038055037313624316}, "0": {"precision_mean": 0.9726787206110515, "precision_std": 0.003584482472270845, "recall_mean": 0.9146930693069306, "recall_std": 0.010310182003999373, "f1-score_mean": 0.9425949063621346, "f1-score_std": 0.005256901578469664, "support_mean": 100.8, "support_std": 0.17888543819998318}, "1": {"precision_mean": 0.9539301042566116, "precision_std": 0.005236642767349085, "recall_mean": 0.9855555555555556, "recall_std": 0.001987615979999828, "f1-score_mean": 0.9694327006027368, "f1-score_std": 0.002509608020060792, "support_mean": 180.0, "support_std": 0.0}, "macro avg": {"precision_mean": 0.9633044124338316, "precision_std": 0.002640852159523182, "recall_mean": 0.9501243124312431, "recall_std": 0.00484823801388853, "f1-score_mean": 0.9560138034824357, "f1-score_std": 0.0038820111710436583, "support_mean": 280.8, "support_std": 0.17888543819998318}, "weighted avg": {"precision_mean": 0.9606681018813227, "precision_std": 0.003172407253948903, "recall_mean": 0.9601118454499238, "recall_std": 0.003403746012782198, "f1-score_mean": 0.9597993051696102, "f1-score_std": 0.003493663514292728, "support_mean": 280.8, "support_std": 0.17888543819998318}}, "classification_report_test": {"accuracy": {"mean": 0.9402012072434607, "std": 0.014530506757752335}, "0": {"precision_mean": 0.9565757575757574, "precision_std": 0.01144360548602331, "recall_mean": 0.8729230769230769, "recall_std": 0.030835620683854894, "f1-score_mean": 0.9116779193947082, "f1-score_std": 0.02028550073824877, "support_mean": 25.2, "support_std": 0.17888543819998315}, "1": {"precision_mean": 0.9332463768115942, "precision_std": 0.015073779206812056, "recall_mean": 0.9777777777777776, "recall_std": 0.006285393610547083, "f1-score_mean": 0.954730249942474, "f1-score_std": 0.009590957805648125, "support_mean": 45.0, "support_std": 0.0}, "macro avg": {"precision_mean": 0.9449110671936758, "precision_std": 0.011662266753225212, "recall_mean": 0.9253504273504273, "recall_std": 0.016765729702395756, "f1-score_mean": 0.9332040846685912, "f1-score_std": 0.01490834415073261, "support_mean": 70.2, "support_std": 0.17888543819998318}, "weighted avg": {"precision_mean": 0.9415515292015598, "precision_std": 0.012385750115601505, "recall_mean": 0.9402012072434607, "recall_std": 0.012996480343141716, "f1-score_mean": 0.9392763798883583, "f1-score_std": 0.013391341640034773, "support_mean": 70.2, "support_std": 0.17888543819998318}}, "timing": {"extractor_fit": "0:00:00.144237", "filtered_features": "0:00:00.000555", "model_training_time": "0:00:00.002803"}, "n_words": [25, 25, 25, 25, 25], "selected_vocabulary": [["var_14", "var_21", "var_22", "var_20", "var_15", "var_13", "var_30", "var_6", "var_32", "var_3", "var_12", "var_7", "var_29", "var_16", "var_11", "var_9", "var_33", "var_19", "var_5", "var_23", "var_27", "var_8", "var_2", "var_26", "var_4"], ["var_33", "var_15", "var_12", "var_32", "var_13", "var_23", "var_14", "var_19", "var_11", "var_28", "var_24", "var_3", "var_25", "var_17", "var_5", "var_27", "var_9", "var_21", "var_30", "var_31", "var_7", "var_4", "var_2", "var_26", "var_6"], ["var_19", "var_16", "var_30", "var_8", "var_28", "var_11", "var_24", "var_31", "var_22", "var_29", "var_15", "var_25", "var_17", "var_23", "var_0", "var_27", "var_5", "var_33", "var_3", "var_6", "var_14", "var_7", "var_2", "var_26", "var_4"], ["var_18", "var_32", "var_31", "var_30", "var_14", "var_28", "var_3", "var_22", "var_5", "var_10", "var_16", "var_17", "var_9", "var_24", "var_21", "var_33", "var_7", "var_8", "var_20", "var_11", "var_27", "var_25", "var_2", "var_26", "var_4"], ["var_24", "var_16", "var_30", "var_19", "var_10", "var_29", "var_15", "var_33", "var_11", "var_23", "var_25", "var_32", "var_21", "var_20", "var_8", "var_28", "var_5", "var_7", "var_3", "var_27", "var_9", "var_2", "var_26", "var_6", "var_4"]]}