{"classification_report_train": {"accuracy": {"mean": 0.8718022369089985, "std": 0.004860223100524171}, "0": {"precision_mean": 0.9556612083568605, "precision_std": 0.0062539582468569, "recall_mean": 0.6746732673267327, "recall_std": 0.01490594371791845, "f1-score_mean": 0.7902757883345761, "f1-score_std": 0.009135628530816632, "support_mean": 100.8, "support_std": 0.17888543819998318}, "1": {"precision_mean": 0.8437761639186224, "precision_std": 0.005903687117869038, "recall_mean": 0.9822222222222223, "recall_std": 0.0028974232912011874, "f1-score_mean": 0.9076546219753725, "f1-score_std": 0.0027575889056982435, "support_mean": 180.0, "support_std": 0.0}, "macro avg": {"precision_mean": 0.8997186861377415, "precision_std": 0.0028193393748700253, "recall_mean": 0.8284477447744776, "recall_std": 0.006535997424515556, "f1-score_mean": 0.8489652051549743, "f1-score_std": 0.005928709026518283, "support_mean": 280.8, "support_std": 0.17888543819998318}, "weighted avg": {"precision_mean": 0.8839507492489037, "precision_std": 0.003089632544336218, "recall_mean": 0.8718022369089985, "recall_std": 0.004347115695434735, "f1-score_mean": 0.8655121390290219, "f1-score_std": 0.005052931406823325, "support_mean": 280.8, "support_std": 0.17888543819998318}}, "classification_report_test": {"accuracy": {"mean": 0.8519114688128774, "std": 0.026473322640238255}, "0": {"precision_mean": 0.971304347826087, "precision_std": 0.017633101712190014, "recall_mean": 0.6116923076923075, "recall_std": 0.07544625423509445, "f1-score_mean": 0.7344611528822055, "f1-score_std": 0.05207168477347857, "support_mean": 25.2, "support_std": 0.17888543819998315}, "1": {"precision_mean": 0.825023516237402, "precision_std": 0.029484268122853555, "recall_mean": 0.9866666666666667, "recall_std": 0.007950463919999245, "f1-score_mean": 0.8967267273041939, "f1-score_std": 0.015004543736839276, "support_mean": 45.0, "support_std": 0.0}, "macro avg": {"precision_mean": 0.8981639320317445, "precision_std": 0.011334011506470894, "recall_mean": 0.7991794871794872, "recall_std": 0.03497592630854918, "f1-score_mean": 0.8155939400931999, "f1-score_std": 0.033416462052801306, "support_mean": 70.2, "support_std": 0.17888543819998318}, "weighted avg": {"precision_mean": 0.8776479051533016, "precision_std": 0.015624071617370632, "recall_mean": 0.8519114688128774, "recall_std": 0.023678459605542778, "f1-score_mean": 0.8384445198455183, "f1-score_std": 0.028162197767545263, "support_mean": 70.2, "support_std": 0.17888543819998318}}, "timing": {"extractor_fit": "0:00:00.001262", "filtered_features": "0:00:00.000381", "model_training_time": "0:00:00.002020"}, "n_words": [3, 3, 3, 3, 3], "selected_vocabulary": [["var_2", "var_4", "var_1"], ["var_4", "var_2", "var_1"], ["var_2", "var_0", "var_1"], ["var_4", "var_2", "var_1"], ["var_2", "var_4", "var_1"]]}