{"classification_report_train": {"accuracy": {"mean": 0.964387391967463, "std": 0.0011256527618446596}, "0": {"precision_mean": 0.9790711566026549, "precision_std": 0.004037443449870655, "recall_mean": 0.9206336633663366, "recall_std": 0.004852543832760073, "f1-score_mean": 0.948859426127445, "f1-score_std": 0.0015170552284837044, "support_mean": 100.8, "support_std": 0.17888543819998318}, "1": {"precision_mean": 0.9570428875943238, "precision_std": 0.0024644447779723334, "recall_mean": 0.9888888888888889, "recall_std": 0.0022222222222222365, "f1-score_mean": 0.9726798789620673, "f1-score_std": 0.0007579410624712033, "support_mean": 180.0, "support_std": 0.0}, "macro avg": {"precision_mean": 0.9680570220984892, "precision_std": 0.0012971791403935016, "recall_mean": 0.9547612761276127, "recall_std": 0.0016495221336631618, "f1-score_mean": 0.9607696525447562, "f1-score_std": 0.0011314274397095376, "support_mean": 280.8, "support_std": 0.17888543819998318}, "weighted avg": {"precision_mean": 0.9649505771965815, "precision_std": 0.000998473109426647, "recall_mean": 0.964387391967463, "recall_std": 0.0010068144378180162, "f1-score_mean": 0.9641291628637273, "f1-score_std": 0.0010243474447077312, "support_mean": 280.8, "support_std": 0.17888543819998318}}, "classification_report_test": {"accuracy": {"mean": 0.9486921529175051, "std": 0.018420300611728106}, "0": {"precision_mean": 0.9726190476190476, "precision_std": 0.01680217025178795, "recall_mean": 0.8809230769230769, "recall_std": 0.0357866128154752, "f1-score_mean": 0.9233362910381544, "f1-score_std": 0.025232866113422396, "support_mean": 25.2, "support_std": 0.17888543819998315}, "1": {"precision_mean": 0.9379880212954748, "precision_std": 0.018140368577165982, "recall_mean": 0.9866666666666667, "recall_std": 0.007950463919999247, "f1-score_mean": 0.9614230656097507, "f1-score_std": 0.012231727897365206, "support_mean": 45.0, "support_std": 0.0}, "macro avg": {"precision_mean": 0.9553035344572611, "precision_std": 0.015890871794433443, "recall_mean": 0.9337948717948719, "recall_std": 0.02064200914292609, "f1-score_mean": 0.9423796783239526, "f1-score_std": 0.018727741621112782, "support_mean": 70.2, "support_std": 0.17888543819998318}, "weighted avg": {"precision_mean": 0.9504694240569117, "precision_std": 0.01624743763357995, "recall_mean": 0.9486921529175051, "recall_std": 0.016475617733522, "f1-score_mean": 0.9477681918286438, "f1-score_std": 0.016864456776278163, "support_mean": 70.2, "support_std": 0.17888543819998318}}, "timing": {"extractor_fit": "0:00:00.247615", "filtered_features": "0:00:00.000534", "model_training_time": "0:00:00.002554"}, "n_words": [19, 19, 19, 19, 19], "selected_vocabulary": [["var_16", "var_6", "var_33", "var_7", "var_10", "var_19", "var_9", "var_11", "var_8", "var_23", "var_21", "var_3", "var_25", "var_30", "var_5", "var_27", "var_2", "var_26", "var_4"], ["var_14", "var_11", "var_18", "var_33", "var_30", "var_32", "var_8", "var_9", "var_21", "var_20", "var_5", "var_7", "var_17", "var_3", "var_6", "var_27", "var_2", "var_26", "var_4"], ["var_8", "var_15", "var_32", "var_14", "var_22", "var_20", "var_7", "var_23", "var_33", "var_27", "var_30", "var_5", "var_6", "var_9", "var_29", "var_21", "var_2", "var_26", "var_4"], ["var_22", "var_30", "var_33", "var_23", "var_10", "var_11", "var_25", "var_21", "var_13", "var_5", "var_27", "var_8", "var_7", "var_3", "var_6", "var_20", "var_2", "var_4", "var_26"], ["var_13", "var_3", "var_23", "var_22", "var_24", "var_19", "var_32", "var_33", "var_15", "var_9", "var_7", "var_21", "var_27", "var_30", "var_5", "var_8", "var_2", "var_26", "var_4"]]}