{"classification_report_train": {"accuracy": {"mean": 0.9686578546009151, "std": 0.0020882637924291604}, "0": {"precision_mean": 0.9772252491549404, "precision_std": 0.0016882534619693773, "recall_mean": 0.9344950495049504, "recall_std": 0.0060805687514849235, "f1-score_mean": 0.955314408299871, "f1-score_std": 0.00283259068503181, "support_mean": 100.8, "support_std": 0.17888543819998318}, "1": {"precision_mean": 0.9642691449883412, "precision_std": 0.0031580703785758454, "recall_mean": 0.9877777777777779, "recall_std": 0.0009938079899999227, "f1-score_mean": 0.9758628925879937, "f1-score_std": 0.001389535850365304, "support_mean": 180.0, "support_std": 0.0}, "macro avg": {"precision_mean": 0.9707471970716408, "precision_std": 0.001345285392727906, "recall_mean": 0.9611364136413642, "recall_std": 0.002777132493751953, "f1-score_mean": 0.9655886504439325, "f1-score_std": 0.0021103728460274, "support_mean": 280.8, "support_std": 0.17888543819998318}, "weighted avg": {"precision_mean": 0.968916020893037, "precision_std": 0.001786427455243939, "recall_mean": 0.9686578546009151, "recall_std": 0.0018677999179292453, "f1-score_mean": 0.9684882221238048, "f1-score_std": 0.0019022921759822033, "support_mean": 280.8, "support_std": 0.17888543819998318}}, "classification_report_test": {"accuracy": {"mean": 0.9401609657947686, "std": 0.015261353883157264}, "0": {"precision_mean": 0.9816666666666667, "precision_std": 0.010110500592068736, "recall_mean": 0.8492307692307692, "recall_std": 0.036448228664519, "f1-score_mean": 0.90862296433725, "f1-score_std": 0.02204825133840101, "support_mean": 25.2, "support_std": 0.17888543819998315}, "1": {"precision_mean": 0.9231005793621797, "precision_std": 0.01755000283052005, "recall_mean": 0.9911111111111112, "recall_std": 0.0048686449556014835, "f1-score_mean": 0.9554613108056558, "f1-score_std": 0.00987014981898604, "support_mean": 45.0, "support_std": 0.0}, "macro avg": {"precision_mean": 0.952383623014423, "precision_std": 0.010853838873044155, "recall_mean": 0.9201709401709401, "recall_std": 0.018607777871801904, "f1-score_mean": 0.9320421375714529, "f1-score_std": 0.015949118329044876, "support_mean": 70.2, "support_std": 0.17888543819998318}, "weighted avg": {"precision_mean": 0.9441648648436718, "precision_std": 0.012432007367205077, "recall_mean": 0.9401609657947686, "recall_std": 0.01365016988456801, "f1-score_mean": 0.938659482584727, "f1-score_std": 0.014204919348650775, "support_mean": 70.2, "support_std": 0.17888543819998318}}, "timing": {"extractor_fit": "0:00:00.234493", "filtered_features": "0:00:00.004971", "model_training_time": "0:00:00.002647"}, "n_words": [21, 21, 21, 21, 21], "selected_vocabulary": [["var_22", "var_7", "var_12", "var_30", "var_3", "var_33", "var_10", "var_25", "var_20", "var_14", "var_11", "var_19", "var_16", "var_21", "var_27", "var_8", "var_5", "var_23", "var_26", "var_2", "var_4"], ["var_25", "var_13", "var_20", "var_15", "var_19", "var_24", "var_23", "var_3", "var_17", "var_11", "var_31", "var_5", "var_21", "var_10", "var_9", "var_6", "var_7", "var_32", "var_4", "var_26", "var_2"], ["var_32", "var_30", "var_31", "var_11", "var_21", "var_28", "var_19", "var_9", "var_8", "var_25", "var_29", "var_5", "var_23", "var_33", "var_3", "var_22", "var_7", "var_27", "var_2", "var_26", "var_4"], ["var_15", "var_33", "var_31", "var_30", "var_17", "var_24", "var_13", "var_23", "var_8", "var_20", "var_7", "var_3", "var_25", "var_2", "var_28", "var_5", "var_19", "var_6", "var_21", "var_26", "var_4"], ["var_20", "var_10", "var_9", "var_19", "var_23", "var_8", "var_11", "var_16", "var_24", "var_32", "var_13", "var_7", "var_30", "var_27", "var_21", "var_3", "var_6", "var_5", "var_2", "var_26", "var_4"]]}