{"classification_report_train": {"accuracy": {"mean": 0.9629639044229791, "std": 0.0008616396165062662}, "0": {"precision_mean": 0.9830196925387684, "precision_std": 0.0036714567842113443, "recall_mean": 0.9127128712871289, "recall_std": 0.00323998158006385, "f1-score_mean": 0.9465056885275283, "f1-score_std": 0.0010793989820980152, "support_mean": 100.8, "support_std": 0.17888543819998318}, "1": {"precision_mean": 0.9530182540614935, "precision_std": 0.0016306603622608666, "recall_mean": 0.9911111111111112, "recall_std": 0.001987615979999823, "f1-score_mean": 0.9716764970274216, "f1-score_std": 0.0006048005940037527, "support_mean": 180.0, "support_std": 0.0}, "macro avg": {"precision_mean": 0.968018973300131, "precision_std": 0.0012961972322332058, "recall_mean": 0.9519119911991198, "recall_std": 0.0010034759462614487, "f1-score_mean": 0.9590910927774751, "f1-score_std": 0.0008368839457705896, "support_mean": 280.8, "support_std": 0.17888543819998318}, "weighted avg": {"precision_mean": 0.9637917447895994, "precision_std": 0.00081252047164126, "recall_mean": 0.9629639044229791, "recall_std": 0.0007706739018459443, "f1-score_mean": 0.962640421775372, "f1-score_std": 0.0007740822724074448, "support_mean": 280.8, "support_std": 0.17888543819998318}}, "classification_report_test": {"accuracy": {"mean": 0.9429778672032192, "std": 0.019189159176496884}, "0": {"precision_mean": 0.9816666666666667, "precision_std": 0.010110500592068736, "recall_mean": 0.8569230769230769, "recall_std": 0.046198952317842365, "f1-score_mean": 0.9118409534356378, "f1-score_std": 0.027810164299676927, "support_mean": 25.2, "support_std": 0.17888543819998315}, "1": {"precision_mean": 0.9278812709030101, "precision_std": 0.022192210805203484, "recall_mean": 0.9911111111111112, "recall_std": 0.0048686449556014835, "f1-score_mean": 0.9577851487073827, "f1-score_std": 0.012416251136129002, "support_mean": 45.0, "support_std": 0.0}, "macro avg": {"precision_mean": 0.9547739687848382, "precision_std": 0.013141283221513254, "recall_mean": 0.9240170940170941, "recall_std": 0.02354898001581447, "f1-score_mean": 0.9348130510715104, "f1-score_std": 0.02009459895337742, "support_mean": 70.2, "support_std": 0.17888543819998318}, "weighted avg": {"precision_mean": 0.9472035198930484, "precision_std": 0.015466408705839036, "recall_mean": 0.9429778672032192, "recall_std": 0.017163305739884366, "f1-score_mean": 0.9413240532476512, "f1-score_std": 0.017885555455296926, "support_mean": 70.2, "support_std": 0.17888543819998318}}, "timing": {"extractor_fit": "0:00:00.182515", "filtered_features": "0:00:00.000556", "model_training_time": "0:00:00.002627"}, "n_words": [17, 17, 17, 17, 17], "selected_vocabulary": [["var_14", "var_22", "var_19", "var_20", "var_11", "var_3", "var_6", "var_23", "var_5", "var_25", "var_27", "var_33", "var_21", "var_30", "var_26", "var_4", "var_2"], ["var_24", "var_9", "var_7", "var_10", "var_22", "var_8", "var_17", "var_27", "var_32", "var_6", "var_21", "var_25", "var_5", "var_3", "var_26", "var_4", "var_2"], ["var_30", "var_20", "var_25", "var_0", "var_22", "var_5", "var_15", "var_17", "var_9", "var_7", "var_33", "var_27", "var_21", "var_3", "var_2", "var_26", "var_4"], ["var_27", "var_22", "var_24", "var_23", "var_15", "var_8", "var_12", "var_3", "var_29", "var_5", "var_21", "var_7", "var_25", "var_20", "var_2", "var_4", "var_26"], ["var_22", "var_11", "var_33", "var_7", "var_16", "var_23", "var_29", "var_19", "var_27", "var_21", "var_6", "var_8", "var_5", "var_3", "var_2", "var_26", "var_4"]]}