{"classification_report_train": {"accuracy": {"mean": 0.9558337569903406, "std": 0.003327056459763201}, "0": {"precision_mean": 0.9681895609262101, "precision_std": 0.003081829503065294, "recall_mean": 0.9067128712871287, "recall_std": 0.006733162474946532, "f1-score_mean": 0.9363950095162561, "f1-score_std": 0.004479069699266804, "support_mean": 100.8, "support_std": 0.17888543819998318}, "1": {"precision_mean": 0.9496213830018622, "precision_std": 0.003456193588463229, "recall_mean": 0.9833333333333334, "recall_std": 0.0015713484026367824, "f1-score_mean": 0.9661704844744399, "f1-score_std": 0.0022246451221348326, "support_mean": 180.0, "support_std": 0.0}, "macro avg": {"precision_mean": 0.9589054719640362, "precision_std": 0.002833071521724032, "recall_mean": 0.945023102310231, "recall_std": 0.003777881059845138, "f1-score_mean": 0.951282746995348, "f1-score_std": 0.003351483368886064, "support_mean": 280.8, "support_std": 0.17888543819998318}, "weighted avg": {"precision_mean": 0.956288119297471, "precision_std": 0.0029344035962011166, "recall_mean": 0.9558337569903406, "recall_std": 0.0029758097636041246, "f1-score_mean": 0.9554851274078148, "f1-score_std": 0.0030239424153709086, "support_mean": 280.8, "support_std": 0.17888543819998318}}, "classification_report_test": {"accuracy": {"mean": 0.9402012072434607, "std": 0.018814695572722646}, "0": {"precision_mean": 0.963353789612371, "precision_std": 0.008361687402560795, "recall_mean": 0.8652307692307692, "recall_std": 0.04159563017558626, "f1-score_mean": 0.9097067066671929, "f1-score_std": 0.026662004159228033, "support_mean": 25.2, "support_std": 0.17888543819998315}, "1": {"precision_mean": 0.9305200341005968, "precision_std": 0.020475182892940594, "recall_mean": 0.9822222222222221, "recall_std": 0.003975231959999631, "f1-score_mean": 0.9552345503958406, "f1-score_std": 0.012316748697673349, "support_mean": 45.0, "support_std": 0.0}, "macro avg": {"precision_mean": 0.9469369118564839, "precision_std": 0.014021485654973596, "recall_mean": 0.9237264957264957, "recall_std": 0.022279972298174487, "f1-score_mean": 0.932470628531517, "f1-score_std": 0.01946661012912785, "support_mean": 70.2, "support_std": 0.17888543819998318}, "weighted avg": {"precision_mean": 0.9423185475182171, "precision_std": 0.01581445761968541, "recall_mean": 0.9402012072434607, "recall_std": 0.01682837531062887, "f1-score_mean": 0.9388871823882861, "f1-score_std": 0.01742687910283855, "support_mean": 70.2, "support_std": 0.17888543819998318}}, "timing": {"extractor_fit": "0:00:00.001679", "filtered_features": "0:00:00.000476", "model_training_time": "0:00:00.002778"}, "n_words": [25, 25, 25, 25, 25], "selected_vocabulary": [["var_3", "var_9", "var_17", "var_15", "var_21", "var_10", "var_14", "var_26", "var_24", "var_12", "var_11", "var_22", "var_5", "var_7", "var_20", "var_28", "var_13", "var_8", "var_32", "var_30", "var_6", "var_0", "var_2", "var_4", "var_1"], ["var_21", "var_18", "var_9", "var_3", "var_5", "var_10", "var_15", "var_22", "var_17", "var_12", "var_11", "var_28", "var_20", "var_24", "var_14", "var_7", "var_13", "var_30", "var_32", "var_8", "var_0", "var_6", "var_4", "var_2", "var_1"], ["var_16", "var_18", "var_21", "var_9", "var_24", "var_5", "var_3", "var_12", "var_15", "var_13", "var_7", "var_11", "var_20", "var_10", "var_14", "var_22", "var_32", "var_28", "var_30", "var_8", "var_6", "var_4", "var_2", "var_0", "var_1"], ["var_17", "var_16", "var_11", "var_18", "var_5", "var_3", "var_13", "var_21", "var_15", "var_10", "var_12", "var_7", "var_14", "var_22", "var_32", "var_24", "var_20", "var_8", "var_30", "var_28", "var_6", "var_0", "var_4", "var_2", "var_1"], ["var_16", "var_17", "var_11", "var_15", "var_13", "var_26", "var_18", "var_5", "var_9", "var_24", "var_10", "var_28", "var_20", "var_32", "var_7", "var_12", "var_22", "var_14", "var_30", "var_8", "var_0", "var_6", "var_2", "var_4", "var_1"]]}