{"classification_report_train": {"accuracy": {"mean": 0.9430325368581597, "std": 0.007699030520357415}, "0": {"precision_mean": 0.9649589510759318, "precision_std": 0.0015087681212010565, "recall_mean": 0.8731287128712871, "recall_std": 0.02019335220771832, "f1-score_mean": 0.9161086893978769, "f1-score_std": 0.01105181068515735, "support_mean": 100.8, "support_std": 0.17888543819998318}, "1": {"precision_mean": 0.933058528366883, "precision_std": 0.009981019322891183, "recall_mean": 0.9822222222222221, "recall_std": 0.000993807989999903, "f1-score_mean": 0.9568543573747899, "f1-score_std": 0.004975062644815503, "support_mean": 180.0, "support_std": 0.0}, "macro avg": {"precision_mean": 0.9490087397214075, "precision_std": 0.004828019395750667, "recall_mean": 0.9276754675467547, "recall_std": 0.00979136098932612, "f1-score_mean": 0.9364815233863334, "f1-score_std": 0.008012833100605049, "support_mean": 280.8, "support_std": 0.17888543819998318}, "weighted avg": {"precision_mean": 0.944525882727763, "precision_std": 0.006259934513418565, "recall_mean": 0.9430325368581597, "recall_std": 0.006886222241745903, "f1-score_mean": 0.9422208005980519, "f1-score_std": 0.007164591420011956, "support_mean": 280.8, "support_std": 0.17888543819998318}}, "classification_report_test": {"accuracy": {"mean": 0.93158953722334, "std": 0.019921447785629435}, "0": {"precision_mean": 0.9649267399267399, "precision_std": 0.015665283879569263, "recall_mean": 0.8412307692307692, "recall_std": 0.05060841663517567, "f1-score_mean": 0.8942890199558085, "f1-score_std": 0.029482346872924635, "support_mean": 25.2, "support_std": 0.17888543819998315}, "1": {"precision_mean": 0.9202993420501917, "precision_std": 0.024142026669972085, "recall_mean": 0.9822222222222223, "recall_std": 0.007436978013636222, "f1-score_mean": 0.9493009568894955, "f1-score_std": 0.012773202672056274, "support_mean": 45.0, "support_std": 0.0}, "macro avg": {"precision_mean": 0.9426130409884659, "precision_std": 0.014035365614168972, "recall_mean": 0.9117264957264958, "recall_std": 0.024915107820480877, "f1-score_mean": 0.9217949884226521, "f1-score_std": 0.02109137484291802, "support_mean": 70.2, "support_std": 0.17888543819998318}, "weighted avg": {"precision_mean": 0.9363855241645629, "precision_std": 0.016235951297751496, "recall_mean": 0.93158953722334, "recall_std": 0.01781828458355203, "f1-score_mean": 0.9295799892166805, "f1-score_std": 0.01869272978321735, "support_mean": 70.2, "support_std": 0.17888543819998318}}, "timing": {"extractor_fit": "0:00:00.001398", "filtered_features": "0:00:00.000458", "model_training_time": "0:00:00.002374"}, "n_words": [13, 13, 13, 13, 13], "selected_vocabulary": [["var_5", "var_7", "var_20", "var_28", "var_13", "var_8", "var_32", "var_30", "var_6", "var_0", "var_2", "var_4", "var_1"], ["var_20", "var_24", "var_14", "var_7", "var_13", "var_30", "var_32", "var_8", "var_0", "var_6", "var_4", "var_2", "var_1"], ["var_20", "var_10", "var_14", "var_22", "var_32", "var_28", "var_30", "var_8", "var_6", "var_4", "var_2", "var_0", "var_1"], ["var_14", "var_22", "var_32", "var_24", "var_20", "var_8", "var_30", "var_28", "var_6", "var_0", "var_4", "var_2", "var_1"], ["var_20", "var_32", "var_7", "var_12", "var_22", "var_14", "var_30", "var_8", "var_0", "var_6", "var_2", "var_4", "var_1"]]}