{"classification_report_train": {"accuracy": {"mean": 0.9679435688866296, "std": 0.0025362429758214304}, "0": {"precision_mean": 0.9812167994469858, "precision_std": 0.0033562202826237157, "recall_mean": 0.9285346534653465, "recall_std": 0.006606410696286656, "f1-score_mean": 0.9540595864212362, "f1-score_std": 0.0034155798718805545, "support_mean": 100.8, "support_std": 0.17888543819998318}, "1": {"precision_mean": 0.9612350392995553, "precision_std": 0.003402623570150874, "recall_mean": 0.99, "recall_std": 0.0018592445034090659, "f1-score_mean": 0.9753808306232565, "f1-score_std": 0.0016962543734120633, "support_mean": 180.0, "support_std": 0.0}, "macro avg": {"precision_mean": 0.9712259193732706, "precision_std": 0.002053466709749426, "recall_mean": 0.9592673267326732, "recall_std": 0.0031328847829537095, "f1-score_mean": 0.9647202085222464, "f1-score_std": 0.002554532328678623, "support_mean": 280.8, "support_std": 0.17888543819998318}, "weighted avg": {"precision_mean": 0.9684049141114117, "precision_std": 0.0022055260103642153, "recall_mean": 0.9679435688866296, "recall_std": 0.0022684846805572294, "f1-score_mean": 0.9677296868556511, "f1-score_std": 0.0023049223157932414, "support_mean": 280.8, "support_std": 0.17888543819998318}}, "classification_report_test": {"accuracy": {"mean": 0.934486921529175, "std": 0.017246007949372855}, "0": {"precision_mean": 0.9629208891794704, "precision_std": 0.008461264165089535, "recall_mean": 0.8492307692307692, "recall_std": 0.038163770421448986, "f1-score_mean": 0.9008147132370734, "f1-score_std": 0.02486743869227063, "support_mean": 25.2, "support_std": 0.17888543819998315}, "1": {"precision_mean": 0.9224307114150008, "precision_std": 0.01841049380726299, "recall_mean": 0.9822222222222221, "recall_std": 0.003975231959999631, "f1-score_mean": 0.951023478923273, "f1-score_std": 0.011177261376899212, "support_mean": 45.0, "support_std": 0.0}, "macro avg": {"precision_mean": 0.9426758002972354, "precision_std": 0.012859666394636466, "recall_mean": 0.9157264957264957, "recall_std": 0.02042791545190029, "f1-score_mean": 0.9259190960801733, "f1-score_std": 0.018004786763755193, "support_mean": 70.2, "support_std": 0.17888543819998318}, "weighted avg": {"precision_mean": 0.9369636613514409, "precision_std": 0.014375416324771899, "recall_mean": 0.934486921529175, "recall_std": 0.015425298446119782, "f1-score_mean": 0.9330043530737356, "f1-score_std": 0.01605316973956938, "support_mean": 70.2, "support_std": 0.17888543819998318}}, "timing": {"extractor_fit": "0:00:00.154589", "filtered_features": "0:00:00.000520", "model_training_time": "0:00:00.002642"}, "n_words": [23, 23, 23, 23, 23], "selected_vocabulary": [["var_10", "var_18", "var_11", "var_29", "var_28", "var_14", "var_6", "var_27", "var_33", "var_22", "var_16", "var_19", "var_9", "var_3", "var_8", "var_30", "var_25", "var_5", "var_21", "var_23", "var_26", "var_2", "var_4"], ["var_27", "var_33", "var_28", "var_11", "var_25", "var_12", "var_15", "var_16", "var_13", "var_17", "var_21", "var_31", "var_5", "var_24", "var_20", "var_32", "var_9", "var_7", "var_2", "var_3", "var_6", "var_26", "var_4"], ["var_20", "var_6", "var_30", "var_19", "var_9", "var_23", "var_7", "var_22", "var_25", "var_28", "var_29", "var_14", "var_11", "var_33", "var_13", "var_21", "var_5", "var_3", "var_27", "var_32", "var_2", "var_26", "var_4"], ["var_22", "var_15", "var_33", "var_19", "var_18", "var_10", "var_32", "var_7", "var_3", "var_13", "var_29", "var_28", "var_25", "var_27", "var_9", "var_5", "var_20", "var_23", "var_8", "var_21", "var_2", "var_26", "var_4"], ["var_33", "var_15", "var_30", "var_17", "var_27", "var_25", "var_29", "var_12", "var_11", "var_21", "var_22", "var_5", "var_8", "var_23", "var_28", "var_3", "var_7", "var_19", "var_9", "var_6", "var_2", "var_26", "var_4"]]}