{"classification_report_train": {"accuracy": {"mean": 0.9608312150482969, "std": 0.003721563756219476}, "0": {"precision_mean": 0.9808172636035619, "precision_std": 0.0017821781098912776, "recall_mean": 0.9087722772277228, "recall_std": 0.010570607891737487, "f1-score_mean": 0.9432197486030776, "f1-score_std": 0.005164559950543173, "support_mean": 100.8, "support_std": 0.17888543819998318}, "1": {"precision_mean": 0.9510808360203521, "precision_std": 0.0053653978322226676, "recall_mean": 0.99, "recall_std": 0.000993807989999903, "f1-score_mean": 0.9700995532459181, "f1-score_std": 0.0024482207799300846, "support_mean": 180.0, "support_std": 0.0}, "macro avg": {"precision_mean": 0.9659490498119571, "precision_std": 0.002116131311548363, "recall_mean": 0.9493861386138616, "recall_std": 0.004900646373572833, "f1-score_mean": 0.9566596509244979, "f1-score_std": 0.003805715668381717, "support_mean": 280.8, "support_std": 0.17888543819998318}, "weighted avg": {"precision_mean": 0.9617613381127244, "precision_std": 0.0029946180693376507, "recall_mean": 0.9608312150482969, "recall_std": 0.003328667816602482, "f1-score_mean": 0.9604479644295625, "f1-score_std": 0.0034279983060602494, "support_mean": 280.8, "support_std": 0.17888543819998318}}, "classification_report_test": {"accuracy": {"mean": 0.9288128772635815, "std": 0.013491001939934626}, "0": {"precision_mean": 0.9495421245421245, "precision_std": 0.021344816124328533, "recall_mean": 0.8489230769230769, "recall_std": 0.026527288617951856, "f1-score_mean": 0.8949073905992103, "f1-score_std": 0.018444980138185785, "support_mean": 25.2, "support_std": 0.17888543819998315}, "1": {"precision_mean": 0.9209812185743862, "precision_std": 0.012672753648396833, "recall_mean": 0.9733333333333333, "recall_std": 0.011589693164804703, "f1-score_mean": 0.9460740547848159, "f1-score_std": 0.00904432224742054, "support_mean": 45.0, "support_std": 0.0}, "macro avg": {"precision_mean": 0.9352616715582555, "precision_std": 0.01336608287459497, "recall_mean": 0.911128205128205, "recall_std": 0.014469545781808693, "f1-score_mean": 0.9204907226920132, "f1-score_std": 0.013680575930788596, "support_mean": 70.2, "support_std": 0.17888543819998318}, "weighted avg": {"precision_mean": 0.9310933204967755, "precision_std": 0.01214991406801864, "recall_mean": 0.9288128772635815, "recall_std": 0.012066718968910142, "f1-score_mean": 0.9277120245095822, "f1-score_std": 0.012353675776998163, "support_mean": 70.2, "support_std": 0.17888543819998318}}, "timing": {"extractor_fit": "0:00:00.137295", "filtered_features": "0:00:00.000508", "model_training_time": "0:00:00.002194"}, "n_words": [11, 11, 11, 11, 11], "selected_vocabulary": [["var_21", "var_22", "var_20", "var_7", "var_5", "var_27", "var_6", "var_23", "var_26", "var_2", "var_4"], ["var_32", "var_7", "var_16", "var_9", "var_27", "var_5", "var_3", "var_26", "var_2", "var_6", "var_4"], ["var_6", "var_8", "var_14", "var_20", "var_27", "var_3", "var_7", "var_21", "var_26", "var_4", "var_2"], ["var_15", "var_29", "var_22", "var_24", "var_5", "var_21", "var_8", "var_27", "var_2", "var_26", "var_4"], ["var_5", "var_21", "var_30", "var_3", "var_11", "var_6", "var_27", "var_7", "var_2", "var_26", "var_4"]]}