{"classification_report_train": {"accuracy": {"mean": 0.9672369089984748, "std": 0.0023589728905203436}, "0": {"precision_mean": 0.983239982311804, "precision_std": 0.0036240446442888257, "recall_mean": 0.9245940594059405, "recall_std": 0.006028758319083179, "f1-score_mean": 0.9529299464756186, "f1-score_std": 0.0031337726157927874, "support_mean": 100.8, "support_std": 0.17888543819998318}, "1": {"precision_mean": 0.9591990899791412, "precision_std": 0.003078738354462897, "recall_mean": 0.9911111111111112, "recall_std": 0.001987615979999823, "f1-score_mean": 0.9748716794446386, "f1-score_std": 0.0015926005718099024, "support_mean": 180.0, "support_std": 0.0}, "macro avg": {"precision_mean": 0.9712195361454725, "precision_std": 0.002006888722551583, "recall_mean": 0.9578525852585258, "recall_std": 0.0028356891116863136, "f1-score_mean": 0.9639008129601286, "f1-score_std": 0.002360281390650989, "support_mean": 280.8, "support_std": 0.17888543819998318}, "weighted avg": {"precision_mean": 0.9678254680293449, "precision_std": 0.0020209034701043358, "recall_mean": 0.9672369089984748, "recall_std": 0.002109929496113063, "f1-score_mean": 0.9669952650359619, "f1-score_std": 0.002144132612218192, "support_mean": 280.8, "support_std": 0.17888543819998318}}, "classification_report_test": {"accuracy": {"mean": 0.9316297786720321, "std": 0.01652944140588828}, "0": {"precision_mean": 0.9635610766045548, "precision_std": 0.01576329588629083, "recall_mean": 0.8412307692307692, "recall_std": 0.03395897281013556, "f1-score_mean": 0.8967882014465867, "f1-score_std": 0.023109025924885788, "support_mean": 25.2, "support_std": 0.17888543819998315}, "1": {"precision_mean": 0.918200342116495, "precision_std": 0.016577018885752495, "recall_mean": 0.9822222222222223, "recall_std": 0.007436978013636222, "f1-score_mean": 0.9488325808604972, "f1-score_std": 0.010881999118951796, "support_mean": 45.0, "support_std": 0.0}, "macro avg": {"precision_mean": 0.9408807093605249, "precision_std": 0.01392676196669286, "recall_mean": 0.9117264957264958, "recall_std": 0.018839226201201407, "f1-score_mean": 0.9228103911535419, "f1-score_std": 0.01697498877921263, "support_mean": 70.2, "support_std": 0.17888543819998318}, "weighted avg": {"precision_mean": 0.9344727765970745, "precision_std": 0.014252808644583089, "recall_mean": 0.9316297786720321, "recall_std": 0.014784381845466354, "f1-score_mean": 0.9301578786796343, "f1-score_std": 0.015229421949187178, "support_mean": 70.2, "support_std": 0.17888543819998318}}, "timing": {"extractor_fit": "0:00:00.266235", "filtered_features": "0:00:00.000537", "model_training_time": "0:00:00.002796"}, "n_words": [18, 18, 18, 18, 18], "selected_vocabulary": [["var_31", "var_28", "var_33", "var_19", "var_27", "var_29", "var_16", "var_3", "var_20", "var_21", "var_6", "var_22", "var_25", "var_5", "var_23", "var_2", "var_26", "var_4"], ["var_25", "var_16", "var_24", "var_8", "var_33", "var_22", "var_7", "var_20", "var_17", "var_27", "var_3", "var_5", "var_30", "var_21", "var_6", "var_2", "var_26", "var_4"], ["var_19", "var_28", "var_21", "var_24", "var_13", "var_22", "var_30", "var_7", "var_5", "var_23", "var_14", "var_33", "var_25", "var_3", "var_27", "var_2", "var_26", "var_4"], ["var_24", "var_33", "var_22", "var_14", "var_25", "var_13", "var_20", "var_8", "var_3", "var_29", "var_21", "var_30", "var_27", "var_7", "var_5", "var_26", "var_2", "var_4"], ["var_19", "var_25", "var_7", "var_20", "var_24", "var_15", "var_3", "var_8", "var_30", "var_23", "var_9", "var_5", "var_21", "var_32", "var_6", "var_2", "var_26", "var_4"]]}