{"classification_report_train": {"accuracy": {"mean": 0.9658083375699034, "std": 0.0031137503475076353}, "0": {"precision_mean": 0.9711286488712616, "precision_std": 0.004440761141845563, "recall_mean": 0.9325346534653466, "recall_std": 0.005884860672837694, "f1-score_mean": 0.9513791756854786, "f1-score_std": 0.0040265871639247885, "support_mean": 100.8, "support_std": 0.17888543819998318}, "1": {"precision_mean": 0.9630875650979629, "precision_std": 0.00309756619472762, "recall_mean": 0.9844444444444445, "recall_std": 0.002434322477800754, "f1-score_mean": 0.9736318837631694, "f1-score_std": 0.0021299926580658013, "support_mean": 180.0, "support_std": 0.0}, "macro avg": {"precision_mean": 0.9671081069846125, "precision_std": 0.0029342439787385767, "recall_mean": 0.9584895489548956, "recall_std": 0.0033334479170799157, "f1-score_mean": 0.9625055297243241, "f1-score_std": 0.003076895151900274, "support_mean": 280.8, "support_std": 0.17888543819998318}, "weighted avg": {"precision_mean": 0.9659791428306909, "precision_std": 0.0027679560132959917, "recall_mean": 0.9658083375699034, "recall_std": 0.002785022976796266, "f1-score_mean": 0.9656452627509206, "f1-score_std": 0.0028060441013056255, "support_mean": 280.8, "support_std": 0.17888543819998318}}, "classification_report_test": {"accuracy": {"mean": 0.9373843058350101, "std": 0.01657859777708902}, "0": {"precision_mean": 0.9726896292113683, "precision_std": 0.009989528124598683, "recall_mean": 0.8495384615384616, "recall_std": 0.037835896045763186, "f1-score_mean": 0.9049736495388669, "f1-score_std": 0.022827774198222447, "support_mean": 25.2, "support_std": 0.17888543819998315}, "1": {"precision_mean": 0.9228883042578733, "precision_std": 0.018982792713621556, "recall_mean": 0.9866666666666667, "recall_std": 0.0048686449556014835, "f1-score_mean": 0.9532724329324699, "f1-score_std": 0.011005026169302181, "support_mean": 45.0, "support_std": 0.0}, "macro avg": {"precision_mean": 0.9477889667346208, "precision_std": 0.012242942607070463, "recall_mean": 0.9181025641025642, "recall_std": 0.019770978893299616, "f1-score_mean": 0.9291230412356685, "f1-score_std": 0.01689747681207817, "support_mean": 70.2, "support_std": 0.17888543819998318}, "weighted avg": {"precision_mean": 0.9407769618494832, "precision_std": 0.013883192572116768, "recall_mean": 0.9373843058350101, "recall_std": 0.01482834864047918, "f1-score_mean": 0.9359120964257217, "f1-score_std": 0.015240027749825445, "support_mean": 70.2, "support_std": 0.17888543819998318}}, "timing": {"extractor_fit": "0:00:00.052830", "filtered_features": "0:00:00.000358", "model_training_time": "0:00:00.002058"}, "n_words": [12, 12, 12, 12, 12], "selected_vocabulary": [["var_13", "var_23", "var_12", "var_32", "var_14", "var_7", "var_30", "var_6", "var_20", "var_2", "var_5", "var_4"], ["var_23", "var_13", "var_32", "var_7", "var_6", "var_26", "var_12", "var_20", "var_14", "var_2", "var_4", "var_5"], ["var_26", "var_15", "var_33", "var_12", "var_2", "var_7", "var_13", "var_20", "var_32", "var_28", "var_5", "var_4"], ["var_23", "var_26", "var_6", "var_13", "var_32", "var_20", "var_33", "var_28", "var_5", "var_4", "var_30", "var_7"], ["var_30", "var_13", "var_15", "var_2", "var_6", "var_32", "var_20", "var_7", "var_28", "var_5", "var_26", "var_4"]]}