{"classification_report_train": {"accuracy": {"mean": 0.957262328418912, "std": 0.0025282664665743997}, "0": {"precision_mean": 0.9683706588322656, "precision_std": 0.002951706101585019, "recall_mean": 0.9107128712871286, "recall_std": 0.00560311367496878, "f1-score_mean": 0.9386057176336999, "f1-score_std": 0.0033896902451437394, "support_mean": 100.8, "support_std": 0.17888543819998318}, "1": {"precision_mean": 0.9516563591544852, "precision_std": 0.002895530750180614, "recall_mean": 0.9833333333333334, "recall_std": 0.0015713484026367824, "f1-score_mean": 0.9672215837241879, "f1-score_std": 0.0016946920255346966, "support_mean": 180.0, "support_std": 0.0}, "macro avg": {"precision_mean": 0.9600135089933755, "precision_std": 0.002157536446078834, "recall_mean": 0.9470231023102311, "recall_std": 0.002926604613756856, "f1-score_mean": 0.952913650678944, "f1-score_std": 0.0025414769295493277, "support_mean": 280.8, "support_std": 0.17888543819998318}, "weighted avg": {"precision_mean": 0.9576609960763202, "precision_std": 0.0022183933820187885, "recall_mean": 0.957262328418912, "recall_std": 0.0022613502737974227, "f1-score_mean": 0.9569503726817399, "f1-score_std": 0.0022986503814806597, "support_mean": 280.8, "support_std": 0.17888543819998318}}, "classification_report_test": {"accuracy": {"mean": 0.9402012072434607, "std": 0.018814695572722646}, "0": {"precision_mean": 0.963353789612371, "precision_std": 0.008361687402560795, "recall_mean": 0.8652307692307692, "recall_std": 0.04159563017558626, "f1-score_mean": 0.9097067066671929, "f1-score_std": 0.026662004159228033, "support_mean": 25.2, "support_std": 0.17888543819998315}, "1": {"precision_mean": 0.9305200341005968, "precision_std": 0.020475182892940594, "recall_mean": 0.9822222222222221, "recall_std": 0.003975231959999631, "f1-score_mean": 0.9552345503958406, "f1-score_std": 0.012316748697673349, "support_mean": 45.0, "support_std": 0.0}, "macro avg": {"precision_mean": 0.9469369118564839, "precision_std": 0.014021485654973596, "recall_mean": 0.9237264957264957, "recall_std": 0.022279972298174487, "f1-score_mean": 0.932470628531517, "f1-score_std": 0.01946661012912785, "support_mean": 70.2, "support_std": 0.17888543819998318}, "weighted avg": {"precision_mean": 0.9423185475182171, "precision_std": 0.01581445761968541, "recall_mean": 0.9402012072434607, "recall_std": 0.01682837531062887, "f1-score_mean": 0.9388871823882861, "f1-score_std": 0.01742687910283855, "support_mean": 70.2, "support_std": 0.17888543819998318}}, "timing": {"extractor_fit": "0:00:00.001343", "filtered_features": "0:00:00.000454", "model_training_time": "0:00:00.002439"}, "n_words": [23, 23, 23, 23, 23], "selected_vocabulary": [["var_17", "var_15", "var_21", "var_10", "var_14", "var_26", "var_24", "var_12", "var_11", "var_22", "var_5", "var_7", "var_20", "var_28", "var_13", "var_8", "var_32", "var_30", "var_6", "var_0", "var_2", "var_4", "var_1"], ["var_9", "var_3", "var_5", "var_10", "var_15", "var_22", "var_17", "var_12", "var_11", "var_28", "var_20", "var_24", "var_14", "var_7", "var_13", "var_30", "var_32", "var_8", "var_0", "var_6", "var_4", "var_2", "var_1"], ["var_21", "var_9", "var_24", "var_5", "var_3", "var_12", "var_15", "var_13", "var_7", "var_11", "var_20", "var_10", "var_14", "var_22", "var_32", "var_28", "var_30", "var_8", "var_6", "var_4", "var_2", "var_0", "var_1"], ["var_11", "var_18", "var_5", "var_3", "var_13", "var_21", "var_15", "var_10", "var_12", "var_7", "var_14", "var_22", "var_32", "var_24", "var_20", "var_8", "var_30", "var_28", "var_6", "var_0", "var_4", "var_2", "var_1"], ["var_11", "var_15", "var_13", "var_26", "var_18", "var_5", "var_9", "var_24", "var_10", "var_28", "var_20", "var_32", "var_7", "var_12", "var_22", "var_14", "var_30", "var_8", "var_0", "var_6", "var_2", "var_4", "var_1"]]}