{"classification_report_train": {"accuracy": {"mean": 0.9344763599389936, "std": 0.005794975056662579}, "0": {"precision_mean": 0.9581009281915464, "precision_std": 0.005092365744023525, "recall_mean": 0.8551683168316832, "recall_std": 0.015970721176839266, "f1-score_mean": 0.9032033632948966, "f1-score_std": 0.008547821464142584, "support_mean": 100.8, "support_std": 0.17888543819998318}, "1": {"precision_mean": 0.9238467614364534, "precision_std": 0.007620520540661244, "recall_mean": 0.9788888888888888, "recall_std": 0.0028974232912011666, "f1-score_mean": 0.9504552508042872, "f1-score_std": 0.0036998543204463763, "support_mean": 180.0, "support_std": 0.0}, "macro avg": {"precision_mean": 0.9409738448139999, "precision_std": 0.0038342446618669906, "recall_mean": 0.917028602860286, "recall_std": 0.007443151398066682, "f1-score_mean": 0.9268293070495919, "f1-score_std": 0.006114550586010294, "support_mean": 280.8, "support_std": 0.17888543819998318}, "weighted avg": {"precision_mean": 0.9361406426708789, "precision_std": 0.004619833598591552, "recall_mean": 0.9344763599389936, "recall_std": 0.005183183261845289, "f1-score_mean": 0.9334916656592082, "f1-score_std": 0.005436367601743555, "support_mean": 280.8, "support_std": 0.17888543819998318}}, "classification_report_test": {"accuracy": {"mean": 0.9145674044265594, "std": 0.021620708406592117}, "0": {"precision_mean": 0.9575797101449275, "precision_std": 0.021309095399239253, "recall_mean": 0.8021538461538462, "recall_std": 0.05823047454452414, "f1-score_mean": 0.8653106575963718, "f1-score_std": 0.034127790439544704, "support_mean": 25.2, "support_std": 0.17888543819998315}, "1": {"precision_mean": 0.9022965943502484, "precision_std": 0.026192289039194586, "recall_mean": 0.9777777777777779, "recall_std": 0.010886621079036344, "f1-score_mean": 0.9371378549236011, "f1-score_std": 0.0135523023333927, "support_mean": 45.0, "support_std": 0.0}, "macro avg": {"precision_mean": 0.929938152247588, "precision_std": 0.0142161241240161, "recall_mean": 0.889965811965812, "recall_std": 0.027525779759920113, "f1-score_mean": 0.9012242562599866, "f1-score_std": 0.023725944978889503, "support_mean": 70.2, "support_std": 0.17888543819998318}, "weighted avg": {"precision_mean": 0.9222843345911125, "precision_std": 0.01626295047539829, "recall_mean": 0.9145674044265594, "recall_std": 0.019338149487536455, "f1-score_mean": 0.9113342753019212, "f1-score_std": 0.020801062587479418, "support_mean": 70.2, "support_std": 0.17888543819998318}}, "timing": {"extractor_fit": "0:00:00.001307", "filtered_features": "0:00:00.000408", "model_training_time": "0:00:00.002242"}, "n_words": [11, 11, 11, 11, 11], "selected_vocabulary": [["var_20", "var_28", "var_13", "var_8", "var_32", "var_30", "var_6", "var_0", "var_2", "var_4", "var_1"], ["var_14", "var_7", "var_13", "var_30", "var_32", "var_8", "var_0", "var_6", "var_4", "var_2", "var_1"], ["var_14", "var_22", "var_32", "var_28", "var_30", "var_8", "var_6", "var_4", "var_2", "var_0", "var_1"], ["var_32", "var_24", "var_20", "var_8", "var_30", "var_28", "var_6", "var_0", "var_4", "var_2", "var_1"], ["var_7", "var_12", "var_22", "var_14", "var_30", "var_8", "var_0", "var_6", "var_2", "var_4", "var_1"]]}