{"classification_report_train": {"accuracy": {"mean": 0.9629613624809356, "std": 0.001434207312596973}, "0": {"precision_mean": 0.9690386819613153, "precision_std": 0.0039113502522822845, "recall_mean": 0.9265940594059405, "recall_std": 0.005989213583197885, "f1-score_mean": 0.9472231586148888, "f1-score_std": 0.0020049489738478547, "support_mean": 100.8, "support_std": 0.17888543819998318}, "1": {"precision_mean": 0.9599476062349737, "precision_std": 0.003076852547594123, "recall_mean": 0.9833333333333334, "recall_std": 0.0022222222222222365, "f1-score_mean": 0.9714667535575519, "f1-score_std": 0.0009399828122040214, "support_mean": 180.0, "support_std": 0.0}, "macro avg": {"precision_mean": 0.9644931440981445, "precision_std": 0.0011854830309226826, "recall_mean": 0.9549636963696368, "recall_std": 0.0021860227316498164, "f1-score_mean": 0.9593449560862203, "f1-score_std": 0.0014692336101648706, "support_mean": 280.8, "support_std": 0.17888543819998318}, "weighted avg": {"precision_mean": 0.9632165832106103, "precision_std": 0.0012049407545670836, "recall_mean": 0.9629613624809356, "recall_std": 0.0012827940179176488, "f1-score_mean": 0.9627645468749748, "f1-score_std": 0.001315529689000764, "support_mean": 280.8, "support_std": 0.17888543819998318}}, "classification_report_test": {"accuracy": {"mean": 0.948692152917505, "std": 0.014726116087909732}, "0": {"precision_mean": 0.982213438735178, "precision_std": 0.009746109095603117, "recall_mean": 0.8729230769230769, "recall_std": 0.03473953803605597, "f1-score_mean": 0.9225391123567416, "f1-score_std": 0.020595452417643774, "support_mean": 25.2, "support_std": 0.17888543819998315}, "1": {"precision_mean": 0.9345379641218189, "precision_std": 0.017134031546642205, "recall_mean": 0.9911111111111112, "recall_std": 0.0048686449556014835, "f1-score_mean": 0.9616000467508181, "f1-score_std": 0.009705498276753826, "support_mean": 45.0, "support_std": 0.0}, "macro avg": {"precision_mean": 0.9583757014284984, "precision_std": 0.010581479447092621, "recall_mean": 0.932017094017094, "recall_std": 0.01786398558980471, "f1-score_mean": 0.9420695795537799, "f1-score_std": 0.01513113270601043, "support_mean": 70.2, "support_std": 0.17888543819998318}, "weighted avg": {"precision_mean": 0.9516780984153224, "precision_std": 0.01214252653097208, "recall_mean": 0.948692152917505, "recall_std": 0.013171438646847772, "f1-score_mean": 0.9475972587473969, "f1-score_std": 0.013567515817110975, "support_mean": 70.2, "support_std": 0.17888543819998318}}, "timing": {"extractor_fit": "0:00:00.052236", "filtered_features": "0:00:00.000359", "model_training_time": "0:00:00.002160"}, "n_words": [14, 14, 14, 14, 14], "selected_vocabulary": [["var_13", "var_21", "var_12", "var_14", "var_28", "var_20", "var_30", "var_6", "var_26", "var_7", "var_32", "var_2", "var_4", "var_5"], ["var_23", "var_32", "var_28", "var_12", "var_13", "var_30", "var_6", "var_7", "var_14", "var_26", "var_2", "var_4", "var_20", "var_5"], ["var_12", "var_23", "var_26", "var_30", "var_15", "var_13", "var_33", "var_7", "var_20", "var_2", "var_5", "var_28", "var_32", "var_4"], ["var_26", "var_6", "var_30", "var_12", "var_33", "var_20", "var_13", "var_32", "var_22", "var_23", "var_4", "var_5", "var_28", "var_7"], ["var_12", "var_23", "var_13", "var_6", "var_33", "var_15", "var_28", "var_2", "var_7", "var_32", "var_5", "var_26", "var_20", "var_4"]]}