{"classification_report_train": {"accuracy": {"mean": 0.8077173360447383, "std": 0.013571670194223765}, "0": {"precision_mean": 0.8468737866762899, "precision_std": 0.056076765057791286, "recall_mean": 0.6031683168316831, "recall_std": 0.03326072541764991, "f1-score_mean": 0.6923633756728227, "f1-score_std": 0.012030956450622441, "support_mean": 100.8, "support_std": 0.17888543819998318}, "1": {"precision_mean": 0.8074099315933889, "precision_std": 0.00833272481277242, "recall_mean": 0.9222222222222222, "recall_std": 0.03373828100153106, "f1-score_mean": 0.8588082284399204, "f1-score_std": 0.01204445014474565, "support_mean": 180.0, "support_std": 0.0}, "macro avg": {"precision_mean": 0.8271418591348395, "precision_std": 0.025129255687033236, "recall_mean": 0.7626952695269527, "recall_std": 0.007495756800493106, "f1-score_mean": 0.7755858020563716, "f1-score_std": 0.009955472115091771, "support_mean": 280.8, "support_std": 0.17888543819998318}, "weighted avg": {"precision_mean": 0.8215383143473005, "precision_std": 0.01659744244212441, "recall_mean": 0.8077173360447383, "recall_std": 0.012138870848996845, "f1-score_mean": 0.7990547726739295, "f1-score_std": 0.010185378564727105, "support_mean": 280.8, "support_std": 0.17888543819998318}}, "classification_report_test": {"accuracy": {"mean": 0.7920724346076458, "std": 0.03449484447492933}, "0": {"precision_mean": 0.8169047619047619, "precision_std": 0.07130497242808892, "recall_mean": 0.588923076923077, "recall_std": 0.0633015138587122, "f1-score_mean": 0.665466962791039, "f1-score_std": 0.04992186625703572, "support_mean": 25.2, "support_std": 0.17888543819998315}, "1": {"precision_mean": 0.8002968415052724, "precision_std": 0.024641963150567915, "recall_mean": 0.9066666666666666, "recall_std": 0.041407341151474195, "f1-score_mean": 0.847104576125742, "f1-score_std": 0.02442194044899257, "support_mean": 45.0, "support_std": 0.0}, "macro avg": {"precision_mean": 0.808600801705017, "precision_std": 0.03936338722054579, "recall_mean": 0.7477948717948719, "recall_std": 0.033637363430709805, "f1-score_mean": 0.7562857694583904, "f1-score_std": 0.035397141977840926, "support_mean": 70.2, "support_std": 0.17888543819998318}, "weighted avg": {"precision_mean": 0.8067032226816908, "precision_std": 0.03194781667370014, "recall_mean": 0.7920724346076458, "recall_std": 0.030853126847690007, "f1-score_mean": 0.7817025091029934, "f1-score_std": 0.03184686925188391, "support_mean": 70.2, "support_std": 0.17888543819998318}}, "timing": {"extractor_fit": "0:00:00.275121", "filtered_features": "0:00:00.000544", "model_training_time": "0:00:00.002673"}, "n_words": [1, 1, 1, 1, 1], "selected_vocabulary": [["var_4"], ["var_26"], ["var_26"], ["var_4"], ["var_4"]]}