{"classification_report_train": {"accuracy": {"mean": 0.9366192170818506, "std": 0.005761498793953797}, "0": {"precision_mean": 0.9600656668414362, "precision_std": 0.006731734141650765, "recall_mean": 0.8591683168316833, "recall_std": 0.008918263177113871, "f1-score_mean": 0.9067801790746296, "f1-score_std": 0.0076827028086293445, "support_mean": 100.8, "support_std": 0.17888543819998318}, "1": {"precision_mean": 0.9255470272904484, "precision_std": 0.004615856320211042, "recall_mean": 0.9800000000000001, "recall_std": 0.0033701668640229226, "f1-score_mean": 0.9519861167225446, "f1-score_std": 0.0038783185500619053, "support_mean": 180.0, "support_std": 0.0}, "macro avg": {"precision_mean": 0.9428063470659422, "precision_std": 0.005483719808034765, "recall_mean": 0.9195841584158415, "recall_std": 0.005920590654673407, "f1-score_mean": 0.929383147898587, "f1-score_std": 0.0057788177610487955, "support_mean": 280.8, "support_std": 0.17888543819998318}, "weighted avg": {"precision_mean": 0.9379353526881532, "precision_std": 0.005181752560625186, "recall_mean": 0.9366192170818506, "recall_std": 0.005153241182225498, "f1-score_mean": 0.9357541206973, "f1-score_std": 0.005252496061784306, "support_mean": 280.8, "support_std": 0.17888543819998318}}, "classification_report_test": {"accuracy": {"mean": 0.9261167002012073, "std": 0.022915941601870573}, "0": {"precision_mean": 0.9349206349206348, "precision_std": 0.02913033586528117, "recall_mean": 0.8578461538461539, "recall_std": 0.045350130314329044, "f1-score_mean": 0.8912557008209182, "f1-score_std": 0.029932471050721554, "support_mean": 25.2, "support_std": 0.17888543819998315}, "1": {"precision_mean": 0.9258793472856734, "precision_std": 0.02334232438163298, "recall_mean": 0.9644444444444444, "recall_std": 0.016147468555186624, "f1-score_mean": 0.9439040030274997, "f1-score_std": 0.01565573104092044, "support_mean": 45.0, "support_std": 0.0}, "macro avg": {"precision_mean": 0.9303999911031541, "precision_std": 0.02098525371041368, "recall_mean": 0.9111452991452991, "recall_std": 0.025027714640165948, "f1-score_mean": 0.917579851924209, "f1-score_std": 0.02273612564117373, "support_mean": 70.2, "support_std": 0.17888543819998318}, "weighted avg": {"precision_mean": 0.9290377419984035, "precision_std": 0.020491964946705618, "recall_mean": 0.9261167002012073, "recall_std": 0.020496641276079208, "f1-score_mean": 0.9249356980884421, "f1-score_std": 0.020802440749313852, "support_mean": 70.2, "support_std": 0.17888543819998318}}, "timing": {"extractor_fit": "0:00:00.232112", "filtered_features": "0:00:00.000550", "model_training_time": "0:00:00.002273"}, "n_words": [6, 6, 6, 6, 6], "selected_vocabulary": [["var_25", "var_6", "var_27", "var_2", "var_26", "var_4"], ["var_20", "var_21", "var_24", "var_2", "var_4", "var_26"], ["var_27", "var_23", "var_3", "var_2", "var_26", "var_4"], ["var_21", "var_27", "var_22", "var_26", "var_2", "var_4"], ["var_3", "var_20", "var_26", "var_6", "var_2", "var_4"]]}