{"classification_report_train": {"accuracy": {"mean": 0.966522623284189, "std": 0.0014332135596350174}, "0": {"precision_mean": 0.9692194403534609, "precision_std": 0.0028569538376418033, "recall_mean": 0.9365148514851483, "recall_std": 0.0021280265990245902, "f1-score_mean": 0.9525709354855083, "f1-score_std": 0.0018175692646135418, "support_mean": 100.8, "support_std": 0.17888543819998318}, "1": {"precision_mean": 0.9651100859226304, "precision_std": 0.0011526333962337525, "recall_mean": 0.9833333333333332, "recall_std": 0.0015713484026367824, "f1-score_mean": 0.974131845050981, "f1-score_std": 0.0009903607104461724, "support_mean": 180.0, "support_std": 0.0}, "macro avg": {"precision_mean": 0.9671647631380458, "precision_std": 0.0015735398288406024, "recall_mean": 0.9599240924092409, "recall_std": 0.0013473733160547644, "f1-score_mean": 0.9633513902682449, "f1-score_std": 0.0014037274190859914, "support_mean": 280.8, "support_std": 0.17888543819998318}, "weighted avg": {"precision_mean": 0.9665907051126684, "precision_std": 0.0013005361780366416, "recall_mean": 0.966522623284189, "recall_std": 0.001281905178247339, "f1-score_mean": 0.9663926633551053, "f1-score_std": 0.0012838476525409133, "support_mean": 280.8, "support_std": 0.17888543819998318}}, "classification_report_test": {"accuracy": {"mean": 0.9458752515090543, "std": 0.01456162273961544}, "0": {"precision_mean": 0.9564888010540183, "precision_std": 0.01230918435350832, "recall_mean": 0.8889230769230769, "recall_std": 0.026247434363207537, "f1-score_mean": 0.9210567375886525, "f1-score_std": 0.01910663675875413, "support_mean": 25.2, "support_std": 0.17888543819998315}, "1": {"precision_mean": 0.9407801418439716, "precision_std": 0.013857945511151748, "recall_mean": 0.9777777777777776, "recall_std": 0.006285393610547083, "f1-score_mean": 0.9588125292192613, "f1-score_std": 0.009884321507492943, "support_mean": 45.0, "support_std": 0.0}, "macro avg": {"precision_mean": 0.948634471448995, "precision_std": 0.01267601254715976, "recall_mean": 0.9333504273504275, "recall_std": 0.015912875509590012, "f1-score_mean": 0.9399346334039569, "f1-score_std": 0.014491593323508651, "support_mean": 70.2, "support_std": 0.17888543819998318}, "weighted avg": {"precision_mean": 0.9464305116996939, "precision_std": 0.012936037430571978, "recall_mean": 0.9458752515090543, "recall_std": 0.013024311323394737, "f1-score_mean": 0.9452621819765039, "f1-score_std": 0.01317607026514558, "support_mean": 70.2, "support_std": 0.17888543819998318}}, "timing": {"extractor_fit": "0:00:00.054602", "filtered_features": "0:00:00.000433", "model_training_time": "0:00:00.002550"}, "n_words": [15, 15, 15, 15, 15], "selected_vocabulary": [["var_21", "var_28", "var_12", "var_26", "var_23", "var_14", "var_13", "var_32", "var_30", "var_6", "var_7", "var_20", "var_2", "var_5", "var_4"], ["var_12", "var_23", "var_6", "var_21", "var_30", "var_32", "var_14", "var_7", "var_28", "var_13", "var_2", "var_26", "var_20", "var_4", "var_5"], ["var_6", "var_26", "var_10", "var_15", "var_30", "var_12", "var_33", "var_7", "var_13", "var_20", "var_4", "var_2", "var_5", "var_32", "var_28"], ["var_25", "var_6", "var_22", "var_20", "var_2", "var_33", "var_13", "var_23", "var_32", "var_30", "var_26", "var_5", "var_28", "var_7", "var_4"], ["var_23", "var_24", "var_33", "var_30", "var_15", "var_2", "var_13", "var_28", "var_32", "var_20", "var_6", "var_7", "var_26", "var_5", "var_4"]]}