{"classification_report_train": {"accuracy": {"mean": 0.9586858159633961, "std": 0.0026787160861949763}, "0": {"precision_mean": 0.9685428828281883, "precision_std": 0.0028885555451872488, "recall_mean": 0.9146732673267326, "recall_std": 0.00721577202692235, "f1-score_mean": 0.9407375272958008, "f1-score_std": 0.0036493844823247417, "support_mean": 100.8, "support_std": 0.17888543819998318}, "1": {"precision_mean": 0.953746613577391, "precision_std": 0.0037064510131609493, "recall_mean": 0.9833333333333332, "recall_std": 0.0015713484026367824, "f1-score_mean": 0.9682871898726578, "f1-score_std": 0.0017790634730661986, "support_mean": 180.0, "support_std": 0.0}, "macro avg": {"precision_mean": 0.9611447482027897, "precision_std": 0.001988355175880795, "recall_mean": 0.9490033003300329, "recall_std": 0.0033960146224264135, "f1-score_mean": 0.9545123585842294, "f1-score_std": 0.0027130944229973504, "support_mean": 280.8, "support_std": 0.17888543819998318}, "weighted avg": {"precision_mean": 0.9590618516624809, "precision_std": 0.002297473709702855, "recall_mean": 0.9586858159633961, "recall_std": 0.002395916504461661, "f1-score_mean": 0.9583992050041481, "f1-score_std": 0.0024442018270401425, "support_mean": 280.8, "support_std": 0.17888543819998318}}, "classification_report_test": {"accuracy": {"mean": 0.9373038229376258, "std": 0.020515700707583916}, "0": {"precision_mean": 0.9629585326953748, "precision_std": 0.015375702290462648, "recall_mean": 0.8572307692307692, "recall_std": 0.04315246124200338, "f1-score_mean": 0.9049375649679601, "f1-score_std": 0.028808598620152517, "support_mean": 25.2, "support_std": 0.17888543819998315}, "1": {"precision_mean": 0.9266935034883519, "precision_std": 0.021330391104434777, "recall_mean": 0.9822222222222223, "recall_std": 0.007436978013636222, "f1-score_mean": 0.9531755250011942, "f1-score_std": 0.01348299871955747, "support_mean": 45.0, "support_std": 0.0}, "macro avg": {"precision_mean": 0.9448260180918633, "precision_std": 0.016474710912308774, "recall_mean": 0.9197264957264958, "recall_std": 0.023734504424366868, "f1-score_mean": 0.9290565449845772, "f1-score_std": 0.021126567698436828, "support_mean": 70.2, "support_std": 0.17888543819998318}, "weighted avg": {"precision_mean": 0.9397931253636068, "precision_std": 0.01758374231529687, "recall_mean": 0.9373038229376258, "recall_std": 0.018349800555279266, "f1-score_mean": 0.9358738347928266, "f1-score_std": 0.018931430859570098, "support_mean": 70.2, "support_std": 0.17888543819998318}}, "timing": {"extractor_fit": "0:00:00.001359", "filtered_features": "0:00:00.000456", "model_training_time": "0:00:00.002476"}, "n_words": [32, 32, 32, 32, 32], "selected_vocabulary": [["var_25", "var_31", "var_29", "var_23", "var_18", "var_27", "var_33", "var_3", "var_9", "var_17", "var_15", "var_21", "var_10", "var_14", "var_26", "var_24", "var_12", "var_11", "var_22", "var_5", "var_7", "var_20", "var_28", "var_13", "var_8", "var_32", "var_30", "var_6", "var_0", "var_2", "var_4", "var_1"], ["var_27", "var_25", "var_19", "var_31", "var_33", "var_16", "var_26", "var_21", "var_18", "var_9", "var_3", "var_5", "var_10", "var_15", "var_22", "var_17", "var_12", "var_11", "var_28", "var_20", "var_24", "var_14", "var_7", "var_13", "var_30", "var_32", "var_8", "var_0", "var_6", "var_4", "var_2", "var_1"], ["var_25", "var_19", "var_23", "var_31", "var_26", "var_33", "var_17", "var_16", "var_18", "var_21", "var_9", "var_24", "var_5", "var_3", "var_12", "var_15", "var_13", "var_7", "var_11", "var_20", "var_10", "var_14", "var_22", "var_32", "var_28", "var_30", "var_8", "var_6", "var_4", "var_2", "var_0", "var_1"], ["var_23", "var_25", "var_29", "var_19", "var_27", "var_26", "var_9", "var_17", "var_16", "var_11", "var_18", "var_5", "var_3", "var_13", "var_21", "var_15", "var_10", "var_12", "var_7", "var_14", "var_22", "var_32", "var_24", "var_20", "var_8", "var_30", "var_28", "var_6", "var_0", "var_4", "var_2", "var_1"], ["var_31", "var_25", "var_33", "var_19", "var_21", "var_27", "var_3", "var_16", "var_17", "var_11", "var_15", "var_13", "var_26", "var_18", "var_5", "var_9", "var_24", "var_10", "var_28", "var_20", "var_32", "var_7", "var_12", "var_22", "var_14", "var_30", "var_8", "var_0", "var_6", "var_2", "var_4", "var_1"]]}