{"classification_report_train": {"accuracy": {"mean": 0.948721403152008, "std": 0.005459573748100299}, "0": {"precision_mean": 0.9655283094098884, "precision_std": 0.0017715477475569947, "recall_mean": 0.8889306930693068, "recall_std": 0.014059472876705824, "f1-score_mean": 0.9253473887908887, "f1-score_std": 0.007677724411638668, "support_mean": 100.8, "support_std": 0.17888543819998318}, "1": {"precision_mean": 0.9407042055220796, "precision_std": 0.007052237900810184, "recall_mean": 0.9822222222222221, "recall_std": 0.000993807989999903, "f1-score_mean": 0.9609398499738159, "f1-score_std": 0.003564554373346226, "support_mean": 180.0, "support_std": 0.0}, "macro avg": {"precision_mean": 0.9531162574659839, "precision_std": 0.0035720401090297755, "recall_mean": 0.9355764576457645, "recall_std": 0.006879176830809284, "f1-score_mean": 0.9431436193823524, "f1-score_std": 0.005620881631043951, "support_mean": 280.8, "support_std": 0.17888543819998318}, "weighted avg": {"precision_mean": 0.9496237542774122, "precision_std": 0.00451503255656332, "recall_mean": 0.948721403152008, "recall_std": 0.004883191211570233, "f1-score_mean": 0.9481610371365763, "f1-score_std": 0.00504556451194254, "support_mean": 280.8, "support_std": 0.17888543819998318}}, "classification_report_test": {"accuracy": {"mean": 0.9373440643863178, "std": 0.01946201439553024}, "0": {"precision_mean": 0.9629208891794704, "precision_std": 0.008461264165089535, "recall_mean": 0.8572307692307692, "recall_std": 0.04315246124200338, "f1-score_mean": 0.9048963458901346, "f1-score_std": 0.027574136415095873, "support_mean": 25.2, "support_std": 0.17888543819998315}, "1": {"precision_mean": 0.9267785375019573, "precision_std": 0.021240646948503535, "recall_mean": 0.9822222222222221, "recall_std": 0.003975231959999631, "f1-score_mean": 0.9532212811210752, "f1-score_std": 0.012735425110768006, "support_mean": 45.0, "support_std": 0.0}, "macro avg": {"precision_mean": 0.9448497133407138, "precision_std": 0.014475740825703314, "recall_mean": 0.9197264957264956, "recall_std": 0.023085435593629015, "f1-score_mean": 0.9290588135056049, "f1-score_std": 0.02013405567107501, "support_mean": 70.2, "support_std": 0.17888543819998318}, "weighted avg": {"precision_mean": 0.9397586924073416, "precision_std": 0.016363171020788606, "recall_mean": 0.9373440643863178, "recall_std": 0.01740735486699404, "f1-score_mean": 0.9358749518627016, "f1-score_std": 0.018020624377967153, "support_mean": 70.2, "support_std": 0.17888543819998318}}, "timing": {"extractor_fit": "0:00:00.001551", "filtered_features": "0:00:00.000498", "model_training_time": "0:00:00.002594"}, "n_words": [16, 16, 16, 16, 16], "selected_vocabulary": [["var_12", "var_11", "var_22", "var_5", "var_7", "var_20", "var_28", "var_13", "var_8", "var_32", "var_30", "var_6", "var_0", "var_2", "var_4", "var_1"], ["var_12", "var_11", "var_28", "var_20", "var_24", "var_14", "var_7", "var_13", "var_30", "var_32", "var_8", "var_0", "var_6", "var_4", "var_2", "var_1"], ["var_13", "var_7", "var_11", "var_20", "var_10", "var_14", "var_22", "var_32", "var_28", "var_30", "var_8", "var_6", "var_4", "var_2", "var_0", "var_1"], ["var_10", "var_12", "var_7", "var_14", "var_22", "var_32", "var_24", "var_20", "var_8", "var_30", "var_28", "var_6", "var_0", "var_4", "var_2", "var_1"], ["var_24", "var_10", "var_28", "var_20", "var_32", "var_7", "var_12", "var_22", "var_14", "var_30", "var_8", "var_0", "var_6", "var_2", "var_4", "var_1"]]}