{"classification_report_train": {"accuracy": {"mean": 0.9480096593797661, "std": 0.005796078813875964}, "0": {"precision_mean": 0.9654534030428472, "precision_std": 0.0017631682025072968, "recall_mean": 0.8869504950495049, "recall_std": 0.014920562784443802, "f1-score_mean": 0.9242010674902549, "f1-score_std": 0.008159643483950174, "support_mean": 100.8, "support_std": 0.17888543819998318}, "1": {"precision_mean": 0.939738891385954, "precision_std": 0.007475714083412385, "recall_mean": 0.9822222222222221, "recall_std": 0.000993807989999903, "f1-score_mean": 0.9604268511041523, "f1-score_std": 0.0037820803439200996, "support_mean": 180.0, "support_std": 0.0}, "macro avg": {"precision_mean": 0.9525961472144007, "precision_std": 0.00378339144284064, "recall_mean": 0.9345863586358636, "recall_std": 0.007303537220126197, "f1-score_mean": 0.9423139592972036, "f1-score_std": 0.005970641783900297, "support_mean": 280.8, "support_std": 0.17888543819998318}, "weighted avg": {"precision_mean": 0.9489784799444093, "precision_std": 0.00478825620481407, "recall_mean": 0.9480096593797661, "recall_std": 0.005184170492309202, "f1-score_mean": 0.9474204028024005, "f1-score_std": 0.005358385025422158, "support_mean": 280.8, "support_std": 0.17888543819998318}}, "classification_report_test": {"accuracy": {"mean": 0.9401609657947686, "std": 0.016544644114563835}, "0": {"precision_mean": 0.9643571340939762, "precision_std": 0.00824507224210427, "recall_mean": 0.8652307692307692, "recall_std": 0.04159563017558626, "f1-score_mean": 0.9095266346383815, "f1-score_std": 0.02410426544009112, "support_mean": 25.2, "support_std": 0.17888543819998315}, "1": {"precision_mean": 0.9308601701550184, "precision_std": 0.020431369426252573, "recall_mean": 0.9822222222222223, "recall_std": 0.003975231959999632, "f1-score_mean": 0.9552294092587754, "f1-score_std": 0.010652265666209035, "support_mean": 45.0, "support_std": 0.0}, "macro avg": {"precision_mean": 0.9476086521244973, "precision_std": 0.011462532609296161, "recall_mean": 0.9237264957264957, "recall_std": 0.02068867074587815, "f1-score_mean": 0.9323780219485786, "f1-score_std": 0.017369042391621358, "support_mean": 70.2, "support_std": 0.17888543819998318}, "weighted avg": {"precision_mean": 0.9429711972916788, "precision_std": 0.013809244175173345, "recall_mean": 0.9401609657947686, "recall_std": 0.01479797956148262, "f1-score_mean": 0.9388331424121364, "f1-score_std": 0.015443367214045945, "support_mean": 70.2, "support_std": 0.17888543819998318}}, "timing": {"extractor_fit": "0:00:00.001490", "filtered_features": "0:00:00.000470", "model_training_time": "0:00:00.002864"}, "n_words": [15, 15, 15, 15, 15], "selected_vocabulary": [["var_11", "var_22", "var_5", "var_7", "var_20", "var_28", "var_13", "var_8", "var_32", "var_30", "var_6", "var_0", "var_2", "var_4", "var_1"], ["var_11", "var_28", "var_20", "var_24", "var_14", "var_7", "var_13", "var_30", "var_32", "var_8", "var_0", "var_6", "var_4", "var_2", "var_1"], ["var_7", "var_11", "var_20", "var_10", "var_14", "var_22", "var_32", "var_28", "var_30", "var_8", "var_6", "var_4", "var_2", "var_0", "var_1"], ["var_12", "var_7", "var_14", "var_22", "var_32", "var_24", "var_20", "var_8", "var_30", "var_28", "var_6", "var_0", "var_4", "var_2", "var_1"], ["var_10", "var_28", "var_20", "var_32", "var_7", "var_12", "var_22", "var_14", "var_30", "var_8", "var_0", "var_6", "var_2", "var_4", "var_1"]]}