{"classification_report_train": {"accuracy": {"mean": 0.9629639044229792, "std": 0.002410023817721653}, "0": {"precision_mean": 0.9831312669936951, "precision_std": 0.0047767143755465995, "recall_mean": 0.9126930693069306, "recall_std": 0.007096318033624861, "f1-score_mean": 0.9464572514039606, "f1-score_std": 0.003214844811345349, "support_mean": 100.8, "support_std": 0.17888543819998318}, "1": {"precision_mean": 0.9530823803730923, "precision_std": 0.0035956437991322802, "recall_mean": 0.9911111111111112, "recall_std": 0.0025337231668869776, "f1-score_mean": 0.9716877664003339, "f1-score_std": 0.0016246399818757153, "support_mean": 180.0, "support_std": 0.0}, "macro avg": {"precision_mean": 0.9681068236833937, "precision_std": 0.0021648709839020125, "recall_mean": 0.9519020902090208, "recall_std": 0.003048685075765199, "f1-score_mean": 0.9590725089021472, "f1-score_std": 0.0024150264806320327, "support_mean": 280.8, "support_std": 0.17888543819998318}, "weighted avg": {"precision_mean": 0.9638659392663709, "precision_std": 0.002080542454345512, "recall_mean": 0.9629639044229792, "recall_std": 0.002155590833527671, "f1-score_mean": 0.9626305444256644, "f1-score_std": 0.0021927498900306316, "support_mean": 280.8, "support_std": 0.17888543819998318}}, "classification_report_test": {"accuracy": {"mean": 0.9458350100603623, "std": 0.013875920238591905}, "0": {"precision_mean": 0.9731225296442687, "precision_std": 0.0161775522432082, "recall_mean": 0.8729230769230769, "recall_std": 0.02380830743582121, "f1-score_mean": 0.9198282643307092, "f1-score_std": 0.018671110510688937, "support_mean": 25.2, "support_std": 0.17888543819998315}, "1": {"precision_mean": 0.9332263525206568, "precision_std": 0.012122814907742004, "recall_mean": 0.9866666666666667, "recall_std": 0.007950463919999247, "f1-score_mean": 0.9590905309863265, "f1-score_std": 0.009295043693165691, "support_mean": 45.0, "support_std": 0.0}, "macro avg": {"precision_mean": 0.9531744410824627, "precision_std": 0.012945902386717435, "recall_mean": 0.9297948717948717, "recall_std": 0.01480495047444135, "f1-score_mean": 0.9394593976585177, "f1-score_std": 0.013979736228543519, "support_mean": 70.2, "support_std": 0.17888543819998318}, "weighted avg": {"precision_mean": 0.9475881662821077, "precision_std": 0.012440737593037947, "recall_mean": 0.9458350100603623, "recall_std": 0.01241100036154264, "f1-score_mean": 0.9450158386037835, "f1-score_std": 0.012630096633571336, "support_mean": 70.2, "support_std": 0.17888543819998318}}, "timing": {"extractor_fit": "0:00:00.172957", "filtered_features": "0:00:00.000488", "model_training_time": "0:00:00.002298"}, "n_words": [13, 13, 13, 13, 13], "selected_vocabulary": [["var_23", "var_27", "var_3", "var_10", "var_20", "var_19", "var_21", "var_5", "var_25", "var_6", "var_2", "var_4", "var_26"], ["var_27", "var_8", "var_33", "var_7", "var_25", "var_20", "var_9", "var_3", "var_6", "var_21", "var_2", "var_26", "var_4"], ["var_21", "var_22", "var_14", "var_20", "var_27", "var_33", "var_23", "var_7", "var_6", "var_5", "var_2", "var_26", "var_4"], ["var_21", "var_33", "var_7", "var_29", "var_14", "var_24", "var_6", "var_5", "var_3", "var_2", "var_27", "var_26", "var_4"], ["var_13", "var_15", "var_23", "var_3", "var_29", "var_32", "var_7", "var_5", "var_21", "var_6", "var_2", "var_26", "var_4"]]}