{"classification_report_train": {"accuracy": {"mean": 0.8860472801220134, "std": 0.007090123436486566}, "0": {"precision_mean": 0.9711588978712266, "precision_std": 0.00736250940619968, "recall_mean": 0.7043960396039605, "recall_std": 0.02221484952145426, "f1-score_mean": 0.8151374227768053, "f1-score_std": 0.01296826538646912, "support_mean": 100.8, "support_std": 0.17888543819998318}, "1": {"precision_mean": 0.8570536307388336, "precision_std": 0.00901037599482168, "recall_mean": 0.9877777777777779, "recall_std": 0.003651483716701113, "f1-score_mean": 0.9175739081438079, "f1-score_std": 0.004058150852410869, "support_mean": 180.0, "support_std": 0.0}, "macro avg": {"precision_mean": 0.9141062643050301, "precision_std": 0.003063616667767579, "recall_mean": 0.8460869086908691, "recall_std": 0.009729101339179229, "f1-score_mean": 0.8663556654603066, "f1-score_std": 0.008499799998084692, "support_mean": 280.8, "support_std": 0.17888543819998318}, "weighted avg": {"precision_mean": 0.8980109329753818, "precision_std": 0.004190359339601633, "recall_mean": 0.8860472801220134, "recall_std": 0.006341599189139349, "f1-score_mean": 0.8807975126364805, "f1-score_std": 0.007259192435757818, "support_mean": 280.8, "support_std": 0.17888543819998318}}, "classification_report_test": {"accuracy": {"mean": 0.8833400402414486, "std": 0.024230682515498748}, "0": {"precision_mean": 0.9616666666666667, "precision_std": 0.022558565754251504, "recall_mean": 0.7076923076923076, "recall_std": 0.06254560466349249, "f1-score_mean": 0.8061044744468792, "f1-score_std": 0.041475699924350205, "support_mean": 25.2, "support_std": 0.17888543819998315}, "1": {"precision_mean": 0.8610803555712023, "precision_std": 0.026394681317937516, "recall_mean": 0.9822222222222223, "recall_std": 0.011589693164804706, "f1-score_mean": 0.9162013702567313, "f1-score_std": 0.014553763761353372, "support_mean": 45.0, "support_std": 0.0}, "macro avg": {"precision_mean": 0.9113735111189344, "precision_std": 0.015903606196767454, "recall_mean": 0.844957264957265, "recall_std": 0.030013316741486978, "f1-score_mean": 0.8611529223518053, "f1-score_std": 0.027928340842791097, "support_mean": 70.2, "support_std": 0.17888543819998318}, "weighted avg": {"precision_mean": 0.8973852728823803, "precision_std": 0.01742113889363759, "recall_mean": 0.8833400402414486, "recall_std": 0.021672581298348318, "f1-score_mean": 0.8765508337309615, "f1-score_std": 0.024241624167462922, "support_mean": 70.2, "support_std": 0.17888543819998318}}, "timing": {"extractor_fit": "0:00:00.192859", "filtered_features": "0:00:00.000515", "model_training_time": "0:00:00.002220"}, "n_words": [3, 3, 3, 3, 3], "selected_vocabulary": [["var_2", "var_4", "var_26"], ["var_2", "var_26", "var_4"], ["var_2", "var_26", "var_4"], ["var_2", "var_26", "var_4"], ["var_3", "var_26", "var_4"]]}