{"classification_report_train": {"accuracy": {"mean": 0.9636781901372649, "std": 0.0026058576005981472}, "0": {"precision_mean": 0.9748646870751871, "precision_std": 0.0022362880797604876, "recall_mean": 0.9226336633663367, "recall_std": 0.0058380321471403285, "f1-score_mean": 0.9479822632870935, "f1-score_std": 0.0034364530578078335, "support_mean": 100.8, "support_std": 0.17888543819998318}, "1": {"precision_mean": 0.9579750981323599, "precision_std": 0.0030584821880102813, "recall_mean": 0.9866666666666667, "recall_std": 0.001217161238900389, "f1-score_mean": 0.9720963551040978, "f1-score_std": 0.0017636708490920466, "support_mean": 180.0, "support_std": 0.0}, "macro avg": {"precision_mean": 0.9664198926037736, "precision_std": 0.002066068368717633, "recall_mean": 0.9546501650165016, "recall_std": 0.003049633770180255, "f1-score_mean": 0.9600393091955957, "f1-score_std": 0.0025988457399505373, "support_mean": 280.8, "support_std": 0.17888543819998318}, "weighted avg": {"precision_mean": 0.9640380532401108, "precision_std": 0.0022578326591021613, "recall_mean": 0.9636781901372649, "recall_std": 0.0023307498938487815, "f1-score_mean": 0.9634388481219395, "f1-score_std": 0.0023671868178784263, "support_mean": 280.8, "support_std": 0.17888543819998318}}, "classification_report_test": {"accuracy": {"mean": 0.9429778672032194, "std": 0.018649816798983008}, "0": {"precision_mean": 0.9722567287784679, "precision_std": 0.016866782102659662, "recall_mean": 0.8649230769230769, "recall_std": 0.03692410254985794, "f1-score_mean": 0.9140836044562752, "f1-score_std": 0.025593884569016297, "support_mean": 25.2, "support_std": 0.17888543819998315}, "1": {"precision_mean": 0.9302442466348241, "precision_std": 0.01859561099153128, "recall_mean": 0.9866666666666667, "recall_std": 0.007950463919999247, "f1-score_mean": 0.9573051425376429, "f1-score_std": 0.012377184093529378, "support_mean": 45.0, "support_std": 0.0}, "macro avg": {"precision_mean": 0.951250487706646, "precision_std": 0.01589925493821053, "recall_mean": 0.9257948717948719, "recall_std": 0.02105264612769643, "f1-score_mean": 0.935694373496959, "f1-score_std": 0.01897857429200248, "support_mean": 70.2, "support_std": 0.17888543819998318}, "weighted avg": {"precision_mean": 0.9453618836177149, "precision_std": 0.01634946284601096, "recall_mean": 0.9429778672032194, "recall_std": 0.016680903252177415, "f1-score_mean": 0.9418164246459032, "f1-score_std": 0.017080866362830516, "support_mean": 70.2, "support_std": 0.17888543819998318}}, "timing": {"extractor_fit": "0:00:00.246353", "filtered_features": "0:00:00.000538", "model_training_time": "0:00:00.002784"}, "n_words": [22, 22, 22, 22, 22], "selected_vocabulary": [["var_29", "var_15", "var_3", "var_8", "var_16", "var_33", "var_7", "var_27", "var_32", "var_19", "var_22", "var_9", "var_11", "var_6", "var_21", "var_25", "var_5", "var_23", "var_30", "var_26", "var_2", "var_4"], ["var_11", "var_16", "var_17", "var_9", "var_19", "var_14", "var_5", "var_33", "var_8", "var_30", "var_18", "var_10", "var_25", "var_24", "var_21", "var_3", "var_7", "var_6", "var_27", "var_26", "var_2", "var_4"], ["var_19", "var_31", "var_11", "var_25", "var_9", "var_12", "var_30", "var_5", "var_32", "var_13", "var_33", "var_8", "var_20", "var_6", "var_23", "var_21", "var_3", "var_27", "var_7", "var_2", "var_26", "var_4"], ["var_16", "var_23", "var_32", "var_19", "var_22", "var_8", "var_31", "var_25", "var_27", "var_11", "var_7", "var_24", "var_9", "var_6", "var_30", "var_20", "var_5", "var_3", "var_21", "var_4", "var_2", "var_26"], ["var_23", "var_30", "var_24", "var_7", "var_19", "var_14", "var_31", "var_13", "var_11", "var_33", "var_6", "var_9", "var_5", "var_21", "var_8", "var_20", "var_22", "var_2", "var_27", "var_3", "var_26", "var_4"]]}