{"classification_report_train": {"accuracy": {"mean": 0.9643823080833759, "std": 0.0025380549842928487}, "0": {"precision_mean": 0.9689849393365593, "precision_std": 0.002978382584078235, "recall_mean": 0.9305346534653465, "recall_std": 0.00404131200542879, "f1-score_mean": 0.9493605450379896, "f1-score_std": 0.003305444902639371, "support_mean": 100.8, "support_std": 0.17888543819998318}, "1": {"precision_mean": 0.9619678873456493, "precision_std": 0.002133001679506435, "recall_mean": 0.9833333333333334, "recall_std": 0.0015713484026367824, "f1-score_mean": 0.972530408570259, "f1-score_std": 0.0017280771396865934, "support_mean": 180.0, "support_std": 0.0}, "macro avg": {"precision_mean": 0.9654764133411045, "precision_std": 0.0023895049995155716, "recall_mean": 0.9569339933993399, "recall_std": 0.0026435891236735944, "f1-score_mean": 0.9609454768041242, "f1-score_std": 0.0025165610491740273, "support_mean": 280.8, "support_std": 0.17888543819998318}, "weighted avg": {"precision_mean": 0.9644892016937892, "precision_std": 0.002276802405812646, "recall_mean": 0.9643823080833759, "recall_std": 0.002270105390204388, "f1-score_mean": 0.9642153796906616, "f1-score_std": 0.002286588669602405, "support_mean": 280.8, "support_std": 0.17888543819998318}}, "classification_report_test": {"accuracy": {"mean": 0.9543661971830986, "std": 0.014592505914410534}, "0": {"precision_mean": 0.9730848861283643, "precision_std": 0.009851244102170037, "recall_mean": 0.8966153846153846, "recall_std": 0.029172086844920325, "f1-score_mean": 0.9325797101449276, "f1-score_std": 0.019773359838284092, "support_mean": 25.2, "support_std": 0.17888543819998315}, "1": {"precision_mean": 0.9455492835432047, "precision_std": 0.014895882875358053, "recall_mean": 0.9866666666666667, "recall_std": 0.0048686449556014835, "f1-score_mean": 0.9654949121184089, "f1-score_std": 0.009745859466062365, "support_mean": 45.0, "support_std": 0.0}, "macro avg": {"precision_mean": 0.9593170848357845, "precision_std": 0.011889866118916776, "recall_mean": 0.9416410256410256, "recall_std": 0.01662492076243437, "f1-score_mean": 0.9490373111316682, "f1-score_std": 0.014754284475290796, "support_mean": 70.2, "support_std": 0.17888543819998318}, "weighted avg": {"precision_mean": 0.9554604854168591, "precision_std": 0.012697143153775563, "recall_mean": 0.9543661971830986, "recall_std": 0.013051934074675873, "f1-score_mean": 0.9537064148691098, "f1-score_std": 0.013312787219071715, "support_mean": 70.2, "support_std": 0.17888543819998318}}, "timing": {"extractor_fit": "0:00:00.055274", "filtered_features": "0:00:00.000455", "model_training_time": "0:00:00.002354"}, "n_words": [17, 17, 17, 17, 17], "selected_vocabulary": [["var_3", "var_27", "var_21", "var_26", "var_28", "var_13", "var_23", "var_12", "var_32", "var_30", "var_7", "var_6", "var_20", "var_14", "var_2", "var_4", "var_5"], ["var_15", "var_33", "var_28", "var_23", "var_21", "var_12", "var_14", "var_30", "var_7", "var_13", "var_26", "var_6", "var_32", "var_2", "var_20", "var_4", "var_5"], ["var_3", "var_9", "var_31", "var_21", "var_26", "var_16", "var_15", "var_13", "var_33", "var_32", "var_7", "var_30", "var_2", "var_28", "var_5", "var_20", "var_4"], ["var_25", "var_12", "var_6", "var_31", "var_26", "var_22", "var_2", "var_20", "var_30", "var_33", "var_13", "var_23", "var_4", "var_32", "var_28", "var_5", "var_7"], ["var_21", "var_31", "var_30", "var_22", "var_33", "var_23", "var_13", "var_15", "var_28", "var_6", "var_7", "var_2", "var_32", "var_20", "var_5", "var_26", "var_4"]]}