{"classification_report_train": {"accuracy": {"mean": 0.957262328418912, "std": 0.0025282664665743997}, "0": {"precision_mean": 0.9683706588322656, "precision_std": 0.002951706101585019, "recall_mean": 0.9107128712871286, "recall_std": 0.00560311367496878, "f1-score_mean": 0.9386057176336999, "f1-score_std": 0.0033896902451437394, "support_mean": 100.8, "support_std": 0.17888543819998318}, "1": {"precision_mean": 0.9516563591544852, "precision_std": 0.002895530750180614, "recall_mean": 0.9833333333333334, "recall_std": 0.0015713484026367824, "f1-score_mean": 0.9672215837241879, "f1-score_std": 0.0016946920255346966, "support_mean": 180.0, "support_std": 0.0}, "macro avg": {"precision_mean": 0.9600135089933755, "precision_std": 0.002157536446078834, "recall_mean": 0.9470231023102311, "recall_std": 0.002926604613756856, "f1-score_mean": 0.952913650678944, "f1-score_std": 0.0025414769295493277, "support_mean": 280.8, "support_std": 0.17888543819998318}, "weighted avg": {"precision_mean": 0.9576609960763202, "precision_std": 0.0022183933820187885, "recall_mean": 0.957262328418912, "recall_std": 0.0022613502737974227, "f1-score_mean": 0.9569503726817399, "f1-score_std": 0.0022986503814806597, "support_mean": 280.8, "support_std": 0.17888543819998318}}, "classification_report_test": {"accuracy": {"mean": 0.9401609657947686, "std": 0.016544644114563835}, "0": {"precision_mean": 0.956023800760643, "precision_std": 0.0021742168275023974, "recall_mean": 0.8729230769230769, "recall_std": 0.041458841071098214, "f1-score_mean": 0.910193301305048, "f1-score_std": 0.02415109058619926, "support_mean": 25.2, "support_std": 0.17888543819998315}, "1": {"precision_mean": 0.9344207433204549, "precision_std": 0.0202432793095247, "recall_mean": 0.9777777777777776, "recall_std": 4.965068306494546e-17, "f1-score_mean": 0.9550443953827348, "f1-score_std": 0.010645846517719064, "support_mean": 45.0, "support_std": 0.0}, "macro avg": {"precision_mean": 0.9452222720405489, "precision_std": 0.011175712128528574, "recall_mean": 0.9253504273504273, "recall_std": 0.020729420535549124, "f1-score_mean": 0.9326188483438914, "f1-score_std": 0.01738334647796565, "support_mean": 70.2, "support_std": 0.17888543819998318}, "weighted avg": {"precision_mean": 0.9421762554012275, "precision_std": 0.013766580483455816, "recall_mean": 0.9401609657947686, "recall_std": 0.01479797956148262, "f1-score_mean": 0.9389600115517351, "f1-score_std": 0.01544982924259106, "support_mean": 70.2, "support_std": 0.17888543819998318}}, "timing": {"extractor_fit": "0:00:00.001456", "filtered_features": "0:00:00.000441", "model_training_time": "0:00:00.002541"}, "n_words": [22, 22, 22, 22, 22], "selected_vocabulary": [["var_15", "var_21", "var_10", "var_14", "var_26", "var_24", "var_12", "var_11", "var_22", "var_5", "var_7", "var_20", "var_28", "var_13", "var_8", "var_32", "var_30", "var_6", "var_0", "var_2", "var_4", "var_1"], ["var_3", "var_5", "var_10", "var_15", "var_22", "var_17", "var_12", "var_11", "var_28", "var_20", "var_24", "var_14", "var_7", "var_13", "var_30", "var_32", "var_8", "var_0", "var_6", "var_4", "var_2", "var_1"], ["var_9", "var_24", "var_5", "var_3", "var_12", "var_15", "var_13", "var_7", "var_11", "var_20", "var_10", "var_14", "var_22", "var_32", "var_28", "var_30", "var_8", "var_6", "var_4", "var_2", "var_0", "var_1"], ["var_18", "var_5", "var_3", "var_13", "var_21", "var_15", "var_10", "var_12", "var_7", "var_14", "var_22", "var_32", "var_24", "var_20", "var_8", "var_30", "var_28", "var_6", "var_0", "var_4", "var_2", "var_1"], ["var_15", "var_13", "var_26", "var_18", "var_5", "var_9", "var_24", "var_10", "var_28", "var_20", "var_32", "var_7", "var_12", "var_22", "var_14", "var_30", "var_8", "var_0", "var_6", "var_2", "var_4", "var_1"]]}