{"classification_report_train": {"accuracy": {"mean": 0.9565480427046265, "std": 0.003279239227507195}, "0": {"precision_mean": 0.9682586767493989, "precision_std": 0.003046988911838045, "recall_mean": 0.9087128712871287, "recall_std": 0.0065580140499682145, "f1-score_mean": 0.9374955955515603, "f1-score_std": 0.004381065228738333, "support_mean": 100.8, "support_std": 0.17888543819998318}, "1": {"precision_mean": 0.9506391508127988, "precision_std": 0.003396716075910407, "recall_mean": 0.9833333333333334, "recall_std": 0.0015713484026367824, "f1-score_mean": 0.9666975760901098, "f1-score_std": 0.002201926518595782, "support_mean": 180.0, "support_std": 0.0}, "macro avg": {"precision_mean": 0.9594489137810989, "precision_std": 0.0027942659578133015, "recall_mean": 0.946023102310231, "recall_std": 0.0036985675664525457, "f1-score_mean": 0.9520965858208351, "f1-score_std": 0.003291174481214445, "support_mean": 280.8, "support_std": 0.17888543819998318}, "weighted avg": {"precision_mean": 0.9569670184349353, "precision_std": 0.002888636145704475, "recall_mean": 0.9565480427046265, "recall_std": 0.0029330407308759943, "f1-score_mean": 0.9562170077034018, "f1-score_std": 0.0029779673111147145, "support_mean": 280.8, "support_std": 0.17888543819998318}}, "classification_report_test": {"accuracy": {"mean": 0.9401609657947686, "std": 0.01938468635815659}, "0": {"precision_mean": 0.9554157131960336, "precision_std": 0.012433742555789848, "recall_mean": 0.8729230769230769, "recall_std": 0.041458841071098214, "f1-score_mean": 0.9103914656771799, "f1-score_std": 0.02733703881039047, "support_mean": 25.2, "support_std": 0.17888543819998315}, "1": {"precision_mean": 0.9340661333913769, "precision_std": 0.020307862135392034, "recall_mean": 0.9777777777777776, "recall_std": 0.006285393610547083, "f1-score_mean": 0.955000796305144, "f1-score_std": 0.012728386131830903, "support_mean": 45.0, "support_std": 0.0}, "macro avg": {"precision_mean": 0.9447409232937052, "precision_std": 0.015155978395919806, "recall_mean": 0.9253504273504273, "recall_std": 0.02259859575417537, "f1-score_mean": 0.9326961309911621, "f1-score_std": 0.020002672356056635, "support_mean": 70.2, "support_std": 0.17888543819998318}, "weighted avg": {"precision_mean": 0.9417311177451742, "precision_std": 0.016461027631213366, "recall_mean": 0.9401609657947686, "recall_std": 0.017338190567740386, "f1-score_mean": 0.9390027565633311, "f1-score_std": 0.017911804442454597, "support_mean": 70.2, "support_std": 0.17888543819998318}}, "timing": {"extractor_fit": "0:00:00.001395", "filtered_features": "0:00:00.000473", "model_training_time": "0:00:00.002936"}, "n_words": [27, 27, 27, 27, 27], "selected_vocabulary": [["var_27", "var_33", "var_3", "var_9", "var_17", "var_15", "var_21", "var_10", "var_14", "var_26", "var_24", "var_12", "var_11", "var_22", "var_5", "var_7", "var_20", "var_28", "var_13", "var_8", "var_32", "var_30", "var_6", "var_0", "var_2", "var_4", "var_1"], ["var_16", "var_26", "var_21", "var_18", "var_9", "var_3", "var_5", "var_10", "var_15", "var_22", "var_17", "var_12", "var_11", "var_28", "var_20", "var_24", "var_14", "var_7", "var_13", "var_30", "var_32", "var_8", "var_0", "var_6", "var_4", "var_2", "var_1"], ["var_33", "var_17", "var_16", "var_18", "var_21", "var_9", "var_24", "var_5", "var_3", "var_12", "var_15", "var_13", "var_7", "var_11", "var_20", "var_10", "var_14", "var_22", "var_32", "var_28", "var_30", "var_8", "var_6", "var_4", "var_2", "var_0", "var_1"], ["var_26", "var_9", "var_17", "var_16", "var_11", "var_18", "var_5", "var_3", "var_13", "var_21", "var_15", "var_10", "var_12", "var_7", "var_14", "var_22", "var_32", "var_24", "var_20", "var_8", "var_30", "var_28", "var_6", "var_0", "var_4", "var_2", "var_1"], ["var_27", "var_3", "var_16", "var_17", "var_11", "var_15", "var_13", "var_26", "var_18", "var_5", "var_9", "var_24", "var_10", "var_28", "var_20", "var_32", "var_7", "var_12", "var_22", "var_14", "var_30", "var_8", "var_0", "var_6", "var_2", "var_4", "var_1"]]}