{"classification_report_train": {"accuracy": {"mean": 0.9558362989323843, "std": 0.003315725415343011}, "0": {"precision_mean": 0.9682109469387633, "precision_std": 0.0030188480569349036, "recall_mean": 0.9067326732673268, "recall_std": 0.007229214548343537, "f1-score_mean": 0.9363950095162561, "f1-score_std": 0.0044790696992668124, "support_mean": 100.8, "support_std": 0.17888543819998318}, "1": {"precision_mean": 0.9496371156733339, "precision_std": 0.00371270150091156, "recall_mean": 0.9833333333333334, "recall_std": 0.0015713484026367824, "f1-score_mean": 0.9661732125227381, "f1-score_std": 0.002213145081309936, "support_mean": 180.0, "support_std": 0.0}, "macro avg": {"precision_mean": 0.9589240313060486, "precision_std": 0.002713302758041234, "recall_mean": 0.94503300330033, "recall_std": 0.0038591178667169456, "f1-score_mean": 0.9512841110194972, "f1-score_std": 0.0033455543581416753, "support_mean": 280.8, "support_std": 0.17888543819998318}, "weighted avg": {"precision_mean": 0.9563079898371493, "precision_std": 0.0028903311794840677, "recall_mean": 0.9558362989323843, "recall_std": 0.002965674969372279, "f1-score_mean": 0.9554855321457769, "f1-score_std": 0.003020990472943648, "support_mean": 280.8, "support_std": 0.17888543819998318}}, "classification_report_test": {"accuracy": {"mean": 0.9373440643863178, "std": 0.016635179229731664}, "0": {"precision_mean": 0.9556614819200633, "precision_std": 0.0021207366411646906, "recall_mean": 0.8652307692307692, "recall_std": 0.04159563017558626, "f1-score_mean": 0.9057851380397419, "f1-score_std": 0.02411491006877847, "support_mean": 25.2, "support_std": 0.17888543819998315}, "1": {"precision_mean": 0.9305200341005968, "precision_std": 0.020475182892940594, "recall_mean": 0.9777777777777776, "recall_std": 4.965068306494546e-17, "f1-score_mean": 0.9529873593846048, "f1-score_std": 0.010747259466890181, "support_mean": 45.0, "support_std": 0.0}, "macro avg": {"precision_mean": 0.94309075801033, "precision_std": 0.011260588762514314, "recall_mean": 0.9215042735042734, "recall_std": 0.020797815087793145, "f1-score_mean": 0.9293862487121733, "f1-score_std": 0.017413935132166596, "support_mean": 70.2, "support_std": 0.17888543819998318}, "weighted avg": {"precision_mean": 0.9395712947709643, "precision_std": 0.013883399310407163, "recall_mean": 0.9373440643863178, "recall_std": 0.014878956630229036, "f1-score_mean": 0.936041999371259, "f1-score_std": 0.015511973055309445, "support_mean": 70.2, "support_std": 0.17888543819998318}}, "timing": {"extractor_fit": "0:00:00.001332", "filtered_features": "0:00:00.000425", "model_training_time": "0:00:00.002597"}, "n_words": [24, 24, 24, 24, 24], "selected_vocabulary": [["var_9", "var_17", "var_15", "var_21", "var_10", "var_14", "var_26", "var_24", "var_12", "var_11", "var_22", "var_5", "var_7", "var_20", "var_28", "var_13", "var_8", "var_32", "var_30", "var_6", "var_0", "var_2", "var_4", "var_1"], ["var_18", "var_9", "var_3", "var_5", "var_10", "var_15", "var_22", "var_17", "var_12", "var_11", "var_28", "var_20", "var_24", "var_14", "var_7", "var_13", "var_30", "var_32", "var_8", "var_0", "var_6", "var_4", "var_2", "var_1"], ["var_18", "var_21", "var_9", "var_24", "var_5", "var_3", "var_12", "var_15", "var_13", "var_7", "var_11", "var_20", "var_10", "var_14", "var_22", "var_32", "var_28", "var_30", "var_8", "var_6", "var_4", "var_2", "var_0", "var_1"], ["var_16", "var_11", "var_18", "var_5", "var_3", "var_13", "var_21", "var_15", "var_10", "var_12", "var_7", "var_14", "var_22", "var_32", "var_24", "var_20", "var_8", "var_30", "var_28", "var_6", "var_0", "var_4", "var_2", "var_1"], ["var_17", "var_11", "var_15", "var_13", "var_26", "var_18", "var_5", "var_9", "var_24", "var_10", "var_28", "var_20", "var_32", "var_7", "var_12", "var_22", "var_14", "var_30", "var_8", "var_0", "var_6", "var_2", "var_4", "var_1"]]}