{"classification_report_train": {"accuracy": {"mean": 0.9558362989323843, "std": 0.0036778976354131816}, "0": {"precision_mean": 0.9681885505221899, "precision_std": 0.0030500115450955126, "recall_mean": 0.9067326732673268, "recall_std": 0.007752671241658402, "f1-score_mean": 0.9363845437915048, "f1-score_std": 0.004947183756168026, "support_mean": 100.8, "support_std": 0.17888543819998318}, "1": {"precision_mean": 0.9496428657739605, "precision_std": 0.003997257360119961, "recall_mean": 0.9833333333333334, "recall_std": 0.0015713484026367824, "f1-score_mean": 0.9661761904414707, "f1-score_std": 0.002460634444241603, "support_mean": 180.0, "support_std": 0.0}, "macro avg": {"precision_mean": 0.9589157081480751, "precision_std": 0.0030110161956292143, "recall_mean": 0.94503300330033, "recall_std": 0.004237156218388566, "f1-score_mean": 0.9512803671164878, "f1-score_std": 0.0037034808808221707, "support_mean": 280.8, "support_std": 0.17888543819998318}, "weighted avg": {"precision_mean": 0.9563036232180705, "precision_std": 0.003209283648425195, "recall_mean": 0.9558362989323843, "recall_std": 0.0032896116508278448, "f1-score_mean": 0.9554836780075989, "f1-score_std": 0.0033484974511846385, "support_mean": 280.8, "support_std": 0.17888543819998318}}, "classification_report_test": {"accuracy": {"mean": 0.9373440643863178, "std": 0.016635179229731664}, "0": {"precision_mean": 0.9556614819200633, "precision_std": 0.0021207366411646906, "recall_mean": 0.8652307692307692, "recall_std": 0.04159563017558626, "f1-score_mean": 0.9057851380397419, "f1-score_std": 0.02411491006877847, "support_mean": 25.2, "support_std": 0.17888543819998315}, "1": {"precision_mean": 0.9305200341005968, "precision_std": 0.020475182892940594, "recall_mean": 0.9777777777777776, "recall_std": 4.965068306494546e-17, "f1-score_mean": 0.9529873593846048, "f1-score_std": 0.010747259466890181, "support_mean": 45.0, "support_std": 0.0}, "macro avg": {"precision_mean": 0.94309075801033, "precision_std": 0.011260588762514314, "recall_mean": 0.9215042735042734, "recall_std": 0.020797815087793145, "f1-score_mean": 0.9293862487121733, "f1-score_std": 0.017413935132166596, "support_mean": 70.2, "support_std": 0.17888543819998318}, "weighted avg": {"precision_mean": 0.9395712947709643, "precision_std": 0.013883399310407163, "recall_mean": 0.9373440643863178, "recall_std": 0.014878956630229036, "f1-score_mean": 0.936041999371259, "f1-score_std": 0.015511973055309445, "support_mean": 70.2, "support_std": 0.17888543819998318}}, "timing": {"extractor_fit": "0:00:00.001474", "filtered_features": "0:00:00.000516", "model_training_time": "0:00:00.002837"}, "n_words": [26, 26, 26, 26, 26], "selected_vocabulary": [["var_33", "var_3", "var_9", "var_17", "var_15", "var_21", "var_10", "var_14", "var_26", "var_24", "var_12", "var_11", "var_22", "var_5", "var_7", "var_20", "var_28", "var_13", "var_8", "var_32", "var_30", "var_6", "var_0", "var_2", "var_4", "var_1"], ["var_26", "var_21", "var_18", "var_9", "var_3", "var_5", "var_10", "var_15", "var_22", "var_17", "var_12", "var_11", "var_28", "var_20", "var_24", "var_14", "var_7", "var_13", "var_30", "var_32", "var_8", "var_0", "var_6", "var_4", "var_2", "var_1"], ["var_17", "var_16", "var_18", "var_21", "var_9", "var_24", "var_5", "var_3", "var_12", "var_15", "var_13", "var_7", "var_11", "var_20", "var_10", "var_14", "var_22", "var_32", "var_28", "var_30", "var_8", "var_6", "var_4", "var_2", "var_0", "var_1"], ["var_9", "var_17", "var_16", "var_11", "var_18", "var_5", "var_3", "var_13", "var_21", "var_15", "var_10", "var_12", "var_7", "var_14", "var_22", "var_32", "var_24", "var_20", "var_8", "var_30", "var_28", "var_6", "var_0", "var_4", "var_2", "var_1"], ["var_3", "var_16", "var_17", "var_11", "var_15", "var_13", "var_26", "var_18", "var_5", "var_9", "var_24", "var_10", "var_28", "var_20", "var_32", "var_7", "var_12", "var_22", "var_14", "var_30", "var_8", "var_0", "var_6", "var_2", "var_4", "var_1"]]}