{"classification_report_train": {"accuracy": {"mean": 0.9572674123029994, "std": 0.0022398259970411462}, "0": {"precision_mean": 0.976469879460004, "precision_std": 0.0016546746595532487, "recall_mean": 0.9027920792079207, "recall_std": 0.007046411602991745, "f1-score_mean": 0.9380855183963991, "f1-score_std": 0.0031193459081365225, "support_mean": 100.8, "support_std": 0.17888543819998318}, "1": {"precision_mean": 0.9478450009779934, "precision_std": 0.0036056260359257084, "recall_mean": 0.9877777777777779, "recall_std": 0.0009938079899999227, "f1-score_mean": 0.9673727327146613, "f1-score_std": 0.0014689581143396827, "support_mean": 180.0, "support_std": 0.0}, "macro avg": {"precision_mean": 0.9621574402189985, "precision_std": 0.0011662396261036421, "recall_mean": 0.9452849284928494, "recall_std": 0.003091889824838528, "f1-score_mean": 0.9527291255555304, "f1-score_std": 0.002293381562436312, "support_mean": 280.8, "support_std": 0.17888543819998318}, "weighted avg": {"precision_mean": 0.9581214770417807, "precision_std": 0.0018169207292066563, "recall_mean": 0.9572674123029994, "recall_std": 0.0020033612748620983, "f1-score_mean": 0.956858375488905, "f1-score_std": 0.002065554987782071, "support_mean": 280.8, "support_std": 0.17888543819998318}}, "classification_report_test": {"accuracy": {"mean": 0.9345271629778672, "std": 0.01942255511728843}, "0": {"precision_mean": 0.9634848484848485, "precision_std": 0.015275853455903678, "recall_mean": 0.8498461538461539, "recall_std": 0.04220120865371416, "f1-score_mean": 0.9007698003654129, "f1-score_std": 0.026764171370839532, "support_mean": 25.2, "support_std": 0.17888543819998315}, "1": {"precision_mean": 0.9229416027280477, "precision_std": 0.021252671466809345, "recall_mean": 0.9822222222222223, "recall_std": 0.007436978013636222, "f1-score_mean": 0.9511159878604701, "f1-score_std": 0.012867944315362551, "support_mean": 45.0, "support_std": 0.0}, "macro avg": {"precision_mean": 0.943213225606448, "precision_std": 0.015346102243973774, "recall_mean": 0.916034188034188, "recall_std": 0.022630123563786308, "f1-score_mean": 0.9259428941129414, "f1-score_std": 0.01980543394861281, "support_mean": 70.2, "support_std": 0.17888543819998318}, "weighted avg": {"precision_mean": 0.9376343763191409, "precision_std": 0.01656356634472753, "recall_mean": 0.9345271629778672, "recall_std": 0.017372061415597332, "f1-score_mean": 0.9330121858791411, "f1-score_std": 0.017847829996674593, "support_mean": 70.2, "support_std": 0.17888543819998318}}, "timing": {"extractor_fit": "0:00:00.194904", "filtered_features": "0:00:00.000585", "model_training_time": "0:00:00.002491"}, "n_words": [16, 16, 16, 16, 16], "selected_vocabulary": [["var_18", "var_19", "var_6", "var_8", "var_14", "var_23", "var_28", "var_3", "var_30", "var_22", "var_27", "var_25", "var_5", "var_2", "var_26", "var_4"], ["var_19", "var_32", "var_25", "var_21", "var_22", "var_30", "var_24", "var_8", "var_7", "var_20", "var_3", "var_4", "var_5", "var_6", "var_26", "var_2"], ["var_0", "var_14", "var_21", "var_5", "var_24", "var_30", "var_3", "var_33", "var_7", "var_27", "var_22", "var_6", "var_23", "var_2", "var_26", "var_4"], ["var_7", "var_3", "var_17", "var_15", "var_24", "var_11", "var_27", "var_6", "var_25", "var_30", "var_5", "var_2", "var_20", "var_21", "var_26", "var_4"], ["var_19", "var_22", "var_9", "var_27", "var_16", "var_28", "var_30", "var_8", "var_14", "var_3", "var_23", "var_5", "var_2", "var_26", "var_6", "var_4"]]}