{"classification_report_train": {"accuracy": {"mean": 0.9337671581087953, "std": 0.007068580952622487}, "0": {"precision_mean": 0.9706447501372027, "precision_std": 0.0032083584804189842, "recall_mean": 0.8413267326732672, "recall_std": 0.020696008128990657, "f1-score_mean": 0.9005243191715948, "f1-score_std": 0.010622818243851553, "support_mean": 100.8, "support_std": 0.17888543819998318}, "1": {"precision_mean": 0.9178891941811095, "precision_std": 0.00988382090170422, "recall_mean": 0.9855555555555556, "recall_std": 0.001987615979999828, "f1-score_mean": 0.9503306046433405, "f1-score_std": 0.004453694028790527, "support_mean": 180.0, "support_std": 0.0}, "macro avg": {"precision_mean": 0.9442669721591562, "precision_std": 0.00360996711702606, "recall_mean": 0.9134411441144115, "recall_std": 0.009456435796501381, "f1-score_mean": 0.9254274619074678, "f1-score_std": 0.007538221646567116, "support_mean": 280.8, "support_std": 0.17888543819998318}, "weighted avg": {"precision_mean": 0.9368351012037783, "precision_std": 0.005339252554105758, "recall_mean": 0.9337671581087953, "recall_std": 0.00632233100580964, "f1-score_mean": 0.9324474458869811, "f1-score_std": 0.006676445733199879, "support_mean": 280.8, "support_std": 0.17888543819998318}}, "classification_report_test": {"accuracy": {"mean": 0.9088531187122737, "std": 0.024135980926045672}, "0": {"precision_mean": 0.9550952380952381, "precision_std": 0.023376985406848728, "recall_mean": 0.7861538461538461, "recall_std": 0.06007805573639254, "f1-score_mean": 0.8551657300601401, "f1-score_std": 0.037105320090766516, "support_mean": 25.2, "support_std": 0.17888543819998315}, "1": {"precision_mean": 0.8950017615235006, "precision_std": 0.02745786021744602, "recall_mean": 0.9777777777777779, "recall_std": 0.010886621079036344, "f1-score_mean": 0.9332525635267463, "f1-score_std": 0.015270453813511107, "support_mean": 45.0, "support_std": 0.0}, "macro avg": {"precision_mean": 0.9250484998093693, "precision_std": 0.017770346671616057, "recall_mean": 0.8819658119658118, "recall_std": 0.029722479983152368, "f1-score_mean": 0.8942091467934432, "f1-score_std": 0.02609520449809258, "support_mean": 70.2, "support_std": 0.17888543819998318}, "weighted avg": {"precision_mean": 0.9167074877561712, "precision_std": 0.019299629798342332, "recall_mean": 0.9088531187122737, "recall_std": 0.021587877621710577, "f1-score_mean": 0.9052133995695746, "f1-score_std": 0.022981970892178107, "support_mean": 70.2, "support_std": 0.17888543819998318}}, "timing": {"extractor_fit": "0:00:00.001442", "filtered_features": "0:00:00.000425", "model_training_time": "0:00:00.002385"}, "n_words": [10, 10, 10, 10, 10], "selected_vocabulary": [["var_28", "var_13", "var_8", "var_32", "var_30", "var_6", "var_0", "var_2", "var_4", "var_1"], ["var_7", "var_13", "var_30", "var_32", "var_8", "var_0", "var_6", "var_4", "var_2", "var_1"], ["var_22", "var_32", "var_28", "var_30", "var_8", "var_6", "var_4", "var_2", "var_0", "var_1"], ["var_24", "var_20", "var_8", "var_30", "var_28", "var_6", "var_0", "var_4", "var_2", "var_1"], ["var_12", "var_22", "var_14", "var_30", "var_8", "var_0", "var_6", "var_2", "var_4", "var_1"]]}