{"classification_report_train": {"accuracy": {"mean": 0.8575927808845958, "std": 0.020799677297054616}, "0": {"precision_mean": 0.9092916816789767, "precision_std": 0.014091495292459308, "recall_mean": 0.670970297029703, "recall_std": 0.055492076655254095, "f1-score_mean": 0.7657877534960474, "f1-score_std": 0.03642308479299074, "support_mean": 100.8, "support_std": 0.17888543819998318}, "1": {"precision_mean": 0.8425659660719085, "precision_std": 0.023227516284370708, "recall_mean": 0.9622222222222222, "recall_std": 0.006363476028122821, "f1-score_mean": 0.8973775273259822, "f1-score_std": 0.012188480262041215, "support_mean": 180.0, "support_std": 0.0}, "macro avg": {"precision_mean": 0.8759288238754426, "precision_std": 0.01408983118990998, "recall_mean": 0.8165962596259625, "recall_std": 0.026538909819955856, "f1-score_mean": 0.8315826404110147, "f1-score_std": 0.024273800218984704, "support_mean": 280.8, "support_std": 0.17888543819998318}, "weighted avg": {"precision_mean": 0.866545692166081, "precision_std": 0.016120015136870735, "recall_mean": 0.8575927808845958, "recall_std": 0.018603796938509283, "f1-score_mean": 0.8501067135510005, "f1-score_std": 0.02088187978589189, "support_mean": 280.8, "support_std": 0.17888543819998318}}, "classification_report_test": {"accuracy": {"mean": 0.8288933601609658, "std": 0.016571294693314424}, "0": {"precision_mean": 0.90506993006993, "precision_std": 0.0266877372051364, "recall_mean": 0.5938461538461539, "recall_std": 0.05812046253842507, "f1-score_mean": 0.7049815335779338, "f1-score_std": 0.03735144032204564, "support_mean": 25.2, "support_std": 0.17888543819998315}, "1": {"precision_mean": 0.8125311344678618, "precision_std": 0.020352001488958035, "recall_mean": 0.96, "recall_std": 0.013184352865947845, "f1-score_mean": 0.8786861258479007, "f1-score_std": 0.008605163825017388, "support_mean": 45.0, "support_std": 0.0}, "macro avg": {"precision_mean": 0.8588005322688959, "precision_std": 0.010725696241275335, "recall_mean": 0.776923076923077, "recall_std": 0.024258331600841718, "f1-score_mean": 0.7918338297129172, "f1-score_std": 0.022731614371596254, "support_mean": 70.2, "support_std": 0.17888543819998318}, "weighted avg": {"precision_mean": 0.8456378188122915, "precision_std": 0.010490044678763081, "recall_mean": 0.8288933601609658, "recall_std": 0.014821816563773032, "f1-score_mean": 0.8165010767870591, "f1-score_std": 0.018485652893518677, "support_mean": 70.2, "support_std": 0.17888543819998318}}, "timing": {"extractor_fit": "0:00:00.057072", "filtered_features": "0:00:00.000481", "model_training_time": "0:00:00.002347"}, "n_words": [2, 2, 2, 2, 2], "selected_vocabulary": [["var_4", "var_5"], ["var_20", "var_4"], ["var_20", "var_5"], ["var_5", "var_7"], ["var_20", "var_4"]]}