{"classification_report_train": {"accuracy": {"mean": 0.9643823080833757, "std": 0.0029957668617434275}, "0": {"precision_mean": 0.9749220066138392, "precision_std": 0.0022166829814553994, "recall_mean": 0.9245742574257425, "recall_std": 0.007785598724269282, "f1-score_mean": 0.9489836202836359, "f1-score_std": 0.004065377325276078, "support_mean": 100.8, "support_std": 0.17888543819998318}, "1": {"precision_mean": 0.9590546421431803, "precision_std": 0.004030770322654887, "recall_mean": 0.9866666666666667, "recall_std": 0.001217161238900389, "f1-score_mean": 0.9726379806189923, "f1-score_std": 0.0019927862292643374, "support_mean": 180.0, "support_std": 0.0}, "macro avg": {"precision_mean": 0.9669883243785098, "precision_std": 0.0021336461509817127, "recall_mean": 0.9556204620462048, "recall_std": 0.003776709039838658, "f1-score_mean": 0.9608108004513142, "f1-score_std": 0.0030289051494725725, "support_mean": 280.8, "support_std": 0.17888543819998318}, "weighted avg": {"precision_mean": 0.964750321704906, "precision_std": 0.0025775660956046586, "recall_mean": 0.9643823080833757, "recall_std": 0.002679495339039807, "f1-score_mean": 0.964149179983138, "f1-score_std": 0.0027304130774470385, "support_mean": 280.8, "support_std": 0.17888543819998318}}, "classification_report_test": {"accuracy": {"mean": 0.9373038229376258, "std": 0.01727556065461619}, "0": {"precision_mean": 0.9637490465293668, "precision_std": 0.014828314467830825, "recall_mean": 0.8572307692307692, "recall_std": 0.036744182005354314, "f1-score_mean": 0.905643166357452, "f1-score_std": 0.024719358153083553, "support_mean": 25.2, "support_std": 0.17888543819998315}, "1": {"precision_mean": 0.926157734138984, "precision_std": 0.017714900400123624, "recall_mean": 0.9822222222222223, "recall_std": 0.007436978013636222, "f1-score_mean": 0.9529880079833827, "f1-score_std": 0.01125250787554976, "support_mean": 45.0, "support_std": 0.0}, "macro avg": {"precision_mean": 0.9449533903341754, "precision_std": 0.013944917576170692, "recall_mean": 0.9197264957264956, "recall_std": 0.019994277799278842, "f1-score_mean": 0.9293155871704174, "f1-score_std": 0.017963156806088624, "support_mean": 70.2, "support_std": 0.17888543819998318}, "weighted avg": {"precision_mean": 0.9397310285797247, "precision_std": 0.014638191151197062, "recall_mean": 0.9373038229376258, "recall_std": 0.015451731189257027, "f1-score_mean": 0.9360052886347665, "f1-score_std": 0.016032542636371407, "support_mean": 70.2, "support_std": 0.17888543819998318}}, "timing": {"extractor_fit": "0:00:00.125537", "filtered_features": "0:00:00.000676", "model_training_time": "0:00:00.003174"}, "n_words": [31, 31, 31, 31, 31], "selected_vocabulary": [["var_10", "var_33", "var_20", "var_12", "var_17", "var_0", "var_11", "var_24", "var_29", "var_25", "var_32", "var_31", "var_14", "var_3", "var_15", "var_9", "var_19", "var_13", "var_8", "var_28", "var_21", "var_7", "var_6", "var_30", "var_5", "var_27", "var_23", "var_22", "var_2", "var_26", "var_4"], ["var_29", "var_16", "var_25", "var_31", "var_28", "var_19", "var_12", "var_32", "var_23", "var_17", "var_13", "var_18", "var_22", "var_21", "var_27", "var_7", "var_24", "var_33", "var_10", "var_20", "var_30", "var_9", "var_5", "var_6", "var_15", "var_11", "var_8", "var_3", "var_2", "var_26", "var_4"], ["var_19", "var_10", "var_25", "var_20", "var_9", "var_15", "var_23", "var_22", "var_13", "var_8", "var_32", "var_29", "var_16", "var_21", "var_14", "var_11", "var_7", "var_28", "var_5", "var_0", "var_24", "var_17", "var_30", "var_33", "var_31", "var_27", "var_3", "var_6", "var_2", "var_26", "var_4"], ["var_31", "var_16", "var_15", "var_9", "var_13", "var_18", "var_28", "var_14", "var_22", "var_19", "var_29", "var_33", "var_32", "var_25", "var_0", "var_23", "var_21", "var_3", "var_10", "var_24", "var_30", "var_6", "var_5", "var_7", "var_11", "var_27", "var_20", "var_8", "var_2", "var_4", "var_26"], ["var_22", "var_12", "var_31", "var_17", "var_20", "var_11", "var_27", "var_15", "var_29", "var_32", "var_23", "var_16", "var_13", "var_0", "var_10", "var_33", "var_28", "var_30", "var_9", "var_5", "var_25", "var_24", "var_8", "var_19", "var_7", "var_21", "var_3", "var_6", "var_2", "var_26", "var_4"]]}