{"classification_report_train": {"accuracy": {"mean": 0.9551270971021861, "std": 0.0024187336575176225}, "0": {"precision_mean": 0.9681903434954849, "precision_std": 0.00292015487023372, "recall_mean": 0.9047722772277227, "recall_std": 0.0059730072826367445, "f1-score_mean": 0.9353390805457318, "f1-score_std": 0.0032990792871893855, "support_mean": 100.8, "support_std": 0.17888543819998318}, "1": {"precision_mean": 0.9486074916960299, "precision_std": 0.0030502941097356163, "recall_mean": 0.9833333333333332, "recall_std": 0.0015713484026367824, "f1-score_mean": 0.9656401175880649, "f1-score_std": 0.001606529836724889, "support_mean": 180.0, "support_std": 0.0}, "macro avg": {"precision_mean": 0.9583989175957572, "precision_std": 0.001954636854203186, "recall_mean": 0.944052805280528, "recall_std": 0.0029215386083730225, "f1-score_mean": 0.9504895990668984, "f1-score_std": 0.0024517707957129554, "support_mean": 280.8, "support_std": 0.17888543819998318}, "weighted avg": {"precision_mean": 0.9556431740423811, "precision_std": 0.002082037295990497, "recall_mean": 0.9551270971021861, "recall_std": 0.0021633811510704394, "f1-score_mean": 0.9547632045308967, "f1-score_std": 0.002211906805911455, "support_mean": 280.8, "support_std": 0.17888543819998318}}, "classification_report_test": {"accuracy": {"mean": 0.9345271629778672, "std": 0.017193108916739957}, "0": {"precision_mean": 0.9552662250030671, "precision_std": 0.0021181353309944625, "recall_mean": 0.8575384615384616, "recall_std": 0.0428512771415593, "f1-score_mean": 0.901193301305048, "f1-score_std": 0.02475421299902253, "support_mean": 25.2, "support_std": 0.17888543819998315}, "1": {"precision_mean": 0.9267785375019573, "precision_std": 0.021240646948503535, "recall_mean": 0.9777777777777776, "recall_std": 4.965068306494546e-17, "f1-score_mean": 0.9509740901098394, "f1-score_std": 0.011143727386831686, "support_mean": 45.0, "support_std": 0.0}, "macro avg": {"precision_mean": 0.9410223812525121, "precision_std": 0.011644669795572679, "recall_mean": 0.9176581196581196, "recall_std": 0.021425638570779663, "f1-score_mean": 0.9260836957074436, "f1-score_std": 0.017933173807627014, "support_mean": 70.2, "support_std": 0.17888543819998318}, "weighted avg": {"precision_mean": 0.9370551817177155, "precision_std": 0.014358858163104705, "recall_mean": 0.9345271629778672, "recall_std": 0.015377984112955325, "f1-score_mean": 0.9330844659562381, "f1-score_std": 0.016014779113159794, "support_mean": 70.2, "support_std": 0.17888543819998318}}, "timing": {"extractor_fit": "0:00:00.001250", "filtered_features": "0:00:00.000424", "model_training_time": "0:00:00.002417"}, "n_words": [18, 18, 18, 18, 18], "selected_vocabulary": [["var_26", "var_24", "var_12", "var_11", "var_22", "var_5", "var_7", "var_20", "var_28", "var_13", "var_8", "var_32", "var_30", "var_6", "var_0", "var_2", "var_4", "var_1"], ["var_22", "var_17", "var_12", "var_11", "var_28", "var_20", "var_24", "var_14", "var_7", "var_13", "var_30", "var_32", "var_8", "var_0", "var_6", "var_4", "var_2", "var_1"], ["var_12", "var_15", "var_13", "var_7", "var_11", "var_20", "var_10", "var_14", "var_22", "var_32", "var_28", "var_30", "var_8", "var_6", "var_4", "var_2", "var_0", "var_1"], ["var_21", "var_15", "var_10", "var_12", "var_7", "var_14", "var_22", "var_32", "var_24", "var_20", "var_8", "var_30", "var_28", "var_6", "var_0", "var_4", "var_2", "var_1"], ["var_5", "var_9", "var_24", "var_10", "var_28", "var_20", "var_32", "var_7", "var_12", "var_22", "var_14", "var_30", "var_8", "var_0", "var_6", "var_2", "var_4", "var_1"]]}