{"classification_report_train": {"accuracy": {"mean": 0.9017285205897305, "std": 0.010560415543720803}, "0": {"precision_mean": 0.9143996766906983, "precision_std": 0.008674483150403837, "recall_mean": 0.8017425742574258, "recall_std": 0.02715771521928477, "f1-score_mean": 0.8530658285620569, "f1-score_std": 0.016004023419457246, "support_mean": 100.8, "support_std": 0.17888543819998318}, "1": {"precision_mean": 0.8970215511686318, "precision_std": 0.012723970792886686, "recall_mean": 0.9577777777777777, "recall_std": 0.004608098078517275, "f1-score_mean": 0.926110097026038, "f1-score_std": 0.006643604191971939, "support_mean": 180.0, "support_std": 0.0}, "macro avg": {"precision_mean": 0.905710613929665, "precision_std": 0.007904946904929525, "recall_mean": 0.8797601760176018, "recall_std": 0.013162263144070754, "f1-score_mean": 0.8895879627940474, "f1-score_std": 0.011301411982270006, "support_mean": 280.8, "support_std": 0.17888543819998318}, "weighted avg": {"precision_mean": 0.9032760702799317, "precision_std": 0.00889858200369871, "recall_mean": 0.9017285205897305, "recall_std": 0.009445522810562046, "f1-score_mean": 0.8998773000668152, "f1-score_std": 0.009996891630713805, "support_mean": 280.8, "support_std": 0.17888543819998318}}, "classification_report_test": {"accuracy": {"mean": 0.8259959758551307, "std": 0.025521725108738666}, "0": {"precision_mean": 0.8209486166007904, "precision_std": 0.05296914615279625, "recall_mean": 0.6735384615384616, "recall_std": 0.03583103015395303, "f1-score_mean": 0.735258358662614, "f1-score_std": 0.03325775253217336, "support_mean": 25.2, "support_std": 0.17888543819998315}, "1": {"precision_mean": 0.8338491295938105, "precision_std": 0.01627144440529563, "recall_mean": 0.9111111111111111, "recall_std": 0.025915341754868006, "f1-score_mean": 0.8700420757363254, "f1-score_std": 0.01750674460480508, "support_mean": 45.0, "support_std": 0.0}, "macro avg": {"precision_mean": 0.8273988730973004, "precision_std": 0.031142593048649508, "recall_mean": 0.7923247863247863, "recall_std": 0.02417836658601588, "f1-score_mean": 0.8026502171994696, "f1-score_std": 0.025133759636598096, "support_mean": 70.2, "support_std": 0.17888543819998318}, "weighted avg": {"precision_mean": 0.8292729687772586, "precision_std": 0.025571989527227577, "recall_mean": 0.8259959758551307, "recall_std": 0.022827324898481147, "f1-score_mean": 0.8217826405780331, "f1-score_std": 0.022797498907262324, "support_mean": 70.2, "support_std": 0.17888543819998318}}, "timing": {"extractor_fit": "0:00:00.056665", "filtered_features": "0:00:00.000479", "model_training_time": "0:00:00.002176"}, "n_words": [3, 3, 3, 3, 3], "selected_vocabulary": [["var_2", "var_4", "var_5"], ["var_2", "var_5", "var_20"], ["var_32", "var_5", "var_28"], ["var_28", "var_5", "var_7"], ["var_20", "var_4", "var_26"]]}