{"classification_report_train": {"accuracy": {"mean": 0.9636705643111337, "std": 0.002864244232850625}, "0": {"precision_mean": 0.9729277923547872, "precision_std": 0.00363089470300284, "recall_mean": 0.9245940594059405, "recall_std": 0.007213228379888253, "f1-score_mean": 0.9480428305499812, "f1-score_std": 0.0038317180063170086, "support_mean": 100.8, "support_std": 0.17888543819998318}, "1": {"precision_mean": 0.959001826354039, "precision_std": 0.003751314873537513, "recall_mean": 0.9855555555555556, "recall_std": 0.001987615979999828, "f1-score_mean": 0.9720689770497642, "f1-score_std": 0.0019218265867003636, "support_mean": 180.0, "support_std": 0.0}, "macro avg": {"precision_mean": 0.9659648093544131, "precision_std": 0.0023363111788034167, "recall_mean": 0.955074807480748, "recall_std": 0.0034840112711534356, "f1-score_mean": 0.9600559037998728, "f1-score_std": 0.0028757468461341642, "support_mean": 280.8, "support_std": 0.17888543819998318}, "weighted avg": {"precision_mean": 0.964006415844505, "precision_std": 0.002496255121960104, "recall_mean": 0.9636705643111337, "recall_std": 0.002561857923526293, "f1-score_mean": 0.9634461738651172, "f1-score_std": 0.002600772963877368, "support_mean": 280.8, "support_std": 0.17888543819998318}}, "classification_report_test": {"accuracy": {"mean": 0.9429778672032192, "std": 0.016929004012041306}, "0": {"precision_mean": 0.9720494417862838, "precision_std": 0.010326938353242667, "recall_mean": 0.8649230769230769, "recall_std": 0.03692410254985795, "f1-score_mean": 0.9137883393202542, "f1-score_std": 0.024597810183298832, "support_mean": 25.2, "support_std": 0.17888543819998315}, "1": {"precision_mean": 0.930338874680307, "precision_std": 0.0176512771356426, "recall_mean": 0.9866666666666667, "recall_std": 0.0048686449556014835, "f1-score_mean": 0.9573378234668557, "f1-score_std": 0.010923024922321207, "support_mean": 45.0, "support_std": 0.0}, "macro avg": {"precision_mean": 0.9511941582332953, "precision_std": 0.01289631265922246, "recall_mean": 0.9257948717948719, "recall_std": 0.019944468160685055, "f1-score_mean": 0.9355630813935549, "f1-score_std": 0.017750122696755886, "support_mean": 70.2, "support_std": 0.17888543819998318}, "weighted avg": {"precision_mean": 0.9453486848640311, "precision_std": 0.014133407968890042, "recall_mean": 0.9429778672032192, "recall_std": 0.015141761504916411, "f1-score_mean": 0.9417319819803899, "f1-score_std": 0.015785950986767338, "support_mean": 70.2, "support_std": 0.17888543819998318}}, "timing": {"extractor_fit": "0:00:00.191861", "filtered_features": "0:00:00.000561", "model_training_time": "0:00:00.003336"}, "n_words": [30, 30, 30, 30, 30], "selected_vocabulary": [["var_9", "var_15", "var_33", "var_29", "var_31", "var_18", "var_6", "var_17", "var_7", "var_20", "var_21", "var_24", "var_13", "var_32", "var_16", "var_22", "var_19", "var_8", "var_11", "var_30", "var_27", "var_25", "var_14", "var_28", "var_3", "var_23", "var_5", "var_2", "var_26", "var_4"], ["var_10", "var_28", "var_30", "var_24", "var_29", "var_31", "var_15", "var_22", "var_16", "var_19", "var_17", "var_23", "var_25", "var_13", "var_27", "var_20", "var_5", "var_8", "var_33", "var_9", "var_18", "var_11", "var_21", "var_3", "var_32", "var_7", "var_6", "var_2", "var_26", "var_4"], ["var_18", "var_25", "var_0", "var_31", "var_12", "var_22", "var_29", "var_16", "var_19", "var_17", "var_28", "var_24", "var_30", "var_7", "var_23", "var_33", "var_5", "var_21", "var_27", "var_9", "var_32", "var_8", "var_15", "var_11", "var_6", "var_14", "var_3", "var_2", "var_26", "var_4"], ["var_10", "var_31", "var_32", "var_14", "var_22", "var_29", "var_20", "var_16", "var_13", "var_18", "var_11", "var_33", "var_9", "var_28", "var_15", "var_23", "var_24", "var_7", "var_19", "var_30", "var_6", "var_25", "var_5", "var_3", "var_27", "var_8", "var_21", "var_26", "var_2", "var_4"], ["var_10", "var_18", "var_16", "var_12", "var_17", "var_13", "var_15", "var_24", "var_21", "var_28", "var_23", "var_14", "var_11", "var_33", "var_25", "var_30", "var_19", "var_8", "var_29", "var_5", "var_32", "var_3", "var_27", "var_9", "var_7", "var_20", "var_6", "var_2", "var_26", "var_4"]]}