{"classification_report_train": {"accuracy": {"mean": 0.9544128113879002, "std": 0.0038098242021597454}, "0": {"precision_mean": 0.9641270547650785, "precision_std": 0.0023018510944723875, "recall_mean": 0.9067326732673268, "recall_std": 0.009144999538928548, "f1-score_mean": 0.9344338513080992, "f1-score_std": 0.005218730031756654, "support_mean": 100.8, "support_std": 0.17888543819998318}, "1": {"precision_mean": 0.9495760272710889, "precision_std": 0.004660636124961969, "recall_mean": 0.981111111111111, "recall_std": 0.0012171612389003648, "f1-score_mean": 0.9650558877012954, "f1-score_std": 0.0025234782723143863, "support_mean": 180.0, "support_std": 0.0}, "macro avg": {"precision_mean": 0.9568515410180837, "precision_std": 0.002799622916883566, "recall_mean": 0.9439218921892187, "recall_std": 0.004643721903277746, "f1-score_mean": 0.9497448695046972, "f1-score_std": 0.0038701326614785383, "support_mean": 280.8, "support_std": 0.17888543819998318}, "weighted avg": {"precision_mean": 0.954800982641611, "precision_std": 0.0032563963850878166, "recall_mean": 0.9544128113879002, "recall_std": 0.0034076103593412366, "f1-score_mean": 0.954064907779643, "f1-score_std": 0.0034872762481040803, "support_mean": 280.8, "support_std": 0.17888543819998318}}, "classification_report_test": {"accuracy": {"mean": 0.934486921529175, "std": 0.017246007949372855}, "0": {"precision_mean": 0.9552285814871627, "precision_std": 0.002200158544846606, "recall_mean": 0.8572307692307692, "recall_std": 0.04315246124200338, "f1-score_mean": 0.9009747772626836, "f1-score_std": 0.02496905598761963, "support_mean": 25.2, "support_std": 0.17888543819998315}, "1": {"precision_mean": 0.9267785375019573, "precision_std": 0.021240646948503535, "recall_mean": 0.9777777777777776, "recall_std": 4.965068306494546e-17, "f1-score_mean": 0.9509740901098394, "f1-score_std": 0.011143727386831686, "support_mean": 45.0, "support_std": 0.0}, "macro avg": {"precision_mean": 0.9410035594945599, "precision_std": 0.011684810529876844, "recall_mean": 0.9175042735042733, "recall_std": 0.021576230621001707, "f1-score_mean": 0.9259744336862615, "f1-score_std": 0.018040706506910656, "support_mean": 70.2, "support_std": 0.17888543819998318}, "weighted avg": {"precision_mean": 0.9370114396600888, "precision_std": 0.014408054860688014, "recall_mean": 0.934486921529175, "recall_std": 0.015425298446119782, "f1-score_mean": 0.9330297688456746, "f1-score_std": 0.01606984620093092, "support_mean": 70.2, "support_std": 0.17888543819998318}}, "timing": {"extractor_fit": "0:00:00.001452", "filtered_features": "0:00:00.000506", "model_training_time": "0:00:00.002817"}, "n_words": [17, 17, 17, 17, 17], "selected_vocabulary": [["var_24", "var_12", "var_11", "var_22", "var_5", "var_7", "var_20", "var_28", "var_13", "var_8", "var_32", "var_30", "var_6", "var_0", "var_2", "var_4", "var_1"], ["var_17", "var_12", "var_11", "var_28", "var_20", "var_24", "var_14", "var_7", "var_13", "var_30", "var_32", "var_8", "var_0", "var_6", "var_4", "var_2", "var_1"], ["var_15", "var_13", "var_7", "var_11", "var_20", "var_10", "var_14", "var_22", "var_32", "var_28", "var_30", "var_8", "var_6", "var_4", "var_2", "var_0", "var_1"], ["var_15", "var_10", "var_12", "var_7", "var_14", "var_22", "var_32", "var_24", "var_20", "var_8", "var_30", "var_28", "var_6", "var_0", "var_4", "var_2", "var_1"], ["var_9", "var_24", "var_10", "var_28", "var_20", "var_32", "var_7", "var_12", "var_22", "var_14", "var_30", "var_8", "var_0", "var_6", "var_2", "var_4", "var_1"]]}