{"classification_report_train": {"accuracy": {"mean": 0.9636731062531775, "std": 0.002084827970427032}, "0": {"precision_mean": 0.9748834932954507, "precision_std": 0.002189677558630101, "recall_mean": 0.9226138613861385, "recall_std": 0.00588659284276902, "f1-score_mean": 0.9479604510964604, "f1-score_std": 0.002851647798977828, "support_mean": 100.8, "support_std": 0.17888543819998318}, "1": {"precision_mean": 0.9579859583246286, "precision_std": 0.0030332873281948883, "recall_mean": 0.9866666666666667, "recall_std": 0.001217161238900389, "f1-score_mean": 0.9720961981997089, "f1-score_std": 0.0013809284776466126, "support_mean": 180.0, "support_std": 0.0}, "macro avg": {"precision_mean": 0.9664347258100395, "precision_std": 0.0014536249812246377, "recall_mean": 0.9546402640264027, "recall_std": 0.0027066572478671117, "f1-score_mean": 0.9600283246480847, "f1-score_std": 0.0021158585493957836, "support_mean": 280.8, "support_std": 0.17888543819998318}, "weighted avg": {"precision_mean": 0.9640541125483623, "precision_std": 0.0017678070114184874, "recall_mean": 0.9636731062531775, "recall_std": 0.001864726825307106, "f1-score_mean": 0.9634330933400757, "f1-score_std": 0.0019053581800950734, "support_mean": 280.8, "support_std": 0.17888543819998318}}, "classification_report_test": {"accuracy": {"mean": 0.9344466800804829, "std": 0.018425288969167314}, "0": {"precision_mean": 0.971140350877193, "precision_std": 0.010661702445944568, "recall_mean": 0.8412307692307692, "recall_std": 0.04080700717180232, "f1-score_mean": 0.899532055246341, "f1-score_std": 0.02675497577036756, "support_mean": 25.2, "support_std": 0.17888543819998315}, "1": {"precision_mean": 0.9191790107347287, "precision_std": 0.019601617881486923, "recall_mean": 0.9866666666666667, "recall_std": 0.0048686449556014835, "f1-score_mean": 0.9512946441389889, "f1-score_std": 0.011884623020842758, "support_mean": 45.0, "support_std": 0.0}, "macro avg": {"precision_mean": 0.9451596808059607, "precision_std": 0.013854169758099952, "recall_mean": 0.913948717948718, "recall_std": 0.021844982112150312, "f1-score_mean": 0.9254133496926651, "f1-score_std": 0.019312708484968223, "support_mean": 70.2, "support_std": 0.17888543819998318}, "weighted avg": {"precision_mean": 0.9378844579440699, "precision_std": 0.01535702352191308, "recall_mean": 0.9344466800804829, "recall_std": 0.016480079456054054, "f1-score_mean": 0.9327341579094023, "f1-score_std": 0.017179614494539502, "support_mean": 70.2, "support_std": 0.17888543819998318}}, "timing": {"extractor_fit": "0:00:00.172313", "filtered_features": "0:00:00.000545", "model_training_time": "0:00:00.002953"}, "n_words": [27, 27, 27, 27, 27], "selected_vocabulary": [["var_29", "var_33", "var_32", "var_28", "var_0", "var_14", "var_10", "var_17", "var_25", "var_16", "var_7", "var_9", "var_24", "var_30", "var_21", "var_3", "var_6", "var_8", "var_13", "var_27", "var_5", "var_23", "var_20", "var_11", "var_2", "var_26", "var_4"], ["var_29", "var_15", "var_13", "var_18", "var_24", "var_22", "var_16", "var_14", "var_17", "var_30", "var_31", "var_11", "var_10", "var_32", "var_27", "var_8", "var_33", "var_9", "var_5", "var_3", "var_7", "var_21", "var_20", "var_6", "var_4", "var_26", "var_2"], ["var_12", "var_19", "var_6", "var_20", "var_24", "var_8", "var_29", "var_9", "var_18", "var_13", "var_15", "var_30", "var_14", "var_32", "var_25", "var_21", "var_11", "var_28", "var_22", "var_5", "var_33", "var_7", "var_3", "var_27", "var_2", "var_4", "var_26"], ["var_32", "var_9", "var_17", "var_13", "var_28", "var_0", "var_29", "var_15", "var_6", "var_18", "var_23", "var_27", "var_14", "var_11", "var_25", "var_22", "var_33", "var_30", "var_3", "var_21", "var_5", "var_2", "var_7", "var_20", "var_8", "var_26", "var_4"], ["var_9", "var_25", "var_12", "var_29", "var_5", "var_8", "var_15", "var_30", "var_23", "var_17", "var_32", "var_10", "var_27", "var_22", "var_28", "var_16", "var_31", "var_11", "var_24", "var_20", "var_7", "var_2", "var_21", "var_6", "var_3", "var_26", "var_4"]]}