{"classification_report_train": {"accuracy": {"mean": 0.6410269445856636, "std": 0.0004575495678698527}, "0": {"precision_mean": 0.0, "precision_std": 0.0, "recall_mean": 0.0, "recall_std": 0.0, "f1-score_mean": 0.0, "f1-score_std": 0.0, "support_mean": 100.8, "support_std": 0.17888543819998318}, "1": {"precision_mean": 0.6410269445856636, "precision_std": 0.0004092447747330577, "recall_mean": 1.0, "recall_std": 0.0, "f1-score_mean": 0.7812505894558144, "f1-score_std": 0.00030368177757236146, "support_mean": 180.0, "support_std": 0.0}, "macro avg": {"precision_mean": 0.3205134722928318, "precision_std": 0.00020462238736652886, "recall_mean": 0.5, "recall_std": 0.0, "f1-score_mean": 0.3906252947279072, "f1-score_std": 0.00015184088878618073, "support_mean": 280.8, "support_std": 0.17888543819998318}, "weighted avg": {"precision_mean": 0.41091638109125944, "precision_std": 0.0005252356043790504, "recall_mean": 0.6410269445856636, "recall_std": 0.0004092447747330577, "f1-score_mean": 0.5008032997155125, "f1-score_std": 0.0005148077718937737, "support_mean": 280.8, "support_std": 0.17888543819998318}}, "classification_report_test": {"accuracy": {"mean": 0.641046277665996, "std": 0.001810865191146882}, "0": {"precision_mean": 0.0, "precision_std": 0.0, "recall_mean": 0.0, "recall_std": 0.0, "f1-score_mean": 0.0, "f1-score_std": 0.0, "support_mean": 25.2, "support_std": 0.17888543819998315}, "1": {"precision_mean": 0.641046277665996, "precision_std": 0.0016196870661970312, "recall_mean": 1.0, "recall_std": 0.0, "f1-score_mean": 0.7812593703148425, "f1-score_std": 0.0012068732712142859, "support_mean": 45.0, "support_std": 0.0}, "macro avg": {"precision_mean": 0.320523138832998, "precision_std": 0.0008098435330985156, "recall_mean": 0.5, "recall_std": 0.0, "f1-score_mean": 0.39062968515742125, "f1-score_std": 0.0006034366356071429, "support_mean": 70.2, "support_std": 0.17888543819998318}, "weighted avg": {"precision_mean": 0.4109534470403912, "precision_std": 0.0020677896247525414, "recall_mean": 0.641046277665996, "recall_std": 0.0016196870661970312, "f1-score_mean": 0.5008331850171495, "f1-score_std": 0.0020325008611797864, "support_mean": 70.2, "support_std": 0.17888543819998318}}, "timing": {"extractor_fit": "0:00:00.001590", "filtered_features": "0:00:00.000428", "model_training_time": "0:00:00.002346"}, "n_words": [1, 1, 1, 1, 1], "selected_vocabulary": [["var_1"], ["var_1"], ["var_1"], ["var_1"], ["var_1"]]}