{"classification_report_train": {"accuracy": {"mean": 0.9608159633960346, "std": 0.005870854398033784}, "0": {"precision_mean": 0.9827107780474746, "precision_std": 0.004997458180231713, "recall_mean": 0.9066930693069306, "recall_std": 0.011854015131497461, "f1-score_mean": 0.9430273874425653, "f1-score_std": 0.007922016888518898, "support_mean": 100.8, "support_std": 0.17888543819998318}, "1": {"precision_mean": 0.9501004946956337, "precision_std": 0.006060630404496513, "recall_mean": 0.9911111111111112, "recall_std": 0.0025337231668869776, "f1-score_mean": 0.9701356026947654, "f1-score_std": 0.0039229601662769285, "support_mean": 180.0, "support_std": 0.0}, "macro avg": {"precision_mean": 0.9664056363715542, "precision_std": 0.004880195818990438, "recall_mean": 0.9489020902090208, "recall_std": 0.006663326760162925, "f1-score_mean": 0.9565814950686653, "f1-score_std": 0.0059220852104166395, "support_mean": 280.8, "support_std": 0.17888543819998318}, "weighted avg": {"precision_mean": 0.9618076618549012, "precision_std": 0.005109342781301059, "recall_mean": 0.9608159633960346, "recall_std": 0.005251051808002859, "f1-score_mean": 0.9604094141228859, "f1-score_std": 0.0053504659676438275, "support_mean": 280.8, "support_std": 0.17888543819998318}}, "classification_report_test": {"accuracy": {"mean": 0.9288128772635815, "std": 0.019649141609657687}, "0": {"precision_mean": 0.9553030303030303, "precision_std": 0.022278395485712487, "recall_mean": 0.8415384615384616, "recall_std": 0.037219324369322924, "f1-score_mean": 0.8931028697746022, "f1-score_std": 0.026771750778690612, "support_mean": 25.2, "support_std": 0.17888543819998315}, "1": {"precision_mean": 0.9180189467091184, "precision_std": 0.018586707199826857, "recall_mean": 0.9777777777777776, "recall_std": 0.010886621079036344, "f1-score_mean": 0.9465879950523053, "f1-score_std": 0.013098257193668247, "support_mean": 45.0, "support_std": 0.0}, "macro avg": {"precision_mean": 0.9366609885060744, "precision_std": 0.017717873333625112, "recall_mean": 0.9096581196581196, "recall_std": 0.021560103087548937, "f1-score_mean": 0.919845432413454, "f1-score_std": 0.01991533155941029, "support_mean": 70.2, "support_std": 0.17888543819998318}, "weighted avg": {"precision_mean": 0.9314371609580201, "precision_std": 0.017337032325961312, "recall_mean": 0.9288128772635815, "recall_std": 0.01757472653548569, "f1-score_mean": 0.9273753935869499, "f1-score_std": 0.017978117896455554, "support_mean": 70.2, "support_std": 0.17888543819998318}}, "timing": {"extractor_fit": "0:00:00.151238", "filtered_features": "0:00:00.000515", "model_training_time": "0:00:00.002481"}, "n_words": [12, 12, 12, 12, 12], "selected_vocabulary": [["var_30", "var_11", "var_16", "var_25", "var_23", "var_5", "var_3", "var_19", "var_6", "var_2", "var_26", "var_4"], ["var_20", "var_3", "var_30", "var_27", "var_8", "var_5", "var_33", "var_7", "var_2", "var_6", "var_4", "var_26"], ["var_11", "var_28", "var_33", "var_7", "var_24", "var_21", "var_27", "var_5", "var_3", "var_4", "var_26", "var_2"], ["var_7", "var_25", "var_23", "var_19", "var_27", "var_8", "var_5", "var_28", "var_21", "var_2", "var_26", "var_4"], ["var_6", "var_21", "var_30", "var_8", "var_22", "var_27", "var_20", "var_3", "var_11", "var_2", "var_4", "var_26"]]}