{"classification_report_train": {"accuracy": {"mean": 0.9608210472801222, "std": 0.00253986824404785}, "0": {"precision_mean": 0.9687198561097027, "precision_std": 0.0029209615333045777, "recall_mean": 0.9206138613861385, "recall_std": 0.00632005256350375, "f1-score_mean": 0.9439817837240294, "f1-score_std": 0.003431396842425623, "support_mean": 100.8, "support_std": 0.17888543819998318}, "1": {"precision_mean": 0.956817251047927, "precision_std": 0.0032529413709711168, "recall_mean": 0.9833333333333332, "recall_std": 0.0015713484026367824, "f1-score_mean": 0.9698743927576023, "f1-score_std": 0.001694537973429712, "support_mean": 180.0, "support_std": 0.0}, "macro avg": {"precision_mean": 0.9627685535788147, "precision_std": 0.0020445470259239295, "recall_mean": 0.951973597359736, "recall_std": 0.003098701331520821, "f1-score_mean": 0.956928088240816, "f1-score_std": 0.0025620640974811986, "support_mean": 280.8, "support_std": 0.17888543819998318}, "weighted avg": {"precision_mean": 0.9610924176629417, "precision_std": 0.002214070924016383, "recall_mean": 0.9608210472801222, "recall_std": 0.002271727219033607, "f1-score_mean": 0.9605820036466433, "f1-score_std": 0.002308912646149407, "support_mean": 280.8, "support_std": 0.17888543819998318}}, "classification_report_test": {"accuracy": {"mean": 0.9543661971830986, "std": 0.015275777954900118}, "0": {"precision_mean": 0.973051948051948, "precision_std": 0.009876867905892114, "recall_mean": 0.8966153846153846, "recall_std": 0.031289145895782675, "f1-score_mean": 0.9323915497743963, "f1-score_std": 0.020808167740070584, "support_mean": 25.2, "support_std": 0.17888543819998315}, "1": {"precision_mean": 0.9457188795962418, "precision_std": 0.01590686110301463, "recall_mean": 0.9866666666666667, "recall_std": 0.0048686449556014835, "f1-score_mean": 0.9655401217007853, "f1-score_std": 0.01017201711402314, "support_mean": 45.0, "support_std": 0.0}, "macro avg": {"precision_mean": 0.9593854138240949, "precision_std": 0.012269447088263793, "recall_mean": 0.9416410256410256, "recall_std": 0.017560979196993013, "f1-score_mean": 0.9489658357375909, "f1-score_std": 0.015485361974985363, "support_mean": 70.2, "support_std": 0.17888543819998318}, "weighted avg": {"precision_mean": 0.9555577478522344, "precision_std": 0.013240257992614465, "recall_mean": 0.9543661971830986, "recall_std": 0.013663071166539751, "f1-score_mean": 0.9536682780397336, "f1-score_std": 0.013957312294625464, "support_mean": 70.2, "support_std": 0.17888543819998318}}, "timing": {"extractor_fit": "0:00:00.054857", "filtered_features": "0:00:00.000448", "model_training_time": "0:00:00.002630"}, "n_words": [24, 24, 24, 24, 24], "selected_vocabulary": [["var_9", "var_25", "var_11", "var_33", "var_24", "var_15", "var_27", "var_3", "var_21", "var_22", "var_28", "var_14", "var_12", "var_30", "var_7", "var_26", "var_13", "var_23", "var_32", "var_20", "var_6", "var_2", "var_4", "var_5"], ["var_3", "var_10", "var_31", "var_33", "var_22", "var_25", "var_15", "var_8", "var_28", "var_23", "var_21", "var_24", "var_6", "var_30", "var_14", "var_32", "var_7", "var_13", "var_12", "var_2", "var_26", "var_20", "var_4", "var_5"], ["var_10", "var_14", "var_16", "var_11", "var_31", "var_21", "var_3", "var_23", "var_9", "var_12", "var_22", "var_6", "var_30", "var_15", "var_7", "var_33", "var_13", "var_2", "var_20", "var_32", "var_26", "var_4", "var_5", "var_28"], ["var_19", "var_17", "var_3", "var_27", "var_15", "var_31", "var_24", "var_25", "var_22", "var_14", "var_6", "var_12", "var_4", "var_26", "var_2", "var_30", "var_32", "var_13", "var_20", "var_33", "var_23", "var_5", "var_28", "var_7"], ["var_8", "var_31", "var_27", "var_9", "var_3", "var_14", "var_12", "var_24", "var_23", "var_22", "var_21", "var_33", "var_30", "var_15", "var_13", "var_6", "var_28", "var_7", "var_26", "var_2", "var_5", "var_20", "var_32", "var_4"]]}