{"classification_report_train": {"accuracy": {"mean": 0.9650965937976614, "std": 0.0017606706104694755}, "0": {"precision_mean": 0.9751228819631841, "precision_std": 0.004601986761864847, "recall_mean": 0.9265940594059405, "recall_std": 0.0059892135831978955, "f1-score_mean": 0.9501141857732944, "f1-score_std": 0.002391341907795786, "support_mean": 100.8, "support_std": 0.17888543819998318}, "1": {"precision_mean": 0.9600752040096303, "precision_std": 0.003040248827035875, "recall_mean": 0.9866666666666667, "recall_std": 0.0025337231668869854, "f1-score_mean": 0.9731556429342172, "f1-score_std": 0.0011752461398257487, "support_mean": 180.0, "support_std": 0.0}, "macro avg": {"precision_mean": 0.9675990429864072, "precision_std": 0.0017142931881822356, "recall_mean": 0.9566303630363036, "recall_std": 0.0023270780769717113, "f1-score_mean": 0.9616349143537558, "f1-score_std": 0.0017795789133945603, "support_mean": 280.8, "support_std": 0.17888543819998318}, "weighted avg": {"precision_mean": 0.9654851661274322, "precision_std": 0.0014927874088009117, "recall_mean": 0.9650965937976614, "recall_std": 0.00157479166839832, "f1-score_mean": 0.9648855213618031, "f1-score_std": 0.0016022591421884546, "support_mean": 280.8, "support_std": 0.17888543819998318}}, "classification_report_test": {"accuracy": {"mean": 0.9430985915492958, "std": 0.014869392265945292}, "0": {"precision_mean": 0.9655467720685111, "precision_std": 0.014093679066404415, "recall_mean": 0.8735384615384616, "recall_std": 0.03213698490550362, "f1-score_mean": 0.915702947845805, "f1-score_std": 0.019796450837399625, "support_mean": 25.2, "support_std": 0.17888543819998315}, "1": {"precision_mean": 0.9337824010270157, "precision_std": 0.016511845438638928, "recall_mean": 0.9822222222222223, "recall_std": 0.007436978013636222, "f1-score_mean": 0.9570230636007938, "f1-score_std": 0.010037046897740794, "support_mean": 45.0, "support_std": 0.0}, "macro avg": {"precision_mean": 0.9496645865477635, "precision_std": 0.012109558116201038, "recall_mean": 0.9278803418803419, "recall_std": 0.017107693674120482, "f1-score_mean": 0.9363630057232994, "f1-score_std": 0.014899919626012737, "support_mean": 70.2, "support_std": 0.17888543819998318}, "weighted avg": {"precision_mean": 0.9452292893643403, "precision_std": 0.01278211567726922, "recall_mean": 0.9430985915492958, "recall_std": 0.013299588756305322, "f1-score_mean": 0.9421551083935504, "f1-score_std": 0.013551618815324564, "support_mean": 70.2, "support_std": 0.17888543819998318}}, "timing": {"extractor_fit": "0:00:00.053296", "filtered_features": "0:00:00.000389", "model_training_time": "0:00:00.002110"}, "n_words": [11, 11, 11, 11, 11], "selected_vocabulary": [["var_12", "var_23", "var_13", "var_14", "var_7", "var_30", "var_6", "var_20", "var_2", "var_4", "var_5"], ["var_28", "var_13", "var_7", "var_30", "var_14", "var_26", "var_2", "var_32", "var_5", "var_20", "var_4"], ["var_12", "var_30", "var_13", "var_33", "var_7", "var_20", "var_32", "var_2", "var_4", "var_28", "var_5"], ["var_22", "var_26", "var_23", "var_33", "var_20", "var_4", "var_13", "var_5", "var_32", "var_28", "var_7"], ["var_30", "var_15", "var_6", "var_28", "var_2", "var_5", "var_20", "var_32", "var_7", "var_26", "var_4"]]}