{"classification_report_train": {"accuracy": {"mean": 0.9615353329944079, "std": 0.0017622534569757967}, "0": {"precision_mean": 0.966794217687075, "precision_std": 0.0018951332801348626, "recall_mean": 0.9245940594059405, "recall_std": 0.0035803382080675694, "f1-score_mean": 0.945207337839097, "f1-score_std": 0.002333772807589979, "support_mean": 100.8, "support_std": 0.17888543819998318}, "1": {"precision_mean": 0.9588010248309606, "precision_std": 0.0018814408952417703, "recall_mean": 0.9822222222222221, "recall_std": 0.000993807989999903, "f1-score_mean": 0.9703657239398209, "f1-score_std": 0.0011882695722839453, "support_mean": 180.0, "support_std": 0.0}, "macro avg": {"precision_mean": 0.9627976212590179, "precision_std": 0.0015378510171328076, "recall_mean": 0.9534081408140814, "recall_std": 0.001990494924984382, "f1-score_mean": 0.9577865308894591, "f1-score_std": 0.0017609830829899671, "support_mean": 280.8, "support_std": 0.17888543819998318}, "weighted avg": {"precision_mean": 0.9616731940808286, "precision_std": 0.001566560277240955, "recall_mean": 0.9615353329944079, "recall_std": 0.001576207409352753, "f1-score_mean": 0.9613359591904229, "f1-score_std": 0.0015927989942857773, "support_mean": 280.8, "support_std": 0.17888543819998318}}, "classification_report_test": {"accuracy": {"mean": 0.9515090543259557, "std": 0.016684193923554646}, "0": {"precision_mean": 0.9726086956521739, "precision_std": 0.01005843042846696, "recall_mean": 0.8886153846153846, "recall_std": 0.03480488301455422, "f1-score_mean": 0.9275555555555556, "f1-score_std": 0.023190887950887466, "support_mean": 25.2, "support_std": 0.17888543819998315}, "1": {"precision_mean": 0.9419574468085106, "precision_std": 0.017337321220629455, "recall_mean": 0.9866666666666667, "recall_std": 0.0048686449556014835, "f1-score_mean": 0.9635240274599542, "f1-score_std": 0.011009428951076415, "support_mean": 45.0, "support_std": 0.0}, "macro avg": {"precision_mean": 0.9572830712303423, "precision_std": 0.013132436335768946, "recall_mean": 0.9376410256410257, "recall_std": 0.019328512854346565, "f1-score_mean": 0.9455397915077549, "f1-score_std": 0.01708995765012288, "support_mean": 70.2, "support_std": 0.17888543819998318}, "weighted avg": {"precision_mean": 0.9529813794887737, "precision_std": 0.01427869182511724, "recall_mean": 0.9515090543259557, "recall_std": 0.014922796705142847, "f1-score_mean": 0.950645076663899, "f1-score_std": 0.01534047150561081, "support_mean": 70.2, "support_std": 0.17888543819998318}}, "timing": {"extractor_fit": "0:00:00.056515", "filtered_features": "0:00:00.000410", "model_training_time": "0:00:00.002503"}, "n_words": [19, 19, 19, 19, 19], "selected_vocabulary": [["var_11", "var_27", "var_22", "var_3", "var_21", "var_12", "var_14", "var_13", "var_30", "var_23", "var_32", "var_28", "var_6", "var_7", "var_26", "var_2", "var_20", "var_5", "var_4"], ["var_8", "var_10", "var_33", "var_15", "var_23", "var_12", "var_28", "var_21", "var_32", "var_13", "var_26", "var_6", "var_30", "var_14", "var_7", "var_4", "var_2", "var_20", "var_5"], ["var_6", "var_3", "var_16", "var_26", "var_23", "var_10", "var_12", "var_15", "var_22", "var_30", "var_2", "var_7", "var_13", "var_33", "var_4", "var_5", "var_20", "var_28", "var_32"], ["var_24", "var_6", "var_15", "var_31", "var_25", "var_2", "var_12", "var_23", "var_22", "var_30", "var_13", "var_26", "var_33", "var_4", "var_20", "var_28", "var_5", "var_32", "var_7"], ["var_31", "var_14", "var_30", "var_22", "var_12", "var_33", "var_23", "var_21", "var_13", "var_15", "var_6", "var_20", "var_2", "var_7", "var_28", "var_5", "var_32", "var_26", "var_4"]]}