{"classification_report_train": {"accuracy": {"mean": 0.9052796136248092, "std": 0.003947930605937352}, "0": {"precision_mean": 0.9583358564651887, "precision_std": 0.005124182965232905, "recall_mean": 0.7699207920792078, "recall_std": 0.011415438839468998, "f1-score_mean": 0.8535150393606801, "f1-score_std": 0.006257904363699199, "support_mean": 100.8, "support_std": 0.17888543819998318}, "1": {"precision_mean": 0.8840639848914489, "precision_std": 0.0051042207055166265, "recall_mean": 0.981111111111111, "recall_std": 0.0025337231668869776, "f1-score_mean": 0.9299989699148228, "f1-score_std": 0.0024430203600486217, "support_mean": 180.0, "support_std": 0.0}, "macro avg": {"precision_mean": 0.9211999206783187, "precision_std": 0.0027057284143790754, "recall_mean": 0.8755159515951595, "recall_std": 0.005115427421620342, "f1-score_mean": 0.8917570046377514, "f1-score_std": 0.004334851284435898, "support_mean": 280.8, "support_std": 0.17888543819998318}, "weighted avg": {"precision_mean": 0.9107365186159624, "precision_std": 0.0029478705540390733, "recall_mean": 0.9052796136248092, "recall_std": 0.0035311364821311413, "f1-score_mean": 0.9025371259850378, "f1-score_std": 0.0038183507303881045, "support_mean": 280.8, "support_std": 0.17888543819998318}}, "classification_report_test": {"accuracy": {"mean": 0.8804024144869214, "std": 0.017132486637528102}, "0": {"precision_mean": 0.9482780320366133, "precision_std": 0.014409555747082593, "recall_mean": 0.7070769230769232, "recall_std": 0.044770235251750036, "f1-score_mean": 0.8056921127652835, "f1-score_std": 0.02820980438905707, "support_mean": 25.2, "support_std": 0.17888543819998315}, "1": {"precision_mean": 0.8583823887603612, "precision_std": 0.019582456267017267, "recall_mean": 0.9777777777777779, "recall_std": 0.006285393610547083, "f1-score_mean": 0.9134680905161453, "f1-score_std": 0.01042438503222065, "support_mean": 45.0, "support_std": 0.0}, "macro avg": {"precision_mean": 0.9033302103984873, "precision_std": 0.01125909880379531, "recall_mean": 0.8424273504273504, "recall_std": 0.02155166601073825, "f1-score_mean": 0.8595801016407144, "f1-score_std": 0.019276147009717887, "support_mean": 70.2, "support_std": 0.17888543819998318}, "weighted avg": {"precision_mean": 0.890817223861309, "precision_std": 0.012836719858440992, "recall_mean": 0.8804024144869214, "recall_std": 0.015323761898047853, "f1-score_mean": 0.8747265980311077, "f1-score_std": 0.01680696275098112, "support_mean": 70.2, "support_std": 0.17888543819998318}}, "timing": {"extractor_fit": "0:00:00.001305", "filtered_features": "0:00:00.000526", "model_training_time": "0:00:00.001806"}, "n_words": [4, 4, 4, 4, 4], "selected_vocabulary": [["var_0", "var_2", "var_4", "var_1"], ["var_6", "var_4", "var_2", "var_1"], ["var_4", "var_2", "var_0", "var_1"], ["var_0", "var_4", "var_2", "var_1"], ["var_6", "var_2", "var_4", "var_1"]]}