{"classification_report_train": {"accuracy": {"mean": 0.9586908998474835, "std": 0.005347209973271603}, "0": {"precision_mean": 0.9667512208355941, "precision_std": 0.009017990552202926, "recall_mean": 0.9166930693069307, "recall_std": 0.0065699377434455045, "f1-score_mean": 0.9409802733203076, "f1-score_std": 0.0067752988992636175, "support_mean": 100.8, "support_std": 0.17888543819998318}, "1": {"precision_mean": 0.9546610815791794, "precision_std": 0.0035771395822679617, "recall_mean": 0.9822222222222223, "recall_std": 0.004817662975261954, "f1-score_mean": 0.9682246168156009, "f1-score_std": 0.0036957851165283786, "support_mean": 180.0, "support_std": 0.0}, "macro avg": {"precision_mean": 0.9607061512073868, "precision_std": 0.005722570621198858, "recall_mean": 0.9494576457645764, "recall_std": 0.0050015929330778485, "f1-score_mean": 0.9546024450679542, "f1-score_std": 0.005234943541305378, "support_mean": 280.8, "support_std": 0.17888543819998318}, "weighted avg": {"precision_mean": 0.9590080137738102, "precision_std": 0.004924122355878022, "recall_mean": 0.9586908998474835, "recall_std": 0.004782689996080055, "f1-score_mean": 0.9584438492653525, "f1-score_std": 0.004803082515619402, "support_mean": 280.8, "support_std": 0.17888543819998318}}, "classification_report_test": {"accuracy": {"mean": 0.9401609657947686, "std": 0.009489561606829693}, "0": {"precision_mean": 0.9484888010540183, "precision_std": 0.007967445187857468, "recall_mean": 0.8809230769230769, "recall_std": 0.019613303056974715, "f1-score_mean": 0.9130567375886525, "f1-score_std": 0.012792385567776727, "support_mean": 25.2, "support_std": 0.17888543819998315}, "1": {"precision_mean": 0.9363356973995272, "precision_std": 0.010127456496717915, "recall_mean": 0.9733333333333333, "recall_std": 0.003975231959999612, "f1-score_mean": 0.9543680847748168, "f1-score_std": 0.006346661368185733, "support_mean": 45.0, "support_std": 0.0}, "macro avg": {"precision_mean": 0.9424122492267729, "precision_std": 0.0079881812898446, "recall_mean": 0.9271282051282052, "recall_std": 0.010876997088956508, "f1-score_mean": 0.9337124111817345, "f1-score_std": 0.009564679452663528, "support_mean": 70.2, "support_std": 0.17888543819998318}, "weighted avg": {"precision_mean": 0.9407162259854083, "precision_std": 0.008427275283170534, "recall_mean": 0.9401609657947686, "recall_std": 0.00848772193181733, "f1-score_mean": 0.9395478962622181, "f1-score_std": 0.008638070617129224, "support_mean": 70.2, "support_std": 0.17888543819998318}}, "timing": {"extractor_fit": "0:00:00.053091", "filtered_features": "0:00:00.000379", "model_training_time": "0:00:00.001955"}, "n_words": [8, 8, 8, 8, 8], "selected_vocabulary": [["var_28", "var_14", "var_20", "var_7", "var_30", "var_2", "var_5", "var_4"], ["var_12", "var_13", "var_7", "var_2", "var_26", "var_4", "var_20", "var_5"], ["var_12", "var_13", "var_4", "var_5", "var_32", "var_2", "var_28", "var_20"], ["var_20", "var_13", "var_23", "var_30", "var_5", "var_32", "var_28", "var_7"], ["var_28", "var_20", "var_7", "var_2", "var_32", "var_5", "var_26", "var_4"]]}