{"classification_report_train": {"accuracy": {"mean": 0.9537010676156583, "std": 0.00252919528985502}, "0": {"precision_mean": 0.9660188543746043, "precision_std": 0.0019273058862357445, "recall_mean": 0.9027722772277228, "recall_std": 0.005890215427351516, "f1-score_mean": 0.9332772248756289, "f1-score_std": 0.003459958883328171, "support_mean": 100.8, "support_std": 0.17888543819998318}, "1": {"precision_mean": 0.9475276439602816, "precision_std": 0.0030064855962988594, "recall_mean": 0.9822222222222221, "recall_std": 0.000993807989999903, "f1-score_mean": 0.9645504025008389, "f1-score_std": 0.0016758632257321603, "support_mean": 180.0, "support_std": 0.0}, "macro avg": {"precision_mean": 0.956773249167443, "precision_std": 0.0019406573181191685, "recall_mean": 0.9424972497249724, "recall_std": 0.00303786171977588, "f1-score_mean": 0.9489138136882339, "f1-score_std": 0.0025677303038407606, "support_mean": 280.8, "support_std": 0.17888543819998318}, "weighted avg": {"precision_mean": 0.9541688216615996, "precision_std": 0.0021746223191263666, "recall_mean": 0.9537010676156583, "recall_std": 0.0022621810385952436, "f1-score_mean": 0.9533253824922353, "f1-score_std": 0.002311949489864375, "support_mean": 280.8, "support_std": 0.17888543819998318}}, "classification_report_test": {"accuracy": {"mean": 0.9316297786720321, "std": 0.018287890063826726}, "0": {"precision_mean": 0.946570572829154, "precision_std": 0.008641267716182075, "recall_mean": 0.8572307692307692, "recall_std": 0.04315246124200338, "f1-score_mean": 0.8972744997418698, "f1-score_std": 0.026094003817544134, "support_mean": 25.2, "support_std": 0.17888543819998315}, "1": {"precision_mean": 0.9263533674339302, "precision_std": 0.0213590952315746, "recall_mean": 0.9733333333333333, "recall_std": 0.003975231959999612, "f1-score_mean": 0.9486862841157876, "f1-score_std": 0.011912903290725276, "support_mean": 45.0, "support_std": 0.0}, "macro avg": {"precision_mean": 0.9364619701315421, "precision_std": 0.013483297476654664, "recall_mean": 0.9152820512820512, "recall_std": 0.022246802973247628, "f1-score_mean": 0.9229803919288286, "f1-score_std": 0.018981873254768314, "support_mean": 70.2, "support_std": 0.17888543819998318}, "weighted avg": {"precision_mean": 0.9336459700956397, "precision_std": 0.015590376917831064, "recall_mean": 0.9316297786720321, "recall_std": 0.01635718613910381, "f1-score_mean": 0.9302375087349221, "f1-score_std": 0.016956948685886118, "support_mean": 70.2, "support_std": 0.17888543819998318}}, "timing": {"extractor_fit": "0:00:00.001325", "filtered_features": "0:00:00.000426", "model_training_time": "0:00:00.002482"}, "n_words": [20, 20, 20, 20, 20], "selected_vocabulary": [["var_10", "var_14", "var_26", "var_24", "var_12", "var_11", "var_22", "var_5", "var_7", "var_20", "var_28", "var_13", "var_8", "var_32", "var_30", "var_6", "var_0", "var_2", "var_4", "var_1"], ["var_10", "var_15", "var_22", "var_17", "var_12", "var_11", "var_28", "var_20", "var_24", "var_14", "var_7", "var_13", "var_30", "var_32", "var_8", "var_0", "var_6", "var_4", "var_2", "var_1"], ["var_5", "var_3", "var_12", "var_15", "var_13", "var_7", "var_11", "var_20", "var_10", "var_14", "var_22", "var_32", "var_28", "var_30", "var_8", "var_6", "var_4", "var_2", "var_0", "var_1"], ["var_3", "var_13", "var_21", "var_15", "var_10", "var_12", "var_7", "var_14", "var_22", "var_32", "var_24", "var_20", "var_8", "var_30", "var_28", "var_6", "var_0", "var_4", "var_2", "var_1"], ["var_26", "var_18", "var_5", "var_9", "var_24", "var_10", "var_28", "var_20", "var_32", "var_7", "var_12", "var_22", "var_14", "var_30", "var_8", "var_0", "var_6", "var_2", "var_4", "var_1"]]}