{"classification_report_train": {"accuracy": {"mean": 0.9266471784443315, "std": 0.0045550076516435835}, "0": {"precision_mean": 0.9788465891098316, "precision_std": 0.0035968957056679643, "recall_mean": 0.8135643564356435, "recall_std": 0.013956954845873356, "f1-score_mean": 0.8881259540607251, "f1-score_std": 0.0071515268629428605, "support_mean": 100.8, "support_std": 0.17888543819998318}, "1": {"precision_mean": 0.9048454762382139, "precision_std": 0.006385871770638591, "recall_mean": 0.99, "recall_std": 0.0018592445034090659, "f1-score_mean": 0.9454198172261711, "f1-score_std": 0.002812583793807977, "support_mean": 180.0, "support_std": 0.0}, "macro avg": {"precision_mean": 0.9418460326740228, "precision_std": 0.001951495430542941, "recall_mean": 0.9017821782178219, "recall_std": 0.006194774076705299, "f1-score_mean": 0.916772885643448, "f1-score_std": 0.004978420467066632, "support_mean": 280.8, "support_std": 0.17888543819998318}, "weighted avg": {"precision_mean": 0.9314186985406427, "precision_std": 0.003072316492171771, "recall_mean": 0.9266471784443315, "recall_std": 0.004074122698842693, "f1-score_mean": 0.9248473912765484, "f1-score_std": 0.004380972196617923, "support_mean": 280.8, "support_std": 0.17888543819998318}}, "classification_report_test": {"accuracy": {"mean": 0.8975855130784709, "std": 0.030579728137505393}, "0": {"precision_mean": 0.953974358974359, "precision_std": 0.024595611716591775, "recall_mean": 0.7553846153846153, "recall_std": 0.07710010399151845, "f1-score_mean": 0.8312861079391107, "f1-score_std": 0.04734767953064976, "support_mean": 25.2, "support_std": 0.17888543819998315}, "1": {"precision_mean": 0.8836549971767363, "precision_std": 0.0354691954640387, "recall_mean": 0.9777777777777779, "recall_std": 0.010886621079036344, "f1-score_mean": 0.9262193294406936, "f1-score_std": 0.019249851554398664, "support_mean": 45.0, "support_std": 0.0}, "macro avg": {"precision_mean": 0.9188146780755476, "precision_std": 0.021130511971927734, "recall_mean": 0.8665811965811965, "recall_std": 0.037873059252427024, "f1-score_mean": 0.8787527186899021, "f1-score_std": 0.03321992329405959, "support_mean": 70.2, "support_std": 0.17888543819998318}, "weighted avg": {"precision_mean": 0.9091247606241483, "precision_std": 0.02396890972899936, "recall_mean": 0.8975855130784709, "recall_std": 0.027351340339570037, "f1-score_mean": 0.892025988536901, "f1-score_std": 0.02931829133225932, "support_mean": 70.2, "support_std": 0.17888543819998318}}, "timing": {"extractor_fit": "0:00:00.001500", "filtered_features": "0:00:00.000483", "model_training_time": "0:00:00.002586"}, "n_words": [8, 8, 8, 8, 8], "selected_vocabulary": [["var_8", "var_32", "var_30", "var_6", "var_0", "var_2", "var_4", "var_1"], ["var_30", "var_32", "var_8", "var_0", "var_6", "var_4", "var_2", "var_1"], ["var_28", "var_30", "var_8", "var_6", "var_4", "var_2", "var_0", "var_1"], ["var_8", "var_30", "var_28", "var_6", "var_0", "var_4", "var_2", "var_1"], ["var_14", "var_30", "var_8", "var_0", "var_6", "var_2", "var_4", "var_1"]]}