{"classification_report_train": {"accuracy": {"mean": 0.9401830198271479, "std": 0.007045456333253834}, "0": {"precision_mean": 0.9648617325669528, "precision_std": 0.004405648298085433, "recall_mean": 0.865168316831683, "recall_std": 0.018825266733345628, "f1-score_mean": 0.9116548511722098, "f1-score_std": 0.010249529629439284, "support_mean": 100.8, "support_std": 0.17888543819998318}, "1": {"precision_mean": 0.9290670786071524, "precision_std": 0.009087933936870502, "recall_mean": 0.9822222222222221, "recall_std": 0.0024343224778007417, "f1-score_mean": 0.9547609230692518, "f1-score_std": 0.004531848704342792, "support_mean": 180.0, "support_std": 0.0}, "macro avg": {"precision_mean": 0.9469644055870526, "precision_std": 0.004446589891437921, "recall_mean": 0.9236952695269526, "recall_std": 0.008977661182183046, "f1-score_mean": 0.9332078871207307, "f1-score_std": 0.007383399371634979, "support_mean": 280.8, "support_std": 0.17888543819998318}, "weighted avg": {"precision_mean": 0.9419252358856157, "precision_std": 0.00557446781580723, "recall_mean": 0.9401830198271479, "recall_std": 0.006301647717464793, "f1-score_mean": 0.9392805819788415, "f1-score_std": 0.006586506110133385, "support_mean": 280.8, "support_std": 0.17888543819998318}}, "classification_report_test": {"accuracy": {"mean": 0.9259154929577464, "std": 0.017737351480978363}, "0": {"precision_mean": 0.9646190476190476, "precision_std": 0.015681003716312942, "recall_mean": 0.8255384615384616, "recall_std": 0.045955677128675064, "f1-score_mean": 0.885600659505245, "f1-score_std": 0.02665082108667875, "support_mean": 25.2, "support_std": 0.17888543819998315}, "1": {"precision_mean": 0.9121814282179921, "precision_std": 0.021541903395033642, "recall_mean": 0.9822222222222223, "recall_std": 0.007436978013636222, "f1-score_mean": 0.9450880259646857, "f1-score_std": 0.011280243850017704, "support_mean": 45.0, "support_std": 0.0}, "macro avg": {"precision_mean": 0.9384002379185199, "precision_std": 0.012410568587256431, "recall_mean": 0.9038803418803418, "recall_std": 0.02232310565524889, "f1-score_mean": 0.9153443427349656, "f1-score_std": 0.018929331029854488, "support_mean": 70.2, "support_std": 0.17888543819998318}, "weighted avg": {"precision_mean": 0.9310902359517697, "precision_std": 0.014211487813624909, "recall_mean": 0.9259154929577464, "recall_std": 0.015864769460909676, "f1-score_mean": 0.9237452014046271, "f1-score_std": 0.016727319227333278, "support_mean": 70.2, "support_std": 0.17888543819998318}}, "timing": {"extractor_fit": "0:00:00.001313", "filtered_features": "0:00:00.000414", "model_training_time": "0:00:00.002243"}, "n_words": [12, 12, 12, 12, 12], "selected_vocabulary": [["var_7", "var_20", "var_28", "var_13", "var_8", "var_32", "var_30", "var_6", "var_0", "var_2", "var_4", "var_1"], ["var_24", "var_14", "var_7", "var_13", "var_30", "var_32", "var_8", "var_0", "var_6", "var_4", "var_2", "var_1"], ["var_10", "var_14", "var_22", "var_32", "var_28", "var_30", "var_8", "var_6", "var_4", "var_2", "var_0", "var_1"], ["var_22", "var_32", "var_24", "var_20", "var_8", "var_30", "var_28", "var_6", "var_0", "var_4", "var_2", "var_1"], ["var_32", "var_7", "var_12", "var_22", "var_14", "var_30", "var_8", "var_0", "var_6", "var_2", "var_4", "var_1"]]}