{"classification_report_train": {"accuracy": {"mean": 0.9594001016776816, "std": 0.0041541772911357615}, "0": {"precision_mean": 0.9687810933100247, "precision_std": 0.0076636637178779604, "recall_mean": 0.9166930693069307, "recall_std": 0.0065699377434455045, "f1-score_mean": 0.9419002009281833, "f1-score_std": 0.005340785498544429, "support_mean": 100.8, "support_std": 0.17888543819998318}, "1": {"precision_mean": 0.9547458621033232, "precision_std": 0.003440994930145517, "recall_mean": 0.9833333333333334, "recall_std": 0.004157397096415494, "f1-score_mean": 0.9687959725546378, "f1-score_std": 0.0028518296557762776, "support_mean": 180.0, "support_std": 0.0}, "macro avg": {"precision_mean": 0.9617634777066739, "precision_std": 0.004447299622917336, "recall_mean": 0.950013201320132, "recall_std": 0.0040455078241241425, "f1-score_mean": 0.9553480867414106, "f1-score_std": 0.004093833876267301, "support_mean": 280.8, "support_std": 0.17888543819998318}, "weighted avg": {"precision_mean": 0.959796300052418, "precision_std": 0.003795572205032619, "recall_mean": 0.9594001016776816, "recall_std": 0.003715609125426199, "f1-score_mean": 0.9591413719753283, "f1-score_std": 0.003742521394703801, "support_mean": 280.8, "support_std": 0.17888543819998318}}, "classification_report_test": {"accuracy": {"mean": 0.9316297786720321, "std": 0.0138415960109183}, "0": {"precision_mean": 0.9469979296066253, "precision_std": 0.014470257607107854, "recall_mean": 0.8572307692307692, "recall_std": 0.024127472127071312, "f1-score_mean": 0.8994232475598937, "f1-score_std": 0.01845387567058316, "support_mean": 25.2, "support_std": 0.17888543819998315}, "1": {"precision_mean": 0.9245347907895812, "precision_std": 0.012394460495996878, "recall_mean": 0.9733333333333333, "recall_std": 0.007436978013636216, "f1-score_mean": 0.9481965956616072, "f1-score_std": 0.009325578643372943, "support_mean": 45.0, "support_std": 0.0}, "macro avg": {"precision_mean": 0.9357663601981032, "precision_std": 0.012507566433341223, "recall_mean": 0.9152820512820512, "recall_std": 0.014844269645082947, "f1-score_mean": 0.9238099216107504, "f1-score_std": 0.013880282135070691, "support_mean": 70.2, "support_std": 0.17888543819998318}, "weighted avg": {"precision_mean": 0.9326295125305123, "precision_std": 0.01226683560292354, "recall_mean": 0.9316297786720321, "recall_std": 0.012380299839001296, "f1-score_mean": 0.930690118949386, "f1-score_std": 0.012578833195590885, "support_mean": 70.2, "support_std": 0.17888543819998318}}, "timing": {"extractor_fit": "0:00:00.054538", "filtered_features": "0:00:00.000420", "model_training_time": "0:00:00.002123"}, "n_words": [7, 7, 7, 7, 7], "selected_vocabulary": [["var_30", "var_12", "var_2", "var_6", "var_7", "var_4", "var_5"], ["var_2", "var_7", "var_13", "var_26", "var_20", "var_4", "var_5"], ["var_30", "var_5", "var_32", "var_20", "var_28", "var_4", "var_2"], ["var_30", "var_20", "var_28", "var_5", "var_32", "var_4", "var_7"], ["var_28", "var_32", "var_7", "var_20", "var_5", "var_4", "var_26"]]}