{"classification_report_train": {"accuracy": {"mean": 0.9323462125063549, "std": 0.005371999252043335}, "0": {"precision_mean": 0.9792673046409366, "precision_std": 0.0034709822234458023, "recall_mean": 0.8294455445544553, "recall_std": 0.016053229758153698, "f1-score_mean": 0.8975897568032163, "f1-score_std": 0.008201834781388011, "support_mean": 100.8, "support_std": 0.17888543819998318}, "1": {"precision_mean": 0.9123448273136381, "precision_std": 0.007513946387806858, "recall_mean": 0.99, "recall_std": 0.0018592445034090659, "f1-score_mean": 0.9494715151008396, "f1-score_std": 0.0033630022885345963, "support_mean": 180.0, "support_std": 0.0}, "macro avg": {"precision_mean": 0.9458060659772874, "precision_std": 0.0024879858083722652, "recall_mean": 0.9097227722772278, "recall_std": 0.00723450403817395, "f1-score_mean": 0.923530635952028, "f1-score_std": 0.005780025241624102, "support_mean": 280.8, "support_std": 0.17888543819998318}, "weighted avg": {"precision_mean": 0.9363779537218733, "precision_std": 0.0038147017792032837, "recall_mean": 0.9323462125063549, "recall_std": 0.004804862201058769, "f1-score_mean": 0.9308414374774777, "f1-score_std": 0.005110048748512682, "support_mean": 280.8, "support_std": 0.17888543819998318}}, "classification_report_test": {"accuracy": {"mean": 0.9032193158953723, "std": 0.02861694733243295}, "0": {"precision_mean": 0.953974358974359, "precision_std": 0.024595611716591775, "recall_mean": 0.7707692307692308, "recall_std": 0.07096161142376904, "f1-score_mean": 0.8430841794081975, "f1-score_std": 0.04339612047951074, "support_mean": 25.2, "support_std": 0.17888543819998315}, "1": {"precision_mean": 0.8896073781291174, "precision_std": 0.033101863009837175, "recall_mean": 0.9777777777777779, "recall_std": 0.010886621079036344, "f1-score_mean": 0.9298196894766972, "f1-score_std": 0.018175100603761967, "support_mean": 45.0, "support_std": 0.0}, "macro avg": {"precision_mean": 0.9217908685517381, "precision_std": 0.020816150654142492, "recall_mean": 0.8742735042735041, "recall_std": 0.03523262290001469, "f1-score_mean": 0.8864519344424473, "f1-score_std": 0.03071733864964569, "support_mean": 70.2, "support_std": 0.17888543819998318}, "weighted avg": {"precision_mean": 0.9128973964390376, "precision_std": 0.023133478389580093, "recall_mean": 0.9032193158953723, "recall_std": 0.025595775817540536, "f1-score_mean": 0.8986283274075546, "f1-score_std": 0.02716287975322668, "support_mean": 70.2, "support_std": 0.17888543819998318}}, "timing": {"extractor_fit": "0:00:00.001612", "filtered_features": "0:00:00.000485", "model_training_time": "0:00:00.002327"}, "n_words": [9, 9, 9, 9, 9], "selected_vocabulary": [["var_13", "var_8", "var_32", "var_30", "var_6", "var_0", "var_2", "var_4", "var_1"], ["var_13", "var_30", "var_32", "var_8", "var_0", "var_6", "var_4", "var_2", "var_1"], ["var_32", "var_28", "var_30", "var_8", "var_6", "var_4", "var_2", "var_0", "var_1"], ["var_20", "var_8", "var_30", "var_28", "var_6", "var_0", "var_4", "var_2", "var_1"], ["var_22", "var_14", "var_30", "var_8", "var_0", "var_6", "var_2", "var_4", "var_1"]]}