{"classification_report_train": {"accuracy": {"mean": 0.9159735638027453, "std": 0.009821485129681777}, "0": {"precision_mean": 0.9620461883183358, "precision_std": 0.0032700829313097118, "recall_mean": 0.7977623762376236, "recall_std": 0.02636635856975698, "f1-score_mean": 0.8708919753626365, "f1-score_std": 0.015673355178760565, "support_mean": 100.8, "support_std": 0.17888543819998318}, "1": {"precision_mean": 0.8974138529150413, "precision_std": 0.01180176690801499, "recall_mean": 0.9822222222222223, "recall_std": 0.0018592445034090659, "f1-score_mean": 0.9376603466099633, "f1-score_std": 0.006035368972712408, "support_mean": 180.0, "support_std": 0.0}, "macro avg": {"precision_mean": 0.9297300206166884, "precision_std": 0.005379717989681491, "recall_mean": 0.889992299229923, "recall_std": 0.012601199409953464, "f1-score_mean": 0.9042761609862999, "f1-score_std": 0.010844394983987768, "support_mean": 280.8, "support_std": 0.17888543819998318}, "weighted avg": {"precision_mean": 0.9206286379596577, "precision_std": 0.007106714232401287, "recall_mean": 0.9159735638027453, "recall_std": 0.008784603355988716, "f1-score_mean": 0.9136804951015268, "f1-score_std": 0.009500283336886862, "support_mean": 280.8, "support_std": 0.17888543819998318}}, "classification_report_test": {"accuracy": {"mean": 0.8945674044265595, "std": 0.025810662540087417}, "0": {"precision_mean": 0.9129523809523811, "precision_std": 0.027017555391258604, "recall_mean": 0.7778461538461539, "recall_std": 0.047367829194544575, "f1-score_mean": 0.8383480316579298, "f1-score_std": 0.03665799290247751, "support_mean": 25.2, "support_std": 0.17888543819998315}, "1": {"precision_mean": 0.8871473922902494, "precision_std": 0.023347462408256976, "recall_mean": 0.96, "recall_std": 0.011589693164804704, "f1-score_mean": 0.9217369665297998, "f1-score_std": 0.01681992956568565, "support_mean": 45.0, "support_std": 0.0}, "macro avg": {"precision_mean": 0.9000498866213154, "precision_std": 0.023783465191379947, "recall_mean": 0.8689230769230768, "recall_std": 0.028355111198313816, "f1-score_mean": 0.8800424990938648, "f1-score_std": 0.02673776485756311, "support_mean": 70.2, "support_std": 0.17888543819998318}, "weighted avg": {"precision_mean": 0.8964945318167509, "precision_std": 0.023358621463202486, "recall_mean": 0.8945674044265595, "recall_std": 0.02308575839357714, "f1-score_mean": 0.8918189329211987, "f1-score_std": 0.023895498523757393, "support_mean": 70.2, "support_std": 0.17888543819998318}}, "timing": {"extractor_fit": "0:00:00.216979", "filtered_features": "0:00:00.000531", "model_training_time": "0:00:00.002189"}, "n_words": [4, 4, 4, 4, 4], "selected_vocabulary": [["var_3", "var_2", "var_26", "var_4"], ["var_30", "var_2", "var_26", "var_6"], ["var_27", "var_2", "var_4", "var_26"], ["var_21", "var_2", "var_4", "var_26"], ["var_22", "var_2", "var_26", "var_4"]]}