{"classification_report_train": {"accuracy": {"mean": 0.9594026436197256, "std": 0.0026595092168925087}, "0": {"precision_mean": 0.9806845598126819, "precision_std": 0.0018679197279179412, "recall_mean": 0.9047524752475248, "recall_std": 0.006652993854109694, "f1-score_mean": 0.9411195630917082, "f1-score_std": 0.003608859413747324, "support_mean": 100.8, "support_std": 0.17888543819998318}, "1": {"precision_mean": 0.9489443301208007, "precision_std": 0.003399012891480305, "recall_mean": 0.99, "recall_std": 0.000993807989999903, "f1-score_mean": 0.9690197421999602, "f1-score_std": 0.0017718613179661844, "support_mean": 180.0, "support_std": 0.0}, "macro avg": {"precision_mean": 0.9648144449667413, "precision_std": 0.0019048463706042077, "recall_mean": 0.9473762376237623, "recall_std": 0.003283967506031649, "f1-score_mean": 0.9550696526458342, "f1-score_std": 0.0026889576027050964, "support_mean": 280.8, "support_std": 0.17888543819998318}, "weighted avg": {"precision_mean": 0.9603335591266122, "precision_std": 0.0022485864969792606, "recall_mean": 0.9594026436197256, "recall_std": 0.0023787373583035523, "f1-score_mean": 0.9590042752771876, "f1-score_std": 0.002432000136413265, "support_mean": 280.8, "support_std": 0.17888543819998318}}, "classification_report_test": {"accuracy": {"mean": 0.9429778672032192, "std": 0.015677207988321715}, "0": {"precision_mean": 0.9734848484848484, "precision_std": 0.016106281534446442, "recall_mean": 0.8649230769230769, "recall_std": 0.033277460076039836, "f1-score_mean": 0.9143686101132908, "f1-score_std": 0.021933279626828783, "support_mean": 25.2, "support_std": 0.17888543819998315}, "1": {"precision_mean": 0.9300937766410913, "precision_std": 0.016157132831100544, "recall_mean": 0.9866666666666667, "recall_std": 0.007950463919999247, "f1-score_mean": 0.9572034148647053, "f1-score_std": 0.010319055574255989, "support_mean": 45.0, "support_std": 0.0}, "macro avg": {"precision_mean": 0.9517893125629697, "precision_std": 0.013053149986793628, "recall_mean": 0.9257948717948719, "recall_std": 0.018052162630684394, "f1-score_mean": 0.9357860124889982, "f1-score_std": 0.016106741408943626, "support_mean": 70.2, "support_std": 0.17888543819998318}, "weighted avg": {"precision_mean": 0.9457037670883084, "precision_std": 0.01336443506061959, "recall_mean": 0.9429778672032192, "recall_std": 0.014022121103716033, "f1-score_mean": 0.9418528160193776, "f1-score_std": 0.014435927199038119, "support_mean": 70.2, "support_std": 0.17888543819998318}}, "timing": {"extractor_fit": "0:00:00.205189", "filtered_features": "0:00:00.000562", "model_training_time": "0:00:00.002653"}, "n_words": [15, 15, 15, 15, 15], "selected_vocabulary": [["var_9", "var_21", "var_7", "var_3", "var_11", "var_13", "var_30", "var_19", "var_23", "var_27", "var_32", "var_25", "var_26", "var_2", "var_4"], ["var_33", "var_21", "var_16", "var_8", "var_9", "var_30", "var_7", "var_3", "var_27", "var_32", "var_5", "var_6", "var_26", "var_4", "var_2"], ["var_0", "var_15", "var_11", "var_21", "var_9", "var_3", "var_22", "var_6", "var_27", "var_33", "var_5", "var_7", "var_2", "var_26", "var_4"], ["var_16", "var_5", "var_21", "var_11", "var_28", "var_8", "var_24", "var_20", "var_9", "var_7", "var_6", "var_3", "var_2", "var_26", "var_4"], ["var_20", "var_32", "var_23", "var_8", "var_27", "var_21", "var_6", "var_30", "var_5", "var_14", "var_9", "var_3", "var_2", "var_4", "var_26"]]}