{"classification_report_train": {"accuracy": {"mean": 0.7916666666666667, "std": 0.007978559231302812}, "0": {"precision_mean": 0.746117680284031, "precision_std": 0.005119081414616336, "recall_mean": 0.7979430379746836, "recall_std": 0.008641732380460013, "f1-score_mean": 0.7710265105933511, "f1-score_std": 0.0061177765052688295, "support_mean": 79.2, "support_std": 0.12649110640673517}, "1": {"precision_mean": 0.8324654426425792, "precision_std": 0.006204759671845405, "recall_mean": 0.7867326732673268, "recall_std": 0.004361405805689469, "f1-score_mean": 0.8088376598657637, "f1-score_std": 0.004302862632064612, "support_mean": 100.8, "support_std": 0.12649110640673517}, "macro avg": {"precision_mean": 0.789291561463305, "precision_std": 0.005204583536389793, "recall_mean": 0.7923378556210052, "recall_std": 0.005338179527039572, "f1-score_mean": 0.7899320852295576, "f1-score_std": 0.00516348752329535, "support_mean": 180.0, "support_std": 0.0}, "weighted avg": {"precision_mean": 0.7944819530369474, "precision_std": 0.005259927200462674, "recall_mean": 0.7916666666666667, "recall_std": 0.005046083923495815, "f1-score_mean": 0.792206293020215, "f1-score_std": 0.005044085574923433, "support_mean": 180.0, "support_std": 0.0}}, "classification_report_test": {"accuracy": {"mean": 0.73, "std": 0.030000000000000002}, "0": {"precision_mean": 0.676578144078144, "precision_std": 0.0160544749326449, "recall_mean": 0.7527777777777778, "recall_std": 0.04010018318359685, "f1-score_mean": 0.7075649797399024, "f1-score_std": 0.022789513548438584, "support_mean": 8.8, "support_std": 0.12649110640673517}, "1": {"precision_mean": 0.7927480852480853, "precision_std": 0.02737332588584353, "recall_mean": 0.7128787878787879, "recall_std": 0.025989375875580475, "f1-score_mean": 0.745465689916491, "f1-score_std": 0.019119278956562413, "support_mean": 11.2, "support_std": 0.12649110640673517}, "macro avg": {"precision_mean": 0.7346631146631146, "precision_std": 0.018800158015488996, "recall_mean": 0.7328282828282828, "recall_std": 0.020333732565189545, "f1-score_mean": 0.7265153348281966, "f1-score_std": 0.01936294618647899, "support_mean": 20.0, "support_std": 0.0}, "weighted avg": {"precision_mean": 0.7421281773781775, "precision_std": 0.02022298688811735, "recall_mean": 0.73, "recall_std": 0.018973665961010275, "f1-score_mean": 0.7288425695671793, "f1-score_std": 0.019401555513458707, "support_mean": 20.0, "support_std": 0.0}}, "timing": {"model_training_time": "0:00:00.132165"}}