{"classification_report_train": {"0": {"precision_mean": 0.9994333397636274, "precision_std": 3.497815144780987e-05, "recall_mean": 0.9860985191900877, "recall_std": 0.00017095358868214521, "f1-score_mean": 0.9927211246477754, "f1-score_std": 0.00010117543859004562, "support_mean": 13236.0, "support_std": 0.0}, "1": {"precision_mean": 0.9867754451329838, "precision_std": 0.00016091887375942396, "recall_mean": 0.9994612993344605, "recall_std": 3.3206822548063475e-05, "f1-score_mean": 0.9930778373150948, "f1-score_std": 9.532209982235496e-05, "support_mean": 13736.8, "support_std": 0.17888543819998315}, "macro avg": {"precision_mean": 0.9931043924483056, "precision_std": 9.527319495028688e-05, "recall_mean": 0.992779909262274, "recall_std": 9.945909461573106e-05, "f1-score_mean": 0.9928994809814352, "f1-score_std": 9.824863508458293e-05, "support_mean": 26972.8, "support_std": 0.17888543819998315}, "weighted avg": {"precision_mean": 0.992986884155026, "precision_std": 9.645986273173592e-05, "recall_mean": 0.9929039612442428, "recall_std": 9.816364854737255e-05, "f1-score_mean": 0.9929027924649333, "f1-score_std": 9.819473743834628e-05, "support_mean": 26972.8, "support_std": 0.17888543819998315}}, "classification_report_test": {"0": {"precision_mean": 0.99593236524572, "precision_std": 0.0006255431698293986, "recall_mean": 0.945905107283167, "recall_std": 0.008302256794774372, "f1-score_mean": 0.9701777559785576, "f1-score_std": 0.004397897064143306, "support_mean": 3309.0, "support_std": 0.0}, "1": {"precision_mean": 0.9505570676882857, "precision_std": 0.007096207032654159, "recall_mean": 0.9962726701645248, "recall_std": 0.0005848050914623763, "f1-score_mean": 0.9728074395381177, "f1-score_std": 0.003718665963774827, "support_mean": 3434.2, "support_std": 0.17888543819998315}, "macro avg": {"precision_mean": 0.973244716467003, "precision_std": 0.003525685566478575, "recall_mean": 0.9710888887238459, "recall_std": 0.004111211201638924, "f1-score_mean": 0.9714925977583375, "f1-score_std": 0.0040582009408521745, "support_mean": 6743.2, "support_std": 0.17888543819998315}, "weighted avg": {"precision_mean": 0.9728235330357069, "precision_std": 0.003591244290100229, "recall_mean": 0.9715563998621478, "recall_std": 0.004034056239899951, "f1-score_mean": 0.9715170006189024, "f1-score_std": 0.004051911418613951, "support_mean": 6743.2, "support_std": 0.17888543819998315}}, "timing": {"model_training_time": "0:06:23.435484"}}