{"classification_report_train": {"accuracy": {"mean": 0.9626451677717499, "std": 0.0017115383162594206}, "0": {"precision_mean": 0.9695513768355232, "precision_std": 0.0022253909611490417, "recall_mean": 0.9250271696941468, "recall_std": 0.0023004742570543997, "f1-score_mean": 0.946737851047633, "f1-score_std": 0.0015707653653381007, "support_mean": 113.4, "support_std": 0.15491933384829665}, "1": {"precision_mean": 0.9590932727706963, "precision_std": 0.0011612750656270214, "recall_mean": 0.9837023850168267, "recall_std": 0.001221565776459376, "f1-score_mean": 0.9712344331213043, "f1-score_std": 0.0008279372519487144, "support_mean": 202.5, "support_std": 0.15811388300841897}, "macro avg": {"precision_mean": 0.9643223248031099, "precision_std": 0.0012565764675806779, "recall_mean": 0.954364777355487, "recall_std": 0.0012585738159212288, "f1-score_mean": 0.9589861420844688, "f1-score_std": 0.0011971417604594746, "support_mean": 315.9, "support_std": 0.09486832980505139}, "weighted avg": {"precision_mean": 0.9628451308270105, "precision_std": 0.0010957439904729204, "recall_mean": 0.9626451677717499, "recall_std": 0.0010824718764058737, "f1-score_mean": 0.9624425673056439, "f1-score_std": 0.0010889029944021818, "support_mean": 315.9, "support_std": 0.09486832980505139}}, "classification_report_test": {"accuracy": {"mean": 0.9344444444444445, "std": 0.025609353804178156}, "0": {"precision_mean": 0.9707070707070706, "precision_std": 0.014245647604294741, "recall_mean": 0.8403846153846155, "recall_std": 0.038679404315626456, "f1-score_mean": 0.8968987389422173, "f1-score_std": 0.026565063750114484, "support_mean": 12.6, "support_std": 0.15491933384829665}, "1": {"precision_mean": 0.9207490400099096, "precision_std": 0.018479978353779035, "recall_mean": 0.9867588932806324, "recall_std": 0.006398097347982796, "f1-score_mean": 0.9518299907073529, "f1-score_std": 0.011694263448863334, "support_mean": 22.5, "support_std": 0.15811388300841897}, "macro avg": {"precision_mean": 0.9457280553584901, "precision_std": 0.014149361671227548, "recall_mean": 0.9135717543326238, "recall_std": 0.020969668082869045, "f1-score_mean": 0.924364364824785, "f1-score_std": 0.019097425964274883, "support_mean": 35.1, "support_std": 0.09486832980505137}, "weighted avg": {"precision_mean": 0.9387742661525269, "precision_std": 0.014938239552889488, "recall_mean": 0.9344444444444445, "recall_std": 0.016196777485260137, "f1-score_mean": 0.9322530966311795, "f1-score_std": 0.016999632483244542, "support_mean": 35.1, "support_std": 0.09486832980505137}}, "timing": {"model_training_time": "0:00:00.002888"}}