{"classification_report_train": {"0.0": {"precision_mean": 0.9260834884589488, "precision_std": 0.004294120298071097, "recall_mean": 0.9796264470340027, "recall_std": 0.0017453865779838782, "f1-score_mean": 0.9520240223910216, "f1-score_std": 0.0019782629337300097, "support_mean": 1700.1, "support_std": 18.49024066906648}, "1.0": {"precision_mean": 0.9759073896407342, "precision_std": 0.0021375951080320334, "recall_mean": 0.913695326918095, "recall_std": 0.0049679639903985745, "f1-score_mean": 0.9436706655482396, "f1-score_std": 0.0023750296047063434, "support_mean": 1539.9, "support_std": 18.49024066906648}, "macro avg": {"precision_mean": 0.9509954390498416, "precision_std": 0.0017959383988063811, "recall_mean": 0.946660886976049, "recall_std": 0.0021678957405402172, "f1-score_mean": 0.9478473439696306, "f1-score_std": 0.0021057700732566996, "support_mean": 3240.0, "support_std": 0.0}, "weighted avg": {"precision_mean": 0.9499270785396623, "precision_std": 0.0018455753602383757, "recall_mean": 0.9482407407407406, "recall_std": 0.0020910579244506886, "f1-score_mean": 0.9481109084335856, "f1-score_std": 0.0021073888905896905, "support_mean": 3240.0, "support_std": 0.0}}, "classification_report_test": {"0.0": {"precision_mean": 0.704698660052471, "precision_std": 0.08483013229725808, "recall_mean": 0.7883072901402665, "recall_std": 0.06790879337855288, "f1-score_mean": 0.7122626363387642, "f1-score_std": 0.07017891404098725, "support_mean": 188.9, "support_std": 18.49024066906648}, "1.0": {"precision_mean": 0.7431847001687786, "precision_std": 0.0860075543435389, "recall_mean": 0.6417140321103132, "recall_std": 0.10474697276524256, "f1-score_mean": 0.6400926844826309, "f1-score_std": 0.09140849747574849, "support_mean": 171.1, "support_std": 18.49024066906648}, "macro avg": {"precision_mean": 0.7239416801106247, "precision_std": 0.06743008128099227, "recall_mean": 0.7150106611252899, "recall_std": 0.07151010492302343, "f1-score_mean": 0.6761776604106976, "f1-score_std": 0.07870954802519256, "support_mean": 360.0, "support_std": 0.0}, "weighted avg": {"precision_mean": 0.7722006057539483, "precision_std": 0.06111886076191406, "recall_mean": 0.6905555555555556, "recall_std": 0.0774389444882663, "f1-score_mean": 0.6861656870661034, "f1-score_std": 0.07901921097660652, "support_mean": 360.0, "support_std": 0.0}}, "timing": {"model_training_time": "0:00:00.015776"}}