{"classification_report_train": {"accuracy": {"mean": 0.74, "std": 0.024811791551599016}, "0": {"precision_mean": 0.7065421812918538, "precision_std": 0.04082491630159916, "recall_mean": 0.7447082494969819, "recall_std": 0.03087195327802299, "f1-score_mean": 0.7172522136442192, "f1-score_std": 0.015648899336010314, "support_mean": 70.4, "support_std": 0.21908902300206642}, "1": {"precision_mean": 0.7877194310741201, "precision_std": 0.013819932787604558, "recall_mean": 0.7371785268414482, "recall_std": 0.05413163664894592, "f1-score_mean": 0.7557827099726465, "f1-score_std": 0.0285876208559245, "support_mean": 89.6, "support_std": 0.21908902300206642}, "macro avg": {"precision_mean": 0.747130806182987, "precision_std": 0.02052267951729547, "recall_mean": 0.740943388169215, "recall_std": 0.01874594939379795, "f1-score_mean": 0.736517461808433, "f1-score_std": 0.02107128134810175, "support_mean": 160.0, "support_std": 0.0}, "weighted avg": {"precision_mean": 0.7522830663020003, "precision_std": 0.01838076981680762, "recall_mean": 0.74, "recall_std": 0.02219234102117215, "f1-score_mean": 0.7387178519089116, "f1-score_std": 0.021864857004614324, "support_mean": 160.0, "support_std": 0.0}}, "classification_report_test": {"accuracy": {"mean": 0.7150000000000001, "std": 0.050373604199024716}, "0": {"precision_mean": 0.6796087050204697, "precision_std": 0.06288386616161291, "recall_mean": 0.7620915032679738, "recall_std": 0.02796591421069985, "f1-score_mean": 0.7095470826011356, "f1-score_std": 0.03450683543952088, "support_mean": 17.6, "support_std": 0.21908902300206642}, "1": {"precision_mean": 0.7759540992950604, "precision_std": 0.03013235296289653, "recall_mean": 0.6758893280632411, "recall_std": 0.08208602166376923, "f1-score_mean": 0.7134142305570876, "f1-score_std": 0.05604830187331239, "support_mean": 22.4, "support_std": 0.21908902300206642}, "macro avg": {"precision_mean": 0.7277814021577651, "precision_std": 0.043098430013068, "recall_mean": 0.7189904156656075, "recall_std": 0.04074404428460643, "f1-score_mean": 0.7114806565791116, "f1-score_std": 0.0445595512160483, "support_mean": 40.0, "support_std": 0.0}, "weighted avg": {"precision_mean": 0.7330637769418626, "precision_std": 0.04120288580750718, "recall_mean": 0.7150000000000001, "recall_std": 0.045055521304275245, "f1-score_mean": 0.7120955747913877, "f1-score_std": 0.045889310819805684, "support_mean": 40.0, "support_std": 0.0}}, "timing": {"extractor_fit": "0:00:11.857265", "filtered_features": "0:00:00.001281", "model_training_time": "0:00:00.001687"}, "n_words": [10, 10, 10, 10, 10], "selected_vocabulary": [["V6220", "V1768", "V5851", "V8423", "V7089", "V4381", "V7241", "V1611", "V1257", "V8063"], ["V2227", "V997", "V9711", "V296", "V3609", "V9750", "V1869", "V8704", "V2525", "V8585"], ["V1055", "V8388", "V1947", "V7074", "V7525", "V6097", "V8733", "V1438", "V7241", "V5713"], ["V7495", "V6743", "V218", "V9884", "V6825", "V1516", "V1812", "V9455", "V7888", "V8585"], ["V8081", "V1812", "V404", "V3605", "V4353", "V4840", "V1257", "V7888", "V5455", "V6974"]]}