{"classification_report_train": {"accuracy": {"mean": 0.79375, "std": 0.021740658913657604}, "0": {"precision_mean": 0.7548794432833759, "precision_std": 0.03824908110347036, "recall_mean": 0.8123943661971831, "recall_std": 0.023060183015207687, "f1-score_mean": 0.7777136779881972, "f1-score_std": 0.01601269752100796, "support_mean": 70.4, "support_std": 0.21908902300206642}, "1": {"precision_mean": 0.8430446202387782, "precision_std": 0.01294944617594166, "recall_mean": 0.7791760299625468, "recall_std": 0.04431422520197807, "f1-score_mean": 0.8059128535433281, "f1-score_std": 0.022316310435228782, "support_mean": 89.6, "support_std": 0.21908902300206642}, "macro avg": {"precision_mean": 0.798962031761077, "precision_std": 0.019078360498756004, "recall_mean": 0.7957851980798649, "recall_std": 0.016667495191851733, "f1-score_mean": 0.7918132657657626, "f1-score_std": 0.018706387638768245, "support_mean": 160.0, "support_std": 0.0}, "weighted avg": {"precision_mean": 0.8043063320075321, "precision_std": 0.017056009436271776, "recall_mean": 0.79375, "recall_std": 0.019445436482630054, "f1-score_mean": 0.7935115150176408, "f1-score_std": 0.019080027052567776, "support_mean": 160.0, "support_std": 0.0}}, "classification_report_test": {"accuracy": {"mean": 0.74, "std": 0.030207614933986434}, "0": {"precision_mean": 0.7175023527197439, "precision_std": 0.042553616545577815, "recall_mean": 0.7169934640522875, "recall_std": 0.038640664384574655, "f1-score_mean": 0.709351892727072, "f1-score_std": 0.021338384511643296, "support_mean": 17.6, "support_std": 0.21908902300206642}, "1": {"precision_mean": 0.774800402212167, "precision_std": 0.02729909373922721, "recall_mean": 0.7588932806324111, "recall_std": 0.0566197773263873, "f1-score_mean": 0.7606962231829677, "f1-score_std": 0.03359919323866114, "support_mean": 22.4, "support_std": 0.21908902300206642}, "macro avg": {"precision_mean": 0.7461513774659555, "precision_std": 0.02703947427586441, "recall_mean": 0.7379433723423494, "recall_std": 0.025266888346777268, "f1-score_mean": 0.7350240579550198, "f1-score_std": 0.026121261372852617, "support_mean": 40.0, "support_std": 0.0}, "weighted avg": {"precision_mean": 0.7501849668092635, "precision_std": 0.026522114560462846, "recall_mean": 0.74, "recall_std": 0.027018512172212593, "f1-score_mean": 0.7381683929893843, "f1-score_std": 0.02682642060166849, "support_mean": 40.0, "support_std": 0.0}}, "timing": {"extractor_fit": "0:00:11.989546", "filtered_features": "0:00:00.001291", "model_training_time": "0:00:00.002465"}, "n_words": [100, 100, 100, 100, 100], "selected_vocabulary": [["V7905", "V9447", "V2747", "V7908", "V8810", "V1193", "V9213", "V6696", "V7319", "V3341", "V753", "V3111", "V3460", "V3605", "V470", "V3348", "V1438", "V2033", "V736", "V3629", "V5879", "V319", "V1939", "V533", "V8033", "V102", "V1232", "V1812", "V7412", "V496", "V2987", "V1395", "V2640", "V3987", "V1521", "V4960", "V858", "V1462", "V1474", "V3968", "V1991", "V6716", "V9279", "V8194", "V1522", "V1516", "V933", "V3757", "V9442", "V4189", "V8058", "V1671", "V7888", "V5380", "V6501", "V5211", "V3965", "V9461", "V9255", "V5818", "V9750", "V2644", "V8704", "V6944", "V2409", "V6041", "V7401", "V363", "V857", "V4104", "V2221", "V1264", "V6374", "V8323", "V4968", "V8793", "V6428", "V8318", "V5713", "V218", "V7379", "V8063", "V7089", "V4346", "V4678", "V8423", "V6180", "V8360", "V8328", "V2854", "V2777", "V6487", "V4381", "V7241", "V9587", "V1768", "V7921", "V9650", "V6190", "V1257"], ["V8063", "V1768", "V5054", "V4884", "V1346", "V736", "V1172", "V4143", "V1395", "V3578", "V7495", "V8806", "V6487", "V6700", "V7211", "V7857", "V1834", "V6864", "V8222", "V9129", "V7868", "V814", "V9270", "V6855", "V840", "V7278", "V9120", "V4464", "V3288", "V6204", "V6897", "V1812", "V6041", "V8423", "V8360", "V5083", "V4477", "V8388", "V1924", "V1232", "V2702", "V8872", "V8102", "V1813", "V3917", "V4070", "V1541", "V1878", "V7030", "V2227", "V139", "V622", "V6470", "V5267", "V4493", "V1093", "V8936", "V9442", "V6696", "V8045", "V3440", "V7412", "V2101", "V7525", "V3968", "V5854", "V1257", "V3014", "V4108", "V1429", "V8300", "V8585", "V4299", "V2854", "V995", "V7401", "V1376", "V8866", "V1235", "V1333", "V8846", "V4340", "V4484", "V3036", "V4810", "V9870", "V2525", "V9642", "V5544", "V4968", "V9578", "V9711", "V7921", "V811", "V1606", "V6501", "V8704", "V9750", "V913", "V1619"], ["V4840", "V8796", "V1283", "V9587", "V8063", "V6974", "V6916", "V4395", "V1988", "V7211", "V2870", "V9321", "V2640", "V6004", "V1225", "V9034", "V1093", "V218", "V4967", "V1425", "V766", "V1660", "V7030", "V3652", "V1812", "V4534", "V7921", "V4968", "V528", "V1235", "V753", "V8851", "V3660", "V9270", "V4614", "V4121", "V5818", "V3530", "V1438", "V7745", "V4678", "V1508", "V5337", "V2085", "V4158", "V7144", "V7319", "V1556", "V7495", "V6442", "V7940", "V9505", "V45", "V4070", "V2318", "V1619", "V7868", "V8704", "V6487", "V8115", "V4187", "V5680", "V6275", "V4879", "V5005", "V1513", "V6470", "V8102", "V2688", "V8281", "V7401", "V858", "V9642", "V1768", "V7330", "V9086", "V6041", "V470", "V1015", "V9750", "V5984", "V9512", "V5223", "V3605", "V9442", "V469", "V3987", "V3083", "V7823", "V4346", "V6825", "V7525", "V7074", "V6097", "V8388", "V3662", "V8585", "V1947", "V5713", "V7241"], ["V8194", "V7915", "V7240", "V3014", "V1817", "V3692", "V7515", "V9442", "V913", "V2234", "V8411", "V7494", "V389", "V5380", "V6696", "V2134", "V4787", "V7358", "V7232", "V102", "V8508", "V8846", "V7696", "V3634", "V1333", "V7620", "V7430", "V9578", "V2674", "V6915", "V2905", "V1606", "V1671", "V8368", "V9129", "V8406", "V7748", "V3989", "V414", "V7495", "V295", "V3652", "V327", "V1425", "V5083", "V7163", "V9750", "V4491", "V3660", "V1193", "V698", "V1748", "V6311", "V8388", "V1232", "V5653", "V8346", "V6974", "V4964", "V6180", "V4340", "V4545", "V5630", "V3615", "V5469", "V5223", "V1611", "V6706", "V6646", "V4666", "V6897", "V6487", "V8041", "V7868", "V5258", "V1812", "V6470", "V2227", "V6442", "V1662", "V4189", "V9650", "V1257", "V9092", "V8781", "V6126", "V1283", "V8585", "V5854", "V2022", "V8361", "V6825", "V2525", "V1997", "V455", "V1516", "V7888", "V257", "V218", "V4121"], ["V6914", "V5275", "V8423", "V5653", "V913", "V3615", "V3578", "V3987", "V2905", "V1541", "V6358", "V2033", "V6603", "V7379", "V1516", "V3593", "V949", "V1619", "V2022", "V3665", "V6470", "V9833", "V9442", "V4340", "V8790", "V4353", "V3662", "V2997", "V9750", "V7868", "V172", "V6041", "V158", "V5083", "V3629", "V7319", "V7940", "V8081", "V9791", "V8810", "V8071", "V1333", "V3692", "V3083", "V9870", "V7921", "V7447", "V7878", "V4115", "V2644", "V2234", "V7908", "V470", "V4967", "V218", "V6404", "V191", "V7515", "V6204", "V4221", "V734", "V1508", "V9378", "V9650", "V3913", "V6487", "V857", "V1768", "V7278", "V499", "V2832", "V8388", "V2640", "V6180", "V4879", "V3605", "V2134", "V8362", "V1611", "V6696", "V919", "V1093", "V5854", "V4192", "V5455", "V7888", "V327", "V1812", "V3968", "V7401", "V6864", "V222", "V4840", "V1257", "V1947", "V1671", "V6974", "V4968", "V236", "V6828"]]}