{
    "classification_report_train": {
        "accuracy": {
            "mean": 0.8550000000000001,
            "std": 0.014577379737113256
        },
        "0": {
            "precision_mean": 0.8356913209451484,
            "precision_std": 0.0201055049540674,
            "recall_mean": 0.837867203219316,
            "recall_std": 0.019873116291782712,
            "f1-score_mean": 0.8357028013341111,
            "f1-score_std": 0.014895681955495139,
            "support_mean": 70.4,
            "support_std": 0.21908902300206642
        },
        "1": {
            "precision_mean": 0.8732245646635342,
            "precision_std": 0.012875052958775323,
            "recall_mean": 0.8681398252184769,
            "recall_std": 0.019801254081544855,
            "f1-score_mean": 0.8698717948717949,
            "f1-score_std": 0.012109290081538805,
            "support_mean": 89.6,
            "support_std": 0.21908902300206642
        },
        "macro avg": {
            "precision_mean": 0.8544579428043413,
            "precision_std": 0.013301564288747429,
            "recall_mean": 0.8530035142188964,
            "recall_std": 0.012940743167202886,
            "f1-score_mean": 0.852787298102953,
            "f1-score_std": 0.01322410314680013,
            "support_mean": 160.0,
            "support_std": 0.0
        },
        "weighted avg": {
            "precision_mean": 0.8565907737463083,
            "precision_std": 0.012815403154664737,
            "recall_mean": 0.8550000000000001,
            "recall_std": 0.0130384048104053,
            "f1-score_mean": 0.8548677745683146,
            "f1-score_std": 0.013051761404769048,
            "support_mean": 160.0,
            "support_std": 0.0
        }
    },
    "classification_report_test": {
        "accuracy": {
            "mean": 0.78,
            "std": 0.021505813167606577
        },
        "0": {
            "precision_mean": 0.753760760597145,
            "precision_std": 0.03186621161927965,
            "recall_mean": 0.7633986928104575,
            "recall_std": 0.044956679087480834,
            "f1-score_mean": 0.7522604422604422,
            "f1-score_std": 0.020879993085647003,
            "support_mean": 17.6,
            "support_std": 0.21908902300206642
        },
        "1": {
            "precision_mean": 0.8161074219897749,
            "precision_std": 0.03229326025746031,
            "recall_mean": 0.7948616600790513,
            "recall_std": 0.03662221178005377,
            "f1-score_mean": 0.8004735129623798,
            "f1-score_std": 0.019071753155483526,
            "support_mean": 22.4,
            "support_std": 0.21908902300206642
        },
        "macro avg": {
            "precision_mean": 0.78493409129346,
            "precision_std": 0.021201549007553385,
            "recall_mean": 0.7791301764447545,
            "recall_std": 0.019828838886243805,
            "f1-score_mean": 0.776366977611411,
            "f1-score_std": 0.018933018902762944,
            "support_mean": 40.0,
            "support_std": 0.0
        },
        "weighted avg": {
            "precision_mean": 0.789383212513134,
            "precision_std": 0.021915047469086978,
            "recall_mean": 0.78,
            "recall_std": 0.019235384061671353,
            "f1-score_mean": 0.7790935563560503,
            "f1-score_std": 0.018996909495599193,
            "support_mean": 40.0,
            "support_std": 0.0
        }
    },
    "timing": {
        "extractor_fit": "0:00:11.224910",
        "filtered_features": "0:00:00.001013",
        "model_training_time": "0:00:00.002891"
    },
    "n_words": [
        100,
        100,
        100,
        100,
        100
    ],
    "selected_vocabulary": [
        [
            "V6252",
            "V3923",
            "V2850",
            "V6075",
            "V3810",
            "V2010",
            "V5005",
            "V3652",
            "V6847",
            "V2130",
            "V3035",
            "V7303",
            "V5694",
            "V4706",
            "V6670",
            "V6163",
            "V4127",
            "V86",
            "V1531",
            "V754",
            "V9215",
            "V4685",
            "V5223",
            "V6610",
            "V3354",
            "V9198",
            "V4379",
            "V8508",
            "V832",
            "V614",
            "V5878",
            "V7478",
            "V87",
            "V3948",
            "V4364",
            "V2106",
            "V2",
            "V4782",
            "V421",
            "V908",
            "V4459",
            "V9567",
            "V2256",
            "V7544",
            "V7189",
            "V5874",
            "V2077",
            "V1451",
            "V7786",
            "V4961",
            "V3653",
            "V150",
            "V3014",
            "V5796",
            "V4189",
            "V6696",
            "V8596",
            "V6395",
            "V457",
            "V767",
            "V9275",
            "V764",
            "V1568",
            "V5879",
            "V2556",
            "V4815",
            "V3397",
            "V4584",
            "V5573",
            "V5838",
            "V3585",
            "V5936",
            "V15",
            "V3952",
            "V4678",
            "V9885",
            "V5427",
            "V1831",
            "V768",
            "V6850",
            "V9485",
            "V468",
            "V5400",
            "V3591",
            "V439",
            "V8632",
            "V4069",
            "V4352",
            "V4968",
            "V6358",
            "V6408",
            "V2924",
            "V2462",
            "V3440",
            "V6481",
            "V1148",
            "V7557",
            "V1193",
            "V8502",
            "V3036"
        ],
        [
            "V6522",
            "V8156",
            "V3345",
            "V192",
            "V8485",
            "V3054",
            "V4384",
            "V3604",
            "V5260",
            "V1388",
            "V3592",
            "V2357",
            "V2190",
            "V6123",
            "V2556",
            "V3258",
            "V1518",
            "V3181",
            "V1513",
            "V392",
            "V6192",
            "V9238",
            "V3765",
            "V3036",
            "V2498",
            "V1450",
            "V6748",
            "V5666",
            "V3317",
            "V9855",
            "V6832",
            "V2462",
            "V1164",
            "V6232",
            "V5005",
            "V4268",
            "V7189",
            "V7882",
            "V2409",
            "V4379",
            "V6481",
            "V3161",
            "V8981",
            "V3913",
            "V1289",
            "V2143",
            "V1110",
            "V3218",
            "V1831",
            "V5457",
            "V6278",
            "V2823",
            "V2453",
            "V5650",
            "V9092",
            "V2845",
            "V5321",
            "V6037",
            "V9078",
            "V1946",
            "V4584",
            "V2358",
            "V4728",
            "V3674",
            "V2640",
            "V5378",
            "V7016",
            "V6487",
            "V795",
            "V9668",
            "V4099",
            "V2611",
            "V5351",
            "V6031",
            "V2088",
            "V9234",
            "V4898",
            "V5930",
            "V1400",
            "V6909",
            "V3983",
            "V8936",
            "V2613",
            "V4692",
            "V5041",
            "V7027",
            "V1405",
            "V8650",
            "V7075",
            "V8876",
            "V9567",
            "V3702",
            "V9750",
            "V6584",
            "V4352",
            "V7977",
            "V6567",
            "V6163",
            "V1883",
            "V4828"
        ],
        [
            "V1201",
