{"classification_report_train": {"accuracy": {"mean": 0.7237499999999999, "std": 0.007756046028744277}, "0": {"precision_mean": 0.6551982384482576, "precision_std": 0.013376801763961551, "recall_mean": 0.7980684104627767, "recall_std": 0.02921654441888237, "f1-score_mean": 0.7168835390902162, "f1-score_std": 0.008636771795661176, "support_mean": 70.4, "support_std": 0.21908902300206642}, "1": {"precision_mean": 0.8115964243629401, "precision_std": 0.013862519367331688, "recall_mean": 0.6650686641697877, "recall_std": 0.02895331938493427, "f1-score_mean": 0.7279957570340203, "f1-score_std": 0.012293686588202452, "support_mean": 89.6, "support_std": 0.21908902300206642}, "macro avg": {"precision_mean": 0.7333973314055988, "precision_std": 0.005299939394442794, "recall_mean": 0.7315685373162824, "recall_std": 0.006065750746503589, "f1-score_mean": 0.7224396480621182, "f1-score_std": 0.006825533290097725, "support_mean": 160.0, "support_std": 0.0}, "weighted avg": {"precision_mean": 0.7427214923767466, "precision_std": 0.00547559740418746, "recall_mean": 0.7237499999999999, "recall_std": 0.006937218462755796, "f1-score_mean": 0.723158538483631, "f1-score_std": 0.007216495539917892, "support_mean": 160.0, "support_std": 0.0}}, "classification_report_test": {"accuracy": {"mean": 0.67, "std": 0.02783882181415012}, "0": {"precision_mean": 0.6136582258321388, "precision_std": 0.025389037208340934, "recall_mean": 0.7065359477124183, "recall_std": 0.06284985807939922, "f1-score_mean": 0.6482141585292374, "f1-score_std": 0.031271196547092525, "support_mean": 17.6, "support_std": 0.21908902300206642}, "1": {"precision_mean": 0.7461197110423117, "precision_std": 0.04045244515571445, "recall_mean": 0.6426877470355732, "recall_std": 0.04467067703894175, "f1-score_mean": 0.6832765596925714, "f1-score_std": 0.026898814087477487, "support_mean": 22.4, "support_std": 0.21908902300206642}, "macro avg": {"precision_mean": 0.6798889684372253, "precision_std": 0.027207775717644534, "recall_mean": 0.6746118473739957, "recall_std": 0.027086903473800814, "f1-score_mean": 0.6657453591109043, "f1-score_std": 0.02494561480757759, "support_mean": 40.0, "support_std": 0.0}, "weighted avg": {"precision_mean": 0.6884129378383989, "precision_std": 0.028918659325869157, "recall_mean": 0.67, "recall_std": 0.02489979919597747, "f1-score_mean": 0.667743608018851, "f1-score_std": 0.024752669521621005, "support_mean": 40.0, "support_std": 0.0}}, "timing": {"extractor_fit": "0:00:00.065492", "filtered_features": "0:00:00.001561", "model_training_time": "0:00:00.002568"}, "n_words": [100, 100, 100, 100, 100], "selected_vocabulary": [["V6594", "V9650", "V436", "V1476", "V3783", "V7994", "V86", "V7891", "V7857", "V9279", "V4070", "V6399", "V4367", "V3692", "V9027", "V2818", "V5811", "V414", "V9735", "V9432", "V2866", "V4960", "V376", "V312", "V9617", "V3365", "V5801", "V2309", "V8368", "V1936", "V5005", "V2350", "V994", "V5349", "V4713", "V4677", "V7957", "V8321", "V7107", "V3563", "V2521", "V4622", "V8394", "V1957", "V4638", "V2483", "V2354", "V5416", "V3266", "V3274", "V6996", "V7092", "V3391", "V4650", "V2355", "V5941", "V5086", "V4847", "V593", "V9914", "V4239", "V4235", "V6347", "V114", "V5518", "V3021", "V7406", "V653", "V7448", "V5035", "V4135", "V7451", "V5627", "V7587", "V3963", "V8841", "V8879", "V2537", "V558", "V9539", "V4848", "V7810", "V472", "V3627", "V1175", "V8705", "V4023", "V3658", "V216", "V6854", "V3715", "V2584", "V6784", "V2615", "V6763", "V5736", "V9230", "V9563", "V3659", "V5757"], ["V9990", "V2140", "V5", "V7630", "V4183", "V5815", "V122", "V6729", "V4024", "V814", "V1975", "V1602", "V1434", "V1725", "V469", "V4672", "V7695", "V698", "V7593", "V3598", "V7032", "V7220", "V219", "V5457", "V533", "V6646", "V6684", "V5752", "V8425", "V7920", "V7227", "V6496", "V4964", "V7144", "V2676", "V2288", "V872", "V6220", "V782", "V3783", "V8411", "V4557", "V7748", "V1787", "V4973", "V9735", "V8806", "V9659", "V9585", "V1476", "V436", "V86", "V7857", "V9432", "V5801", "V4638", "V3391", "V7092", "V6347", "V8935", "V4848", "V4847", "V994", "V8879", "V5736", "V3658", "V114", "V216", "V2350", "V2492", "V9719", "V2483", "V9914", "V5627", "V1609", "V7810", "V558", "V593", "V4677", "V9539", "V3563", "V4650", "V3274", "V8705", "V3715", "V6996", "V5941", "V1957", "V2521", "V4235", "V5353", "V5035", "V4239", "V8841", "V3021", "V4622", "V5416", "V2584", "V9177", "V5757"], ["V3557", "V3303", "V122", "V6729", "V7891", "V5639", "V8117", "V9650", "V3370", "V1849", "V872", "V4496", "V7260", "V7124", "V4557", "V782", "V7032", "V6399", "V9537", "V7928", "V3692", "V1787", "V1400", "V5808", "V7628", "V9659", "V6594", "V8411", "V2818", "V1510", "V9585", "V1512", "V4973", "V7212", "V3783", "V5811", "V7994", "V5801", "V4070", "V723", "V7378", "V3629", "V9432", "V2866", "V5400", "V9027", "V7513", "V376", "V414", "V9617", "V4960", "V2309", "V312", "V3365", "V8368", "V1936", "V5005", "V3274", "V3715", "V5035", "V4622", "V4848", "V558", "V1837", "V7274", "V8705", "V5757", "V7092", "V5416", "V4677", "V9539", "V8841", "V994", "V8879", "V4847", "V1957", "V216", "V2350", "V9914", "V6347", "V2483", "V2232", "V4638", "V3021", "V4239", "V5627", "V4650", "V3658", "V4235", "V2521", "V593", "V3563", "V7810", "V6996", "V9607", "V2584", "V5736", "V114", "V5941", "V3391"], ["V6406", "V761", "V7217", "V7655", "V5811", "V8149", "V7651", "V3615", "V7472", "V5908", "V1721", "V6774", "V387", "V1746", "V4520", "V109", "V489", "V5758", "V4786", "V2866", "V8482", "V8806", "V1849", "V6928", "V376", "V7628", "V9617", "V7994", "V2309", "V7857", "V8368", "V9027", "V7197", "V3365", "V414", "V312", "V4960", "V86", "V436", "V5473", "V1476", "V8502", "V7748", "V4290", "V698", "V2350", "V417", "V4449", "V2521", "V8705", "V216", "V1545", "V4201", "V994", "V2214", "V8082", "V3658", "V3021", "V4235", "V7930", "V5941", "V4239", "V5779", "V2483", "V2110", "V9539", "V5736", "V8589", "V5757", "V3715", "V7058", "V3391", "V2410", "V5416", "V9914", "V3274", "V5627", "V9896", "V2590", "V8879", "V5035", "V4847", "V593", "V2584", "V4677", "V9357", "V6347", "V558", "V4650", "V8841", "V4638", "V4622", "V114", "V6996", "V7092", "V1957", "V1903", "V3563", "V4848", "V7810"], ["V9735", "V9659", "V982", "V4547", "V8411", "V7094", "V3557", "V801", "V4973", "V9585", "V6586", "V8149", "V8502", "V7220", "V7921", "V5758", "V4070", "V1849", "V9650", "V7734", "V8806", "V1936", "V4290", "V3692", "V7628", "V9279", "V7857", "V86", "V2818", "V2644", "V436", "V698", "V7994", "V5811", "V1476", "V7748", "V2866", "V9027", "V376", "V414", "V9617", "V4960", "V5005", "V2309", "V312", "V8368", "V3365", "V9539", "V2521", "V2483", "V467", "V5627", "V5035", "V7182", "V4638", "V5941", "V437", "V3715", "V3730", "V3563", "V4622", "V2200", "V5736", "V5757", "V4329", "V4677", "V4239", "V114", "V4235", "V6996", "V4848", "V4847", "V9914", "V4650", "V216", "V3021", "V5314", "V2350", "V8705", "V228", "V2584", "V1957", "V5611", "V8879", "V7092", "V593", "V5416", "V6347", "V6310", "V3274", "V3279", "V7450", "V558", "V8189", "V7810", "V3391", "V304", "V8841", "V994", "V3658"]]}