{
    "classification_report_train": {
        "accuracy": {
            "mean": 0.8162499999999999,
            "std": 0.023184046238739268
        },
        "0": {
            "precision_mean": 0.7716575598741402,
            "precision_std": 0.033320438852963076,
            "recall_mean": 0.8436619718309858,
            "recall_std": 0.025319387393181226,
            "f1-score_mean": 0.8026677172329679,
            "f1-score_std": 0.019820780830687276,
            "support_mean": 70.4,
            "support_std": 0.21908902300206642
        },
        "1": {
            "precision_mean": 0.8688083802782994,
            "precision_std": 0.01608040969071432,
            "recall_mean": 0.7950312109862672,
            "recall_std": 0.04083029039331626,
            "f1-score_mean": 0.8265883005883007,
            "f1-score_std": 0.022918964187123598,
            "support_mean": 89.6,
            "support_std": 0.21908902300206642
        },
        "macro avg": {
            "precision_mean": 0.8202329700762198,
            "precision_std": 0.018388255057089305,
            "recall_mean": 0.8193465914086266,
            "recall_std": 0.018834952896502055,
            "f1-score_mean": 0.8146280089106341,
            "f1-score_std": 0.02069396819558186,
            "support_mean": 160.0,
            "support_std": 0.0
        },
        "weighted avg": {
            "precision_mean": 0.8262210630251035,
            "precision_std": 0.016994670462671658,
            "recall_mean": 0.8162499999999999,
            "recall_std": 0.020736441353327726,
            "f1-score_mean": 0.8160523283479012,
            "f1-score_std": 0.020866405802369162,
            "support_mean": 160.0,
            "support_std": 0.0
        }
    },
    "classification_report_test": {
        "accuracy": {
            "mean": 0.7100000000000001,
            "std": 0.025739075352467507
        },
        "0": {
            "precision_mean": 0.6676657329598505,
            "precision_std": 0.033637110665065084,
            "recall_mean": 0.7274509803921569,
            "recall_std": 0.04023299224305552,
            "f1-score_mean": 0.6884385546537249,
            "f1-score_std": 0.016580025454137958,
            "support_mean": 17.6,
            "support_std": 0.21908902300206642
        },
        "1": {
            "precision_mean": 0.7678260869565217,
            "precision_std": 0.01925507261738782,
            "recall_mean": 0.6956521739130433,
            "recall_std": 0.06010764869630696,
            "f1-score_mean": 0.721441812316433,
            "f1-score_std": 0.03610871038931314,
            "support_mean": 22.4,
            "support_std": 0.21908902300206642
        },
        "macro avg": {
            "precision_mean": 0.7177459099581862,
            "precision_std": 0.018872704292868272,
            "recall_mean": 0.7115515771526002,
            "recall_std": 0.020531648648850015,
            "f1-score_mean": 0.704940183485079,
            "f1-score_std": 0.02322244860749482,
            "support_mean": 40.0,
            "support_std": 0.0
        },
        "weighted avg": {
            "precision_mean": 0.7239642857142858,
            "precision_std": 0.01832715991320643,
            "recall_mean": 0.7100000000000001,
            "recall_std": 0.02302172886644268,
            "f1-score_mean": 0.7072204090127896,
            "f1-score_std": 0.024421845640179102,
            "support_mean": 40.0,
            "support_std": 0.0
        }
    },
    "timing": {
        "extractor_fit": "0:00:08.323325",
        "filtered_features": "0:00:00.000963",
        "model_training_time": "0:00:00.001946"
    },
    "n_words": [
        10,
        10,
        10,
        10,
        10
    ],
    "selected_vocabulary": [
        [
            "V8224",
            "V3757",
            "V281",
            "V3855",
            "V2637",
            "V86",
            "V1936",
            "V6163",
            "V2462",
            "V3987"
        ],
        [
            "V9750",
            "V3286",
            "V1193",
            "V6481",
            "V9215",
            "V7544",
            "V9567",
            "V1787",
            "V8936",
            "V3036"
        ],
        [
            "V5400",
            "V4545",
            "V4678",
            "V1400",
            "V2136",
            "V1831",
            "V3036",
            "V3585",
            "V4069",
            "V1936"
        ],
        [
            "V2640",
            "V9234",
            "V9474",
            "V3839",
            "V9303",
            "V2358",
            "V1289",
            "V7232",
            "V4069",
            "V8502"
        ],
        [
            "V1235",
            "V306",
            "V1289",
            "V3986",
            "V2640",
            "V9567",
            "V4352",
            "V9996",
            "V8323",
            "V6481"
        ]
    ]
}