{
    "classification_report_train": {
        "accuracy": {
            "mean": 0.8225,
            "std": 0.009395810236483062
        },
        "0": {
            "precision_mean": 0.7581533101045295,
            "precision_std": 0.01506284827613715,
            "recall_mean": 0.8805633802816901,
            "recall_std": 0.014502294548461837,
            "f1-score_mean": 0.8137565702927352,
            "f1-score_std": 0.0076311819096514695,
            "support_mean": 70.4,
            "support_std": 0.21908902300206642
        },
        "1": {
            "precision_mean": 0.893573619363093,
            "precision_std": 0.009556053411339608,
            "recall_mean": 0.7768289637952559,
            "recall_std": 0.019782265881989922,
            "f1-score_mean": 0.8300238862709428,
            "f1-score_std": 0.009684217408179084,
            "support_mean": 89.6,
            "support_std": 0.21908902300206642
        },
        "macro avg": {
            "precision_mean": 0.8258634647338112,
            "precision_std": 0.007192282108973622,
            "recall_mean": 0.8286961720384731,
            "recall_std": 0.00733646516200673,
            "f1-score_mean": 0.8218902282818391,
            "f1-score_std": 0.008277481873190617,
            "support_mean": 160.0,
            "support_std": 0.0
        },
        "weighted avg": {
            "precision_mean": 0.8339825358370769,
            "precision_std": 0.00655885602211771,
            "recall_mean": 0.8225,
            "recall_std": 0.0084038681569858,
            "f1-score_mean": 0.8228766164320286,
            "f1-score_std": 0.00840610889810832,
            "support_mean": 160.0,
            "support_std": 0.0
        }
    },
    "classification_report_test": {
        "accuracy": {
            "mean": 0.75,
            "std": 0.023717082451262847
        },
        "0": {
            "precision_mean": 0.6916549394877568,
            "precision_std": 0.024560405110467937,
            "recall_mean": 0.7836601307189542,
            "recall_std": 0.03343442315766831,
            "f1-score_mean": 0.7328153717627401,
            "f1-score_std": 0.024025250842252384,
            "support_mean": 17.6,
            "support_std": 0.21908902300206642
        },
        "1": {
            "precision_mean": 0.8130641821946168,
            "precision_std": 0.023526584421818975,
            "recall_mean": 0.7241106719367588,
            "recall_std": 0.027043199811856405,
            "f1-score_mean": 0.7641466934149861,
            "f1-score_std": 0.020088447010651815,
            "support_mean": 22.4,
            "support_std": 0.21908902300206642
        },
        "macro avg": {
            "precision_mean": 0.7523595608411868,
            "precision_std": 0.020901713096909903,
            "recall_mean": 0.7538854013278565,
            "recall_std": 0.021013193410130877,
            "f1-score_mean": 0.7484810325888631,
            "f1-score_std": 0.021412896613153445,
            "support_mean": 40.0,
            "support_std": 0.0
        },
        "weighted avg": {
            "precision_mean": 0.7599909328269134,
            "precision_std": 0.020274724126751166,
            "recall_mean": 0.75,
            "recall_std": 0.021213203435596427,
            "f1-score_mean": 0.7503814247370088,
            "f1-score_std": 0.021160576626933977,
            "support_mean": 40.0,
            "support_std": 0.0
        }
    },
    "timing": {
        "extractor_fit": "1:29:52.265191",
        "filtered_features": "0:00:00.000860",
        "model_training_time": "0:00:00.006307"
    },
    "n_words": [
        12,
        11,
        11,
        9,
        12
    ],
    "selected_vocabulary": [
        [
            "V9238",
            "V4678",
            "V5854",
            "V5818",
            "V5005",
            "V7525",
            "V306",
            "V2089",
            "V8327",
            "V8831",
            "V6163",
            "V1936"
        ],
        [
            "V1310",
            "V9660",
            "V4069",
            "V5303",
            "V2256",
            "V86",
            "V1606",
            "V4340",
            "V9447",
            "V6696",
            "V312"
        ],
        [
            "V5005",
            "V256",
            "V6218",
            "V4678",
            "V1831",
            "V6774",
            "V835",
            "V5",
            "V9156",
            "V5871",
            "V5324"
        ],
        [
            "V8502",
            "V8585",
            "V6984",
            "V1184",
            "V2984",
            "V86",
            "V8058",
            "V8405",
            "V7212"
        ],
        [
            "V1584",
            "V1235",
            "V9801",
            "V3365",
            "V2640",
            "V6481",
            "V698",
            "V3986",
            "V1083",
            "V4070",
            "V172",
            "V766"
        ]
    ]
}