{"classification_report_train": {"accuracy": {"mean": 0.5599999999999999, "std": 0.001530931089239481}, "0": {"precision_mean": 0.0, "precision_std": 0.0, "recall_mean": 0.0, "recall_std": 0.0, "f1-score_mean": 0.0, "f1-score_std": 0.0, "support_mean": 70.4, "support_std": 0.21908902300206642}, "1": {"precision_mean": 0.5599999999999999, "precision_std": 0.0013693063937629103, "recall_mean": 1.0, "recall_std": 0.0, "f1-score_mean": 0.7179437751004016, "f1-score_std": 0.0011262407608138038, "support_mean": 89.6, "support_std": 0.21908902300206642}, "macro avg": {"precision_mean": 0.27999999999999997, "precision_std": 0.0006846531968814552, "recall_mean": 0.5, "recall_std": 0.0, "f1-score_mean": 0.3589718875502008, "f1-score_std": 0.0005631203804069019, "support_mean": 160.0, "support_std": 0.0}, "weighted avg": {"precision_mean": 0.3136093750000001, "precision_std": 0.0015319115280222546, "recall_mean": 0.5599999999999999, "recall_std": 0.0013693063937629103, "f1-score_mean": 0.40205622489959836, "f1-score_std": 0.0016123720267119683, "support_mean": 160.0, "support_std": 0.0}}, "classification_report_test": {"accuracy": {"mean": 0.5599999999999999, "std": 0.006123724356957924}, "0": {"precision_mean": 0.0, "precision_std": 0.0, "recall_mean": 0.0, "recall_std": 0.0, "f1-score_mean": 0.0, "f1-score_std": 0.0, "support_mean": 17.6, "support_std": 0.21908902300206642}, "1": {"precision_mean": 0.5599999999999999, "precision_std": 0.005477225575051641, "recall_mean": 1.0, "recall_std": 0.0, "f1-score_mean": 0.7178699436763953, "f1-score_std": 0.004487230373826229, "support_mean": 22.4, "support_std": 0.21908902300206642}, "macro avg": {"precision_mean": 0.27999999999999997, "precision_std": 0.0027386127875258207, "recall_mean": 0.5, "recall_std": 0.0, "f1-score_mean": 0.35893497183819767, "f1-score_std": 0.0022436151869131143, "support_mean": 40.0, "support_std": 0.0}, "weighted avg": {"precision_mean": 0.31375000000000003, "precision_std": 0.0061618787719331086, "recall_mean": 0.5599999999999999, "recall_std": 0.005477225575051641, "f1-score_mean": 0.4021300563236047, "f1-score_std": 0.006467220776277078, "support_mean": 40.0, "support_std": 0.0}}, "timing": {"extractor_fit": "0:00:00.070953", "filtered_features": "0:00:00.001575", "model_training_time": "0:00:00.001696"}, "n_words": [10, 10, 10, 10, 10], "selected_vocabulary": [["V3715", "V2584", "V6784", "V2615", "V6763", "V5736", "V9230", "V9563", "V3659", "V5757"], ["V5353", "V5035", "V4239", "V8841", "V3021", "V4622", "V5416", "V2584", "V9177", "V5757"], ["V593", "V3563", "V7810", "V6996", "V9607", "V2584", "V5736", "V114", "V5941", "V3391"], ["V4638", "V4622", "V114", "V6996", "V7092", "V1957", "V1903", "V3563", "V4848", "V7810"], ["V3279", "V7450", "V558", "V8189", "V7810", "V3391", "V304", "V8841", "V994", "V3658"]]}