{"classification_report_train": {"0": {"precision_mean": 0.40601403558910604, "precision_std": 0.00027811850828733176, "recall_mean": 0.3815489686825796, "recall_std": 0.0012489705564880191, "f1-score_mean": 0.3927768846895083, "f1-score_std": 0.0007075345359376238, "support_mean": 381.6, "support_std": 0.019595917942265426}, "1": {"precision_mean": 0.4396836908806049, "precision_std": 0.0006949902879341989, "recall_mean": 0.3759816102019594, "recall_std": 0.0008660567937208004, "f1-score_mean": 0.4052375048536618, "f1-score_std": 0.0007633476168036404, "support_mean": 604.8, "support_std": 0.016000000000000004}, "2": {"precision_mean": 0.35792847316987386, "precision_std": 0.001638621943827947, "recall_mean": 0.4516129032258064, "recall_std": 0.0015026857675938213, "f1-score_mean": 0.3990314667903008, "f1-score_std": 0.0015728231240357817, "support_mean": 248.0, "support_std": 0.0}, "3": {"precision_mean": 0.36656340879623006, "precision_std": 0.0008424656118850954, "recall_mean": 0.3635329183545763, "recall_std": 0.0015740463004671331, "f1-score_mean": 0.3641707036611204, "f1-score_std": 0.0010114141457748785, "support_mean": 348.8, "support_std": 0.016}, "4": {"precision_mean": 0.5047737754106406, "precision_std": 0.0010321811479614461, "recall_mean": 0.5759677520547086, "recall_std": 0.0013709591631713266, "f1-score_mean": 0.5379306154987431, "f1-score_std": 0.0011530477802321052, "support_mean": 252.8, "support_std": 0.016}, "5": {"precision_mean": 0.5744535320761301, "precision_std": 0.001634375354234325, "recall_mean": 0.5384168231070711, "recall_std": 0.0009257045295456444, "f1-score_mean": 0.5556858121929494, "f1-score_std": 0.001230867050512649, "support_mean": 348.8, "support_std": 0.016}, "6": {"precision_mean": 0.2174224182245247, "precision_std": 0.0011234533657655964, "recall_mean": 0.5386363636363637, "recall_std": 0.0016910068397943884, "f1-score_mean": 0.30954630524475174, "f1-score_std": 0.0014044929205621315, "support_mean": 88.0, "support_std": 0.0}, "7": {"precision_mean": 0.6587149635072317, "precision_std": 0.0013354770949214048, "recall_mean": 0.5601851851851851, "recall_std": 0.0014054567378526124, "f1-score_mean": 0.6054156176210068, "f1-score_std": 0.0013737955971572715, "support_mean": 648.0, "support_std": 0.0}, "8": {"precision_mean": 0.3317014047538495, "precision_std": 0.0008472208279509795, "recall_mean": 0.3089487883605531, "recall_std": 0.0007680684706436947, "f1-score_mean": 0.31970814399896746, "f1-score_std": 0.0007339414027120522, "support_mean": 407.2, "support_std": 0.016}, "9": {"precision_mean": 0.3712236456764757, "precision_std": 0.0005268428730726586, "recall_mean": 0.3982807909938684, "recall_std": 0.001213332810403941, "f1-score_mean": 0.38337992490281503, "f1-score_std": 0.0005252022489325777, "support_mean": 318.4, "support_std": 0.019595917942265426}, "10": {"precision_mean": 0.6269865071388485, "precision_std": 0.0006574546604185966, "recall_mean": 0.5316102550299442, "recall_std": 0.0016386004439212407, "f1-score_mean": 0.5749515547662525, "f1-score_std": 0.0012051161260230243, "support_mean": 385.6, "support_std": 0.019595917942265426}, "11": {"precision_mean": 0.4632833994765321, "precision_std": 0.0010026121425307912, "recall_mean": 0.5593773946360153, "recall_std": 0.0006533487199383877, "f1-score_mean": 0.5062293126864088, "f1-score_std": 0.0005716175983307783, "support_mean": 144.8, "support_std": 0.016}, "12": {"precision_mean": 0.3799011786224062, "precision_std": 0.0017270900944857234, "recall_mean": 0.5245270711024136, "recall_std": 0.0019689264546260753, "f1-score_mean": 0.44020424645867545, "f1-score_std": 0.0017622950871882504, "support_mean": 146.4, "support_std": 0.019595917942265423}, "13": {"precision_mean": 0.41350256171401956, "precision_std": 0.0007433760722240952, "recall_mean": 0.3722489838928195, "recall_std": 0.0006161997892593636, "f1-score_mean": 0.3915863222232076, "f1-score_std": 0.0005680564618373078, "support_mean": 364.8, "support_std": 0.016}, "14": {"precision_mean": 0.6860024005524425, "precision_std": 0.003499872901345088, "recall_mean": 0.755111976630964, "recall_std": 0.0012235623987131763, "f1-score_mean": 0.7165582939215478, "f1-score_std": 0.0023617486641321116, "support_mean": 78.4, "support_std": 0.019595917942265423}, "macro avg": {"precision_mean": 0.4532103597059277, "precision_std": 0.0005480254982755183, "recall_mean": 0.48239918567298856, "recall_std": 0.00059216794491887, "f1-score_mean": 0.46016084730066115, "f1-score_std": 0.0005686966599239365, "support_mean": 4766.4, "support_std": 0.019595917942265426}, "weighted avg": {"precision_mean": 0.46866528708750155, "precision_std": 0.00034452455155531745, "recall_mean": 0.4544300799990422, "recall_std": 0.0004191317101460792, "f1-score_mean": 0.4575938962785885, "f1-score_std": 0.0003846006110101894, "support_mean": 4766.4, "support_std": 0.019595917942265426}}, "classification_report_test": {"0": {"precision_mean": 0.2785666449907972, "precision_std": 0.05526667359882896, "recall_mean": 0.26607456140350877, "recall_std": 0.06641093900351827, "f1-score_mean": 0.27109867921821074, "f1-score_std": 0.05810010488953889, "support_mean": 95.4, "support_std": 0.4898979485566356}, "1": {"precision_mean": 0.32221039263852397, "precision_std": 0.05047199113781141, "recall_mean": 0.2896131056117114, "recall_std": 0.055351174232035755, "f1-score_mean": 0.30161322562463544, "f1-score_std": 0.04309783343249654, "support_mean": 151.2, "support_std": 0.4}, "2": {"precision_mean": 0.19364818980717158, "precision_std": 0.060366117149401426, "recall_mean": 0.27419354838709675, "recall_std": 0.11675458755389585, "f1-score_mean": 0.22605087144295824, "f1-score_std": 0.08104389985963159, "support_mean": 62.0, "support_std": 0.0}, "3": {"precision_mean": 0.22303230821687672, "precision_std": 0.07454279214382498, "recall_mean": 0.23633751306165102, "recall_std": 0.08549449154553569, "f1-score_mean": 0.2292687453201026, "f1-score_std": 0.07947643867294084, "support_mean": 87.2, "support_std": 0.4}, "4": {"precision_mean": 0.32509903089047876, "precision_std": 0.06488713416641559, "recall_mean": 0.3702380952380952, "recall_std": 0.11062535541989812, "f1-score_mean": 0.344132962769481, "f1-score_std": 0.08266927136938804, "support_mean": 63.2, "support_std": 0.4}, "5": {"precision_mean": 0.4095319281729807, "precision_std": 0.09073984790953529, "recall_mean": 0.3852664576802508, "recall_std": 0.14478837709840495, "f1-score_mean": 0.3913706174020367, "f1-score_std": 0.11121073804061125, "support_mean": 87.2, "support_std": 0.4}, "6": {"precision_mean": 0.05628199525198866, "precision_std": 0.0323247708982015, "recall_mean": 0.12727272727272726, "recall_std": 0.07820295697311479, "f1-score_mean": 0.07765944681607331, "f1-score_std": 0.045285772868196045, "support_mean": 22.0, "support_std": 0.0}, "7": {"precision_mean": 0.5161853188500768, "precision_std": 0.09662910274211846, "recall_mean": 0.4641975308641976, "recall_std": 0.21871024580522022, "f1-score_mean": 0.4746500674084005, "f1-score_std": 0.1720610983079137, "support_mean": 162.0, "support_std": 0.0}, "8": {"precision_mean": 0.1833863009744643, "precision_std": 0.04048711970657811, "recall_mean": 0.17885847408270236, "recall_std": 0.03575230978404096, "f1-score_mean": 0.1806492863930956, "f1-score_std": 0.03677666503557769, "support_mean": 101.8, "support_std": 0.4}, "9": {"precision_mean": 0.21233262383045615, "precision_std": 0.046308957641746765, "recall_mean": 0.25123417721518987, "recall_std": 0.06378764114587288, "f1-score_mean": 0.2295837041063656, "f1-score_std": 0.052905251383420816, "support_mean": 79.6, "support_std": 0.4898979485566356}, "10": {"precision_mean": 0.484673112893138, "precision_std": 0.07619239920251761, "recall_mean": 0.3901632302405499, "recall_std": 0.14928538633621347, "f1-score_mean": 0.42547306255363804, "f1-score_std": 0.10781285262676668, "support_mean": 96.4, "support_std": 0.4898979485566356},