{"classification_report_train": {"0": {"precision_mean": 0.680007645744368, "precision_std": 0.022230243187501813, "recall_mean": 0.6499388492668784, "recall_std": 0.024436311083976217, "f1-score_mean": 0.6637112498816223, "f1-score_std": 0.020852915401327655, "support_mean": 381.6, "support_std": 0.21908902300206645}, "1": {"precision_mean": 0.6189719763535807, "precision_std": 0.014379886151559712, "recall_mean": 0.5753965300202506, "recall_std": 0.01037571645792027, "f1-score_mean": 0.5960081978151018, "f1-score_std": 0.010154816239760285, "support_mean": 604.8, "support_std": 0.1788854381999832}, "2": {"precision_mean": 0.6505870366565172, "precision_std": 0.012590984937296117, "recall_mean": 0.7032258064516128, "recall_std": 0.01655093359014878, "f1-score_mean": 0.6753156658786105, "f1-score_std": 0.011609702402884725, "support_mean": 248.0, "support_std": 0.0}, "3": {"precision_mean": 0.5494911026284816, "precision_std": 0.006087562398664623, "recall_mean": 0.7121825906530976, "recall_std": 0.015412483277597203, "f1-score_mean": 0.6199900798479306, "f1-score_std": 0.007934074333858288, "support_mean": 348.8, "support_std": 0.17888543819998318}, "4": {"precision_mean": 0.7396482733233308, "precision_std": 0.008000147799339332, "recall_mean": 0.7998713846539933, "recall_std": 0.012401178485297426, "f1-score_mean": 0.7684232612072446, "f1-score_std": 0.008870196728345851, "support_mean": 252.8, "support_std": 0.17888543819998318}, "5": {"precision_mean": 0.7168584126030952, "precision_std": 0.020899466884761703, "recall_mean": 0.6892319599512564, "recall_std": 0.008244424600539446, "f1-score_mean": 0.7023041437357292, "f1-score_std": 0.013291113036959255, "support_mean": 348.8, "support_std": 0.17888543819998318}, "6": {"precision_mean": 0.951047237076649, "precision_std": 0.015331492806713818, "recall_mean": 0.9090909090909092, "recall_std": 0.007186994682200856, "f1-score_mean": 0.9293819457416715, "f1-score_std": 0.009951614389004972, "support_mean": 88.0, "support_std": 0.0}, "7": {"precision_mean": 0.7650801625711005, "precision_std": 0.01326590838549952, "recall_mean": 0.7046296296296297, "recall_std": 0.011286341157481495, "f1-score_mean": 0.7332811270184947, "f1-score_std": 0.009948353195464374, "support_mean": 648.0, "support_std": 0.0}, "8": {"precision_mean": 0.5767263180684137, "precision_std": 0.011059732897107785, "recall_mean": 0.5014934720817074, "recall_std": 0.016222910311515588, "f1-score_mean": 0.5353561430589873, "f1-score_std": 0.009125769193977768, "support_mean": 407.2, "support_std": 0.17888543819998318}, "9": {"precision_mean": 0.6677379051347204, "precision_std": 0.019643624530835603, "recall_mean": 0.6815362473137359, "recall_std": 0.009491579522537551, "f1-score_mean": 0.6740439583092684, "f1-score_std": 0.01297532836440139, "support_mean": 318.4, "support_std": 0.21908902300206645}, "10": {"precision_mean": 0.8080296888910011, "precision_std": 0.01057238835002819, "recall_mean": 0.7390781239485903, "recall_std": 0.012543303071205901, "f1-score_mean": 0.7718108123747809, "f1-score_std": 0.010407441372407162, "support_mean": 385.6, "support_std": 0.21908902300206645}, "11": {"precision_mean": 0.7783805470132024, "precision_std": 0.008442448633723733, "recall_mean": 0.8397509578544062, "recall_std": 0.008705753163084239, "f1-score_mean": 0.8074576024595344, "f1-score_std": 0.0012494269989861903, "support_mean": 144.8, "support_std": 0.17888543819998318}, "12": {"precision_mean": 0.7505198229588473, "precision_std": 0.02366931120940536, "recall_mean": 0.7882303606374057, "recall_std": 0.006257486520995066, "f1-score_mean": 0.7682244585981705, "f1-score_std": 0.014509008192733638, "support_mean": 146.4, "support_std": 0.21908902300206642}, "13": {"precision_mean": 0.5955831433672835, "precision_std": 0.01475914080320995, "recall_mean": 0.6518470570525365, "recall_std": 0.01397481202467759, "f1-score_mean": 0.6221684283310516, "f1-score_std": 0.013218553457167584, "support_mean": 364.8, "support_std": 0.17888543819998318}, "14": {"precision_mean": 0.9486728395061729, "precision_std": 0.009026667125940243, "recall_mean": 0.9846802986043492, "recall_std": 0.004259812055214966, "f1-score_mean": 0.9662994244528418, "f1-score_std": 0.006616023303916458, "support_mean": 78.4, "support_std": 0.21908902300206642}, "macro avg": {"precision_mean": 0.7198228074597842, "precision_std": 0.0034956041531482253, "recall_mean": 0.7286789451473574, "recall_std": 0.0022631635347557, "f1-score_mean": 0.7222517665807361, "f1-score_std": 0.0029078759164966714, "support_mean": 4766.4, "support_std": 0.21908902300206645}, "weighted avg": {"precision_mean": 0.6874361740045247, "precision_std": 0.00445123305626501, "recall_mean": 0.683156925572642, "recall_std": 0.004038014614168203, "f1-score_mean": 0.6831077013656458, "f1-score_std": 0.0042547377556493154, "support_mean": 4766.4, "support_std": 0.21908902300206645}}, "classification_report_test": {"0": {"precision_mean": 0.24336648922929527, "precision_std": 0.0307989614483728, "recall_mean": 0.21153508771929824, "recall_std": 0.026920079384235757, "f1-score_mean": 0.22555473139777793, "f1-score_std": 0.027946605008409127, "support_mean": 95.4, "support_std": 0.21908902300206642}, "1": {"precision_mean": 0.3149130101134862, "precision_std": 0.023572123507040035, "recall_mean": 0.33577901707912167, "recall_std": 0.04917458488143801, "f1-score_mean": 0.3221022127965057, "f1-score_std": 0.034900800371023874, "support_mean": 151.2, "support_std": 0.17888543819998318}, "2": {"precision_mean": 0.20683573379262973, "precision_std": 0.03142195118811926, "recall_mean": 0.2548387096774193, "recall_std": 0.04502282921901394, "f1-score_mean": 0.22721285898862886, "f1-score_std": 0.03667126942391567, "support_mean": 62.0, "support_std": 0.0}, "3": {"precision_mean": 0.21411091432193868, "precision_std": 0.017471057029397496, "recall_mean": 0.31439393939393934, "recall_std": 0.026038996671005458, "f1-score_mean": 0.2545229619316011, "f1-score_std": 0.020577326077865478, "support_mean": 87.2, "support_std": 0.17888543819998318}, "4": {"precision_mean": 0.4168276240886848, "precision_std": 0.031202467362461534, "recall_mean": 0.42103174603174603, "recall_std": 0.05881696716171527, "f1-score_mean": 0.41521311115971027, "f1-score_std": 0.04568699961070305, "support_mean": 63.2, "support_std": 0.17888543819998318}, "5": {"precision_mean": 0.43072103157629477, "precision_std": 0.022276602731764492, "recall_mean": 0.44054336468129573, "recall_std": 0.061339275357899535, "f1-score_mean": 0.43034601579172993, "f1-score_std": 0.039872078895320386, "support_mean": 87.2, "support_std": 0.17888543819998318}, "6": {"precision_mean": 0.3288888888888889, "precision_std": 0.08869979887794364, "recall_mean": 0.09090909090909091, "recall_std": 0.03401506715249038, "f1-score_mean": 0.13642771804062126, "f1-score_std": 0.047781673156783534, "support_mean": 22.0, "support_std": 0.0}, "7": {"precision_mean": 0.5248213762391771, "precision_std": 0.03636441228596686, "recall_mean": 0.5271604938271605, "recall_std": 0.09617909930657108, "f1-score_mean": 0.5157472855469238, "f1-score_std": 0.06889641263484529, "support_mean": 162.0, "support_std": 0.0}, "8": {"precision_mean": 0.15333808124162207, "precision_std": 0.020979262967456537, "recall_mean": 0.1433119782566492, "recall_std": 0.017560608783289768, "f1-score_mean": 0.14747217657789874, "f1-score_std": 0.018886312571901334, "support_mean": 101.8, "support_std": 0.17888543819998318}, "9": {"precision_mean": 0.20174603174603173, "precision_std": 0.008974643039535045, "recall_mean": 0.21132911392405065, "recall_std": 0.02469241158480511, "f1-score_mean": 0.20420484161384414, "f1-score_std": 0.015211688548679447, "support_mean": 79.6, "support_std": 0.21908902300206642}, "10": {"precision_mean": 0.5085916748713843, "precision_std": 0.03796438540837808, "recall_mean": 0.4395618556701031, "recall_std": 0.05764149793064188, "f1-score_mean": 0.4646075599896255,