{"classification_report_train": {"0": {"precision_mean": 0.5143316271791504, "precision_std": 0.006654490981232484, "recall_mean": 0.511536188866444, "recall_std": 0.013075334914225235, "f1-score_mean": 0.5124149384569068, "f1-score_std": 0.007568805959406239, "support_mean": 381.6, "support_std": 0.21908902300206645}, "1": {"precision_mean": 0.5028341833209101, "precision_std": 0.016110876820051034, "recall_mean": 0.41533632532428444, "recall_std": 0.0171957379877827, "f1-score_mean": 0.4542441760307243, "f1-score_std": 0.015477254978712196, "support_mean": 604.8, "support_std": 0.1788854381999832}, "2": {"precision_mean": 0.4907327877265484, "precision_std": 0.009000761400735675, "recall_mean": 0.510483870967742, "recall_std": 0.02083081843995218, "f1-score_mean": 0.4989991817123209, "f1-score_std": 0.01017944249813226, "support_mean": 248.0, "support_std": 0.0}, "3": {"precision_mean": 0.43523333233807254, "precision_std": 0.009365213917911473, "recall_mean": 0.5424513388005139, "recall_std": 0.021600084040561376, "f1-score_mean": 0.48233180520920793, "f1-score_std": 0.01321294310500619, "support_mean": 348.8, "support_std": 0.17888543819998318}, "4": {"precision_mean": 0.6005670118200751, "precision_std": 0.013298617703376243, "recall_mean": 0.6186962795658448, "recall_std": 0.016419695261226837, "f1-score_mean": 0.6091201720852448, "f1-score_std": 0.013193237921285683, "support_mean": 252.8, "support_std": 0.17888543819998318}, "5": {"precision_mean": 0.5731709428524522, "precision_std": 0.015871461954713104, "recall_mean": 0.6083687382669696, "recall_std": 0.009212578422994964, "f1-score_mean": 0.5900658004294519, "f1-score_std": 0.012580460277667762, "support_mean": 348.8, "support_std": 0.17888543819998318}, "6": {"precision_mean": 0.48614750422311487, "precision_std": 0.012475611646123076, "recall_mean": 0.7000000000000001, "recall_std": 0.013095327537170855, "f1-score_mean": 0.5729145562315242, "f1-score_std": 0.008516498990987815, "support_mean": 88.0, "support_std": 0.0}, "7": {"precision_mean": 0.6553533949492476, "precision_std": 0.014595726424002333, "recall_mean": 0.6074074074074074, "recall_std": 0.017070998535746774, "f1-score_mean": 0.6301594606988803, "f1-score_std": 0.014639306284429238, "support_mean": 648.0, "support_std": 0.0}, "8": {"precision_mean": 0.445750896597419, "precision_std": 0.014918276374037576, "recall_mean": 0.340393602158308, "recall_std": 0.01700273381178919, "f1-score_mean": 0.3848601295683415, "f1-score_std": 0.01395822600390599, "support_mean": 407.2, "support_std": 0.17888543819998318}, "9": {"precision_mean": 0.4750394051217361, "precision_std": 0.008901712056678463, "recall_mean": 0.4937028055440547, "recall_std": 0.013252708321956807, "f1-score_mean": 0.483901591518004, "f1-score_std": 0.00976124494776924, "support_mean": 318.4, "support_std": 0.21908902300206645}, "10": {"precision_mean": 0.6347804439533974, "precision_std": 0.01875724409009065, "recall_mean": 0.5855541349841868, "recall_std": 0.012566018758046069, "f1-score_mean": 0.608906972131996, "f1-score_std": 0.014578824185982182, "support_mean": 385.6, "support_std": 0.21908902300206645}, "11": {"precision_mean": 0.5158805565811407, "precision_std": 0.022764697315392487, "recall_mean": 0.5786685823754789, "recall_std": 0.021178434281018996, "f1-score_mean": 0.5439563491257475, "f1-score_std": 0.018578816914809743, "support_mean": 144.8, "support_std": 0.17888543819998318}, "12": {"precision_mean": 0.4916247598093495, "precision_std": 0.009228500837312671, "recall_mean": 0.6324480477122355, "recall_std": 0.014969494167828095, "f1-score_mean": 0.5521793811154534, "f1-score_std": 0.0048245291788933005, "support_mean": 146.4, "support_std": 0.21908902300206642}, "13": {"precision_mean": 0.5075832529063954, "precision_std": 0.007240064574145289, "recall_mean": 0.5350805359024536, "recall_std": 0.008481466066009283, "f1-score_mean": 0.5207805628125315, "f1-score_std": 0.006547694869840945, "support_mean": 364.8, "support_std": 0.17888543819998318}, "14": {"precision_mean": 0.5630680794056754, "precision_std": 0.031324873465254456, "recall_mean": 0.6864005193119117, "recall_std": 0.018002639990763736, "f1-score_mean": 0.6159046462275384, "f1-score_std": 0.019977548419976728, "support_mean": 78.4, "support_std": 0.21908902300206642}, "macro avg": {"precision_mean": 0.5261398785856457, "precision_std": 0.00783563132009153, "recall_mean": 0.557768558479189, "recall_std": 0.005487471799262804, "f1-score_mean": 0.5373826482235915, "f1-score_std": 0.00695718162114515, "support_mean": 4766.4, "support_std": 0.21908902300206645}, "weighted avg": {"precision_mean": 0.5342851852548474, "precision_std": 0.007239765258512954, "recall_mean": 0.5314270784394143, "recall_std": 0.0073168464181547765, "f1-score_mean": 0.5295963813848141, "f1-score_std": 0.0075107944409124605, "support_mean": 4766.4, "support_std": 0.21908902300206645}}, "classification_report_test": {"0": {"precision_mean": 0.27252262955450873, "precision_std": 0.02796168724932743, "recall_mean": 0.2746052631578947, "recall_std": 0.038530266150969064, "f1-score_mean": 0.27263136191084814, "f1-score_std": 0.0331912517854485, "support_mean": 95.4, "support_std": 0.21908902300206642}, "1": {"precision_mean": 0.28618969336928607, "precision_std": 0.014806945248953297, "recall_mean": 0.2551063088184036, "recall_std": 0.03662029900948232, "f1-score_mean": 0.26315933894487503, "f1-score_std": 0.021554465770515965, "support_mean": 151.2, "support_std": 0.17888543819998318}, "2": {"precision_mean": 0.19684541035134048, "precision_std": 0.007896872313037, "recall_mean": 0.2, "recall_std": 0.016823748142458447, "f1-score_mean": 0.19666183728943043, "f1-score_std": 0.009609717916115052, "support_mean": 62.0, "support_std": 0.0}, "3": {"precision_mean": 0.21489048061955293, "precision_std": 0.025450939722281005, "recall_mean": 0.2777168234064786, "recall_std": 0.03165507003829213, "f1-score_mean": 0.24207770078523647, "f1-score_std": 0.02804285607898924, "support_mean": 87.2, "support_std": 0.17888543819998318}, "4": {"precision_mean": 0.31605146840069703, "precision_std": 0.03072062537530438, "recall_mean": 0.3163194444444444, "recall_std": 0.045336520086349086, "f1-score_mean": 0.3121966036607818, "f1-score_std": 0.03732932200336285, "support_mean": 63.2, "support_std": 0.17888543819998318}, "5": {"precision_mean": 0.36393984298836035, "precision_std": 0.016314091851571077, "recall_mean": 0.42230929989550675, "recall_std": 0.05146816112849576, "f1-score_mean": 0.3850277697606302, "f1-score_std": 0.027240875031249855, "support_mean": 87.2, "support_std": 0.17888543819998318}, "6": {"precision_mean": 0.09642375518515497, "precision_std": 0.022201339431716895, "recall_mean": 0.1181818181818182, "recall_std": 0.024393468845452248, "f1-score_mean": 0.10549066435084671, "f1-score_std": 0.02332452753286085, "support_mean": 22.0, "support_std": 0.0}, "7": {"precision_mean": 0.49432897241555535, "precision_std": 0.03333684830005738, "recall_mean": 0.47777777777777775, "recall_std": 0.08271789200085114, "f1-score_mean": 0.47706614644014955, "f1-score_std": 0.06037502633176937, "support_mean": 162.0, "support_std": 0.0}, "8": {"precision_mean": 0.10801607207512245, "precision_std": 0.015153506462184626, "recall_mean": 0.08254707823723549, "recall_std": 0.007725757448239838, "f1-score_mean": 0.09329659562380993, "f1-score_std": 0.010623706350782657, "support_mean": 101.8, "support_std": 0.17888543819998318}, "9": {"precision_mean": 0.18144715874729578, "precision_std": 0.006717056101980159, "recall_mean": 0.2087341772151899, "recall_std": 0.014609316968458531, "f1-score_mean": 0.19341790494806713, "f1-score_std": 0.009111617499994874, "support_mean": 79.6, "support_std": 0.21908902300206642}, "10": {"precision_mean": 0.3620157672345012, "precision_std": 0.04418094462776699, "recall_mean": 0.32356099656357384, "recall_std": 0.07329987580053414, "f1-score_mean": 0.3340558056922404, "f1-score_std": 0.058548568350323106,