{"classification_report_train": {"0": {"precision_mean": 0.3861295290168819, "precision_std": 0.001148671160871864, "recall_mean": 0.3810515177749378, "recall_std": 0.0007742215554614952, "f1-score_mean": 0.3831145099486632, "f1-score_std": 0.0008134314356551523, "support_mean": 381.6, "support_std": 0.019595917942265426}, "1": {"precision_mean": 0.4189637414378284, "precision_std": 0.0004243951664509595, "recall_mean": 0.3237463740353566, "recall_std": 0.0005175212867964188, "f1-score_mean": 0.36491274177009303, "f1-score_std": 0.00022434896788803787, "support_mean": 604.8, "support_std": 0.016000000000000004}, "2": {"precision_mean": 0.3072207582098537, "precision_std": 0.0011552586543027753, "recall_mean": 0.36451612903225805, "recall_std": 0.001809329504823246, "f1-score_mean": 0.3333147085436006, "f1-score_std": 0.001434447977783516, "support_mean": 248.0, "support_std": 0.0}, "3": {"precision_mean": 0.33482303193393803, "precision_std": 0.0005524199046199814, "recall_mean": 0.37843592530382375, "recall_std": 0.0011204993810791238, "f1-score_mean": 0.35479524310183963, "f1-score_std": 0.0006504337687375738, "support_mean": 348.8, "support_std": 0.016}, "4": {"precision_mean": 0.5435105665176081, "precision_std": 0.00199537399442101, "recall_mean": 0.6044513457556936, "recall_std": 0.001885261690120302, "f1-score_mean": 0.572071944844825, "f1-score_std": 0.001892814365092546, "support_mean": 252.8, "support_std": 0.016}, "5": {"precision_mean": 0.47344324504713065, "precision_std": 0.0007443594125333672, "recall_mean": 0.518362809999012, "recall_std": 0.001334584601360936, "f1-score_mean": 0.49421859620811304, "f1-score_std": 0.0007362678036007434, "support_mean": 348.8, "support_std": 0.016}, "6": {"precision_mean": 0.32476097555044925, "precision_std": 0.002122898146754972, "recall_mean": 0.6295454545454546, "recall_std": 0.0022926400387124533, "f1-score_mean": 0.42708607671673693, "f1-score_std": 0.002276561742928639, "support_mean": 88.0, "support_std": 0.0}, "7": {"precision_mean": 0.6129082880006391, "precision_std": 0.0015006540336690041, "recall_mean": 0.4996913580246913, "recall_std": 0.001276688866251359, "f1-score_mean": 0.5498687745438222, "f1-score_std": 0.0011739286476819238, "support_mean": 648.0, "support_std": 0.0}, "8": {"precision_mean": 0.29618860803507846, "precision_std": 0.0016656133985975012, "recall_mean": 0.24410078527725587, "recall_std": 0.001189884972782042, "f1-score_mean": 0.2668585489902237, "f1-score_std": 0.0012593258079613336, "support_mean": 407.2, "support_std": 0.016}, "9": {"precision_mean": 0.38057273567109484, "precision_std": 0.000772833333999686, "recall_mean": 0.4245933636955107, "recall_std": 0.0010234462806591185, "f1-score_mean": 0.40058949144892414, "f1-score_std": 0.0005127108167377743, "support_mean": 318.4, "support_std": 0.019595917942265426}, "10": {"precision_mean": 0.5125868843214125, "precision_std": 0.001682261989442596, "recall_mean": 0.4636901958145481, "recall_std": 0.0011956201184627783, "f1-score_mean": 0.48642315366616895, "f1-score_std": 0.0012996421162463512, "support_mean": 385.6, "support_std": 0.019595917942265426}, "11": {"precision_mean": 0.5286011656461118, "precision_std": 0.0010611325281355975, "recall_mean": 0.6312068965517241, "recall_std": 0.0006261825910519265, "f1-score_mean": 0.5751768333711309, "f1-score_std": 0.0008409825074764518, "support_mean": 144.8, "support_std": 0.016}, "12": {"precision_mean": 0.30750442196617955, "precision_std": 0.0016060351703263975, "recall_mean": 0.4768148355232504, "recall_std": 0.0011888222080479228, "f1-score_mean": 0.3733077751874171, "f1-score_std": 0.0015435282751252563, "support_mean": 146.4, "support_std": 0.019595917942265423}, "13": {"precision_mean": 0.40161997352911094, "precision_std": 0.000652395820269366, "recall_mean": 0.3606999849465603, "recall_std": 0.0018509068496351873, "f1-score_mean": 0.37883680596856883, "f1-score_std": 0.0012600856088840712, "support_mean": 364.8, "support_std": 0.016}, "14": {"precision_mean": 0.7518164434146896, "precision_std": 0.002153830696637365, "recall_mean": 0.862414800389484, "recall_std": 0.0016000496380998656, "f1-score_mean": 0.8016867515721149, "f1-score_std": 0.0012896462130735393, "support_mean": 78.4, "support_std": 0.019595917942265423}, "macro avg": {"precision_mean": 0.4387100245532004, "precision_std": 0.00029302334243477027, "recall_mean": 0.4775547851113041, "recall_std": 0.0004325669044915014, "f1-score_mean": 0.45081746372548287, "f1-score_std": 0.000354813306618885, "support_mean": 4766.4, "support_std": 0.019595917942265426}, "weighted avg": {"precision_mean": 0.4381572126738509, "precision_std": 0.0002870027999835761, "recall_mean": 0.4301357044395564, "recall_std": 0.0003128036725001991, "f1-score_mean": 0.42945861683274555, "f1-score_std": 0.0002925954511548757, "support_mean": 4766.4, "support_std": 0.019595917942265426}}, "classification_report_test": {"0": {"precision_mean": 0.24136165264638093, "precision_std": 0.059255374209194134, "recall_mean": 0.2430701754385965, "recall_std": 0.07684892048003907, "f1-score_mean": 0.23982672061897414, "f1-score_std": 0.06274138590281515, "support_mean": 95.4, "support_std": 0.4898979485566356}, "1": {"precision_mean": 0.2707899232329378, "precision_std": 0.024797585599815163, "recall_mean": 0.23931683513419308, "recall_std": 0.05342751068076378, "f1-score_mean": 0.2523547680166397, "f1-score_std": 0.03796781274467949, "support_mean": 151.2, "support_std": 0.4}, "2": {"precision_mean": 0.19756728778467908, "precision_std": 0.03377861225872995, "recall_mean": 0.23225806451612904, "recall_std": 0.04156160879588751, "f1-score_mean": 0.21213193470345545, "f1-score_std": 0.03429261964074816, "support_mean": 62.0, "support_std": 0.0}, "3": {"precision_mean": 0.19007353741655816, "precision_std": 0.05475043562385264, "recall_mean": 0.20436259143155694, "recall_std": 0.07388728329025682, "f1-score_mean": 0.19595451058311833, "f1-score_std": 0.062475187612954446, "support_mean": 87.2, "support_std": 0.4}, "4": {"precision_mean": 0.38587680209698555, "precision_std": 0.07102144030855298, "recall_mean": 0.42767857142857146, "recall_std": 0.16934741748255888, "f1-score_mean": 0.3970314073496849, "f1-score_std": 0.10345610993147196, "support_mean": 63.2, "support_std": 0.4}, "5": {"precision_mean": 0.3279192328922919, "precision_std": 0.07386854546612961, "recall_mean": 0.3532131661442007, "recall_std": 0.1204165895854603, "f1-score_mean": 0.33603998060909374, "f1-score_std": 0.0881220361434037, "support_mean": 87.2, "support_std": 0.4}, "6": {"precision_mean": 0.107760989010989, "precision_std": 0.0551341260069915, "recall_mean": 0.18181818181818182, "recall_std": 0.06428243465332249, "f1-score_mean": 0.13141328921974083, "f1-score_std": 0.056859299114799, "support_mean": 22.0, "support_std": 0.0}, "7": {"precision_mean": 0.44912297714744354, "precision_std": 0.10174681679986446, "recall_mean": 0.39629629629629626, "recall_std": 0.17121814477928832, "f1-score_mean": 0.41475041142250657, "f1-score_std": 0.14690359330895478, "support_mean": 162.0, "support_std": 0.0}, "8": {"precision_mean": 0.1370661764416788, "precision_std": 0.03811647139797008, "recall_mean": 0.12389827218015918, "recall_std": 0.04953381901393306, "f1-score_mean": 0.12925223067303176, "f1-score_std": 0.04459732032791662, "support_mean": 101.8, "support_std": 0.4}, "9": {"precision_mean": 0.16773377353640512, "precision_std": 0.025812269695752746, "recall_mean": 0.19860759493670885, "recall_std": 0.037367964424918534, "f1-score_mean": 0.18073472791242826, "f1-score_std": 0.02631992527838754, "support_mean": 79.6, "support_std": 0.4898979485566356}, "10": {"precision_mean": 0.3989281303716677, "precision_std": 0.06853684882438756, "recall_mean": 0.33408505154639173, "recall_std": 0.12346684611819671, "f1-score_mean": 0.3576193245659846, "f1-score_std": 0.09189066092517638, "support_mean": 96.4, "support_std": 0.4898979485566356},