{"classification_report_train": {"0": {"precision_mean": 0.6737755495290725, "precision_std": 0.014149455128280882, "recall_mean": 0.6855285759437139, "recall_std": 0.010220334750707077, "f1-score_mean": 0.6787917449176806, "f1-score_std": 0.0066400622674177845, "support_mean": 381.6, "support_std": 0.21908902300206645}, "1": {"precision_mean": 0.6111799332123425, "precision_std": 0.014783224932106653, "recall_mean": 0.5549001149362377, "recall_std": 0.009193279397403416, "f1-score_mean": 0.5810204269462195, "f1-score_std": 0.008047299737914999, "support_mean": 604.8, "support_std": 0.1788854381999832}, "2": {"precision_mean": 0.6189324669889069, "precision_std": 0.01263346177086518, "recall_mean": 0.7330645161290323, "recall_std": 0.00864070660385733, "f1-score_mean": 0.6706507036101514, "f1-score_std": 0.0076159219641326594, "support_mean": 248.0, "support_std": 0.0}, "3": {"precision_mean": 0.5897598806725567, "precision_std": 0.00777174631027861, "recall_mean": 0.7316569508941804, "recall_std": 0.017934229391261394, "f1-score_mean": 0.6523796246374161, "f1-score_std": 0.0076341289810481815, "support_mean": 348.8, "support_std": 0.17888543819998318}, "4": {"precision_mean": 0.7879571875053928, "precision_std": 0.018585995032387632, "recall_mean": 0.7618765292678337, "recall_std": 0.019386025114989415, "f1-score_mean": 0.774074516194912, "f1-score_std": 0.016599138145859706, "support_mean": 252.8, "support_std": 0.17888543819998318}, "5": {"precision_mean": 0.7146726517873001, "precision_std": 0.009800631277237631, "recall_mean": 0.7282136152554095, "recall_std": 0.020064632844532613, "f1-score_mean": 0.7200390727862215, "f1-score_std": 0.007270871221878163, "support_mean": 348.8, "support_std": 0.17888543819998318}, "6": {"precision_mean": 0.8990057861355292, "precision_std": 0.014378785821633207, "recall_mean": 0.9045454545454545, "recall_std": 0.014588005941710178, "f1-score_mean": 0.9014659026671463, "f1-score_std": 0.012507467409758475, "support_mean": 88.0, "support_std": 0.0}, "7": {"precision_mean": 0.7363241535164237, "precision_std": 0.017235734696530145, "recall_mean": 0.6783950617283951, "recall_std": 0.012700157875374705, "f1-score_mean": 0.705897465278753, "f1-score_std": 0.013531907003407007, "support_mean": 648.0, "support_std": 0.0}, "8": {"precision_mean": 0.5621477912023809, "precision_std": 0.015278009867354541, "recall_mean": 0.5275039745627981, "recall_std": 0.006588316055663225, "f1-score_mean": 0.5435896697975544, "f1-score_std": 0.0072168235692181325, "support_mean": 407.2, "support_std": 0.17888543819998318}, "9": {"precision_mean": 0.7009681938067116, "precision_std": 0.01898078095205782, "recall_mean": 0.6978707044419471, "recall_std": 0.0033686759226914547, "f1-score_mean": 0.6989272912450577, "f1-score_std": 0.01070935383420877, "support_mean": 318.4, "support_std": 0.21908902300206645}, "10": {"precision_mean": 0.8230458646316606, "precision_std": 0.014209481073306416, "recall_mean": 0.7054101339075431, "recall_std": 0.020747523478853534, "f1-score_mean": 0.7592449863748673, "f1-score_std": 0.016663829792904285, "support_mean": 385.6, "support_std": 0.21908902300206645}, "11": {"precision_mean": 0.7703540842949147, "precision_std": 0.017080929212083977, "recall_mean": 0.7721455938697318, "recall_std": 0.014471969871126499, "f1-score_mean": 0.7700553448410122, "f1-score_std": 0.007644117698847383, "support_mean": 144.8, "support_std": 0.17888543819998318}, "12": {"precision_mean": 0.7933325505333787, "precision_std": 0.012291765574668405, "recall_mean": 0.8319075575435655, "recall_std": 0.016149183650972645, "f1-score_mean": 0.8118040532956552, "f1-score_std": 0.011919802080284956, "support_mean": 146.4, "support_std": 0.21908902300206642}, "13": {"precision_mean": 0.6387278761825825, "precision_std": 0.009979756242250845, "recall_mean": 0.708332078880024, "recall_std": 0.005010684785521059, "f1-score_mean": 0.6713635566789102, "f1-score_std": 0.004322773877607859, "support_mean": 364.8, "support_std": 0.17888543819998318}, "14": {"precision_mean": 0.9495679478027318, "precision_std": 0.00638497602896235, "recall_mean": 0.9057124310288867, "recall_std": 0.014958555160079564, "f1-score_mean": 0.9266662969850893, "f1-score_std": 0.007517222899130737, "support_mean": 78.4, "support_std": 0.21908902300206642}, "macro avg": {"precision_mean": 0.7246501278534592, "precision_std": 0.0013817398309398366, "recall_mean": 0.7284708861956503, "recall_std": 0.0025390127468801313, "f1-score_mean": 0.7243980437504431, "f1-score_std": 0.0019494231050503203, "support_mean": 4766.4, "support_std": 0.21908902300206645}, "weighted avg": {"precision_mean": 0.6913594188741733, "precision_std": 0.0026590165495124535, "recall_mean": 0.6864720569385219, "recall_std": 0.0026051497233451383, "f1-score_mean": 0.6865660603444477, "f1-score_std": 0.002663586465139696, "support_mean": 4766.4, "support_std": 0.21908902300206645}}, "classification_report_test": {"0": {"precision_mean": 0.25987336550189255, "precision_std": 0.014425014385905039, "recall_mean": 0.2872368421052631, "recall_std": 0.028997192634304718, "f1-score_mean": 0.271329570167333, "f1-score_std": 0.020040475576344283, "support_mean": 95.4, "support_std": 0.21908902300206642}, "1": {"precision_mean": 0.2956912552168027, "precision_std": 0.01695299396586061, "recall_mean": 0.2975601254792611, "recall_std": 0.029949716060141095, "f1-score_mean": 0.29383960655431174, "f1-score_std": 0.021991693321622777, "support_mean": 151.2, "support_std": 0.17888543819998318}, "2": {"precision_mean": 0.21877149416633096, "precision_std": 0.029582606139780723, "recall_mean": 0.28064516129032263, "recall_std": 0.04095631031768743, "f1-score_mean": 0.24390970752783173, "f1-score_std": 0.03208289444214847, "support_mean": 62.0, "support_std": 0.0}, "3": {"precision_mean": 0.20634678222645117, "precision_std": 0.023593032274749036, "recall_mean": 0.3005747126436782, "recall_std": 0.023995199237996177, "f1-score_mean": 0.24415023677055764, "f1-score_std": 0.024492979284902808, "support_mean": 87.2, "support_std": 0.17888543819998318}, "4": {"precision_mean": 0.4002439913028148, "precision_std": 0.05675382003624146, "recall_mean": 0.31994047619047616, "recall_std": 0.06548851495360788, "f1-score_mean": 0.3498577108898186, "f1-score_std": 0.057920005609808124, "support_mean": 63.2, "support_std": 0.17888543819998318}, "5": {"precision_mean": 0.35813754355949456, "precision_std": 0.027914904815015917, "recall_mean": 0.3830459770114943, "recall_std": 0.031319466323709216, "f1-score_mean": 0.370048441596759, "f1-score_std": 0.02942353822257121, "support_mean": 87.2, "support_std": 0.17888543819998318}, "6": {"precision_mean": 0.17333333333333334, "precision_std": 0.11562391140628693, "recall_mean": 0.03636363636363636, "recall_std": 0.01991718390927877, "f1-score_mean": 0.05700000000000001, "f1-score_std": 0.031610124960208555, "support_mean": 22.0, "support_std": 0.0}, "7": {"precision_mean": 0.4682675041431451, "precision_std": 0.030222266263178865, "recall_mean": 0.48271604938271606, "recall_std": 0.08580735397765656, "f1-score_mean": 0.4644477867265625, "f1-score_std": 0.06055471971496796, "support_mean": 162.0, "support_std": 0.0}, "8": {"precision_mean": 0.17535219605579544, "precision_std": 0.010890542225349097, "recall_mean": 0.1964861192001553, "recall_std": 0.013363637193299827, "f1-score_mean": 0.18433753353378807, "f1-score_std": 0.010294568330213187, "support_mean": 101.8, "support_std": 0.17888543819998318}, "9": {"precision_mean": 0.23528669586694181, "precision_std": 0.02008814860883004, "recall_mean": 0.24879746835443042, "recall_std": 0.023929600521630522, "f1-score_mean": 0.24069903265171044, "f1-score_std": 0.020907793709204054, "support_mean": 79.6, "support_std": 0.21908902300206642}, "10": {"precision_mean": 0.5143919214727962, "precision_std": 0.05105766587143623, "recall_mean": 0.3854596219931271, "recall_std": 0.06696480248363697, "f1-score_mean": 0.4346262464531782,