{"classification_report_train": {"0": {"precision_mean": 0.33020325499363085, "precision_std": 0.008070212302404376, "recall_mean": 0.189156394717676, "recall_std": 0.02299533091140957, "f1-score_mean": 0.23625639506051943, "f1-score_std": 0.018083399583289504, "support_mean": 381.6, "support_std": 0.21908902300206645}, "1": {"precision_mean": 0.49036795645750847, "precision_std": 0.010937476412363768, "recall_mean": 0.37963329867002354, "recall_std": 0.013510608558602538, "f1-score_mean": 0.427088112619652, "f1-score_std": 0.00990683378124005, "support_mean": 604.8, "support_std": 0.1788854381999832}, "2": {"precision_mean": 0.345539231261918, "precision_std": 0.02392302979725657, "recall_mean": 0.38306451612903225, "recall_std": 0.00883423479847042, "f1-score_mean": 0.3604586119610606, "f1-score_std": 0.014023917580053674, "support_mean": 248.0, "support_std": 0.0}, "3": {"precision_mean": 0.27437892737257596, "precision_std": 0.009902841155202223, "recall_mean": 0.3319665382208609, "recall_std": 0.028381739877513364, "f1-score_mean": 0.29603915995763064, "f1-score_std": 0.007614743795625213, "support_mean": 348.8, "support_std": 0.17888543819998318}, "4": {"precision_mean": 0.4228232869176777, "precision_std": 0.01870607946164037, "recall_mean": 0.5783204717987327, "recall_std": 0.011114633300093484, "f1-score_mean": 0.48735009368649174, "f1-score_std": 0.01321089325958678, "support_mean": 252.8, "support_std": 0.17888543819998318}, "5": {"precision_mean": 0.4087247760787231, "precision_std": 0.0054995822499458785, "recall_mean": 0.44268682277772287, "recall_std": 0.013903579022810704, "f1-score_mean": 0.42446494180480093, "f1-score_std": 0.007296841401923482, "support_mean": 348.8, "support_std": 0.17888543819998318}, "6": {"precision_mean": 0.28280129167973206, "precision_std": 0.02266960268225219, "recall_mean": 0.5272727272727272, "recall_std": 0.030253747804170426, "f1-score_mean": 0.364612558369542, "f1-score_std": 0.022944711358828595, "support_mean": 88.0, "support_std": 0.0}, "7": {"precision_mean": 0.6930660146043028, "precision_std": 0.017102639549080482, "recall_mean": 0.616358024691358, "recall_std": 0.012053644763326793, "f1-score_mean": 0.6523624948242743, "f1-score_std": 0.013986227181035458, "support_mean": 648.0, "support_std": 0.0}, "8": {"precision_mean": 0.4299073368991517, "precision_std": 0.005407737323282704, "recall_mean": 0.3394348894348894, "recall_std": 0.023510060105990785, "f1-score_mean": 0.3775784145863074, "f1-score_std": 0.017020029517446175, "support_mean": 407.2, "support_std": 0.17888543819998318}, "9": {"precision_mean": 0.25751917411575576, "precision_std": 0.007537577235016063, "recall_mean": 0.3347903235346306, "recall_std": 0.02112309258892584, "f1-score_mean": 0.28821820374147805, "f1-score_std": 0.0038925002752045624, "support_mean": 318.4, "support_std": 0.21908902300206645}, "10": {"precision_mean": 0.48493813018925075, "precision_std": 0.03237577997526132, "recall_mean": 0.4532952022071193, "recall_std": 0.01458132223260185, "f1-score_mean": 0.4674717966945686, "f1-score_std": 0.022328493330002263, "support_mean": 385.6, "support_std": 0.21908902300206645}, "11": {"precision_mean": 0.40170722543161774, "precision_std": 0.023320785834391358, "recall_mean": 0.4794061302681992, "recall_std": 0.022906911390476094, "f1-score_mean": 0.4351101695591084, "f1-score_std": 0.019920818106658345, "support_mean": 144.8, "support_std": 0.17888543819998318}, "12": {"precision_mean": 0.3569252127301663, "precision_std": 0.01637553352790112, "recall_mean": 0.4905041468642251, "recall_std": 0.020557295261254403, "f1-score_mean": 0.4116096046966168, "f1-score_std": 0.013737982733391333, "support_mean": 146.4, "support_std": 0.21908902300206642}, "13": {"precision_mean": 0.42431993263099355, "precision_std": 0.012370711669248866, "recall_mean": 0.32783682071353304, "recall_std": 0.02589567742917955, "f1-score_mean": 0.36768655751846924, "f1-score_std": 0.019078857252988378, "support_mean": 364.8, "support_std": 0.17888543819998318}, "14": {"precision_mean": 0.33492753915439943, "precision_std": 0.02486017606684466, "recall_mean": 0.5333657903278157, "recall_std": 0.015087203685019862, "f1-score_mean": 0.409419896978055, "f1-score_std": 0.02085907253205634, "support_mean": 78.4, "support_std": 0.21908902300206642}, "macro avg": {"precision_mean": 0.395876619367827, "precision_std": 0.0040275842028019565, "recall_mean": 0.4271394731752364, "recall_std": 0.004704180411125306, "f1-score_mean": 0.400381800803905, "f1-score_std": 0.004296943797621598, "support_mean": 4766.4, "support_std": 0.21908902300206645}, "weighted avg": {"precision_mean": 0.432800140745708, "precision_std": 0.0036190709378683367, "recall_mean": 0.4156589385991484, "recall_std": 0.003507130376537997, "f1-score_mean": 0.4159137144800523, "f1-score_std": 0.003972366462430145, "support_mean": 4766.4, "support_std": 0.21908902300206645}}, "classification_report_test": {"0": {"precision_mean": 0.14716221270785443, "precision_std": 0.0282541008776603, "recall_mean": 0.07342105263157894, "recall_std": 0.02043442186867057, "f1-score_mean": 0.09559622245852759, "f1-score_std": 0.023486343734182086, "support_mean": 95.4, "support_std": 0.21908902300206642}, "1": {"precision_mean": 0.23748499123714045, "precision_std": 0.02332697669791436, "recall_mean": 0.18633670268386196, "recall_std": 0.03135394819660491, "f1-score_mean": 0.20559212734710064, "f1-score_std": 0.02617237258720172, "support_mean": 151.2, "support_std": 0.17888543819998318}, "2": {"precision_mean": 0.10662056984230803, "precision_std": 0.012866236861750093, "recall_mean": 0.1032258064516129, "recall_std": 0.010795613245600978, "f1-score_mean": 0.1028287525910119, "f1-score_std": 0.011102863564548801, "support_mean": 62.0, "support_std": 0.0}, "3": {"precision_mean": 0.16382082469565004, "precision_std": 0.01146574240695048, "recall_mean": 0.20425809822361546, "recall_std": 0.030518108565800225, "f1-score_mean": 0.18001336276313942, "f1-score_std": 0.018524307754053875, "support_mean": 87.2, "support_std": 0.17888543819998318}, "4": {"precision_mean": 0.13661761370745326, "precision_std": 0.012350458818244469, "recall_mean": 0.19950396825396824, "recall_std": 0.02333539160557927, "f1-score_mean": 0.16179184282358028, "f1-score_std": 0.016147971257923423, "support_mean": 63.2, "support_std": 0.17888543819998318}, "5": {"precision_mean": 0.16250248845715656, "precision_std": 0.01834492443376284, "recall_mean": 0.1927115987460815, "recall_std": 0.02884456411861631, "f1-score_mean": 0.17580167349590908, "f1-score_std": 0.02317116187604132, "support_mean": 87.2, "support_std": 0.17888543819998318}, "6": {"precision_mean": 0.03648047293208583, "precision_std": 0.006120467538151644, "recall_mean": 0.07272727272727272, "recall_std": 0.016262312563634834, "f1-score_mean": 0.04760869637163522, "f1-score_std": 0.008359890024410519, "support_mean": 22.0, "support_std": 0.0}, "7": {"precision_mean": 0.40675559718937127, "precision_std": 0.037794313671750096, "recall_mean": 0.38271604938271603, "recall_std": 0.06689489967478551, "f1-score_mean": 0.3892146733518584, "f1-score_std": 0.054202390554598044, "support_mean": 162.0, "support_std": 0.0}, "8": {"precision_mean": 0.1614803356705488, "precision_std": 0.0188268048125067, "recall_mean": 0.14323432343234324, "recall_std": 0.024194160913515644, "f1-score_mean": 0.15023106621301882, "f1-score_std": 0.021688440892419867, "support_mean": 101.8, "support_std": 0.17888543819998318}, "9": {"precision_mean": 0.1703446883819822, "precision_std": 0.013124618882926481, "recall_mean": 0.23382911392405062, "recall_std": 0.0331976475171505, "f1-score_mean": 0.19467208892091786, "f1-score_std": 0.01819191633620011, "support_mean": 79.6, "support_std": 0.21908902300206642}, "10": {"precision_mean": 0.31700631095811815, "precision_std": 0.020788697070680522, "recall_mean": 0.29684278350515464, "recall_std": 0.025713318187864636, "f1-score_mean": 0.30313127402861106,