{"classification_report_train": {"0": {"precision_mean": 0.3490402643440026, "precision_std": 0.0008988749333408827, "recall_mean": 0.28667601104835716, "recall_std": 0.0013527330889735898, "f1-score_mean": 0.31422591704837965, "f1-score_std": 0.0010803205430611243, "support_mean": 381.6, "support_std": 0.019595917942265426}, "1": {"precision_mean": 0.3787420460575307, "precision_std": 0.0009943126331972386, "recall_mean": 0.277787751080948, "recall_std": 0.0008656673915433518, "f1-score_mean": 0.32016305094719383, "f1-score_std": 0.0008392696581844117, "support_mean": 604.8, "support_std": 0.016000000000000004}, "2": {"precision_mean": 0.26268722663919764, "precision_std": 0.0008057998845358518, "recall_mean": 0.342741935483871, "recall_std": 0.0006370457309074679, "f1-score_mean": 0.2971748610847998, "f1-score_std": 0.0007018938152211653, "support_mean": 248.0, "support_std": 0.0}, "3": {"precision_mean": 0.3008908453326359, "precision_std": 0.0005658433873003016, "recall_mean": 0.3061884530514113, "recall_std": 0.0014160159380262863, "f1-score_mean": 0.30201042612624895, "f1-score_std": 0.0005871305784745939, "support_mean": 348.8, "support_std": 0.016}, "4": {"precision_mean": 0.428905924292032, "precision_std": 0.0016976965977713093, "recall_mean": 0.46524562394127605, "recall_std": 0.0026906029458316828, "f1-score_mean": 0.4454817751862061, "f1-score_std": 0.002047623212513107, "support_mean": 252.8, "support_std": 0.016}, "5": {"precision_mean": 0.4797327447271166, "precision_std": 0.0013147355720375836, "recall_mean": 0.46905444126074497, "recall_std": 0.0007870846860006599, "f1-score_mean": 0.4735770662657089, "f1-score_std": 0.0007528620562854693, "support_mean": 348.8, "support_std": 0.016}, "6": {"precision_mean": 0.14950315593973518, "precision_std": 0.0008862028265203339, "recall_mean": 0.4545454545454545, "recall_std": 0.0005749595745760692, "f1-score_mean": 0.22421845464153867, "f1-score_std": 0.0010301536225234855, "support_mean": 88.0, "support_std": 0.0}, "7": {"precision_mean": 0.5951408864442083, "precision_std": 0.002160021796132307, "recall_mean": 0.48765432098765427, "recall_std": 0.0011335189067790648, "f1-score_mean": 0.5353893298991418, "f1-score_std": 0.001404883809574648, "support_mean": 648.0, "support_std": 0.0}, "8": {"precision_mean": 0.25479949169107674, "precision_std": 0.0005190079064530522, "recall_mean": 0.2313448475213181, "recall_std": 0.0010041003667869274, "f1-score_mean": 0.24186402983312782, "f1-score_std": 0.0006676892528453388, "support_mean": 407.2, "support_std": 0.016}, "9": {"precision_mean": 0.2882145543333238, "precision_std": 0.000804666439823861, "recall_mean": 0.28267384318132527, "recall_std": 0.0006283141246196365, "f1-score_mean": 0.2849493806754955, "f1-score_std": 0.0005579192695592982, "support_mean": 318.4, "support_std": 0.019595917942265426}, "10": {"precision_mean": 0.5151952215597768, "precision_std": 0.001588617323148645, "recall_mean": 0.4372451382814077, "recall_std": 0.0027739959812622577, "f1-score_mean": 0.4720012429442245, "f1-score_std": 0.0022694481956379055, "support_mean": 385.6, "support_std": 0.019595917942265426}, "11": {"precision_mean": 0.35378425933212765, "precision_std": 0.0018316427960952473, "recall_mean": 0.49576628352490426, "recall_std": 0.0019052841264882846, "f1-score_mean": 0.41184741675197667, "f1-score_std": 0.0017455940909201515, "support_mean": 144.8, "support_std": 0.016}, "12": {"precision_mean": 0.2671501788575251, "precision_std": 0.0013435982511941862, "recall_mean": 0.446752399589973, "recall_std": 0.001581164977055545, "f1-score_mean": 0.33389006238139723, "f1-score_std": 0.0014136153796178656, "support_mean": 146.4, "support_std": 0.019595917942265423}, "13": {"precision_mean": 0.39509113024415854, "precision_std": 0.0008508084165286978, "recall_mean": 0.3371443624868282, "recall_std": 0.0015665345786933197, "f1-score_mean": 0.36277924042441184, "f1-score_std": 0.0011167247621552904, "support_mean": 364.8, "support_std": 0.016}, "14": {"precision_mean": 0.3956458179601933, "precision_std": 0.004984379750705432, "recall_mean": 0.5968516715352158, "recall_std": 0.0009987341555919614, "f1-score_mean": 0.4633893273540264, "f1-score_std": 0.003776768826285222, "support_mean": 78.4, "support_std": 0.019595917942265423}, "macro avg": {"precision_mean": 0.3609682498503094, "precision_std": 0.0004381084071932519, "recall_mean": 0.3945115025013793, "recall_std": 0.00037665002672779226, "f1-score_mean": 0.36553077210425844, "f1-score_std": 0.0004611879702333791, "support_mean": 4766.4, "support_std": 0.019595917942265426}, "weighted avg": {"precision_mean": 0.39161619774881884, "precision_std": 0.0003804132862433149, "recall_mean": 0.370551607555828, "recall_std": 0.00043357452476378407, "f1-score_mean": 0.374591111752129, "f1-score_std": 0.00041436919434023075, "support_mean": 4766.4, "support_std": 0.019595917942265426}}, "classification_report_test": {"0": {"precision_mean": 0.2873251751820719, "precision_std": 0.08931521243580373, "recall_mean": 0.23484649122807016, "recall_std": 0.08684244860821724, "f1-score_mean": 0.2575086110657462, "f1-score_std": 0.08828608086414082, "support_mean": 95.4, "support_std": 0.4898979485566356}, "1": {"precision_mean": 0.27836754858565826, "precision_std": 0.007170910534301221, "recall_mean": 0.22210700592540955, "recall_std": 0.05371915419093274, "f1-score_mean": 0.24331069898940738, "f1-score_std": 0.03190291791687228, "support_mean": 151.2, "support_std": 0.4}, "2": {"precision_mean": 0.17165828786862125, "precision_std": 0.051061682826103676, "recall_mean": 0.23870967741935484, "recall_std": 0.06797195969582413, "f1-score_mean": 0.19942113604599726, "f1-score_std": 0.05785379086819055, "support_mean": 62.0, "support_std": 0.0}, "3": {"precision_mean": 0.21233308898683304, "precision_std": 0.05844522946002131, "recall_mean": 0.22035005224660398, "recall_std": 0.055992298146243506, "f1-score_mean": 0.21535893377864507, "f1-score_std": 0.056739655629926944, "support_mean": 87.2, "support_std": 0.4}, "4": {"precision_mean": 0.2847721769755668, "precision_std": 0.1119674179457285, "recall_mean": 0.2849702380952381, "recall_std": 0.10224247933774272, "f1-score_mean": 0.28393050168867867, "f1-score_std": 0.10564469092049557, "support_mean": 63.2, "support_std": 0.4}, "5": {"precision_mean": 0.36861597675569063, "precision_std": 0.0493187919394718, "recall_mean": 0.36248693834900736, "recall_std": 0.08837457077453748, "f1-score_mean": 0.36129116725059934, "f1-score_std": 0.06094046256881677, "support_mean": 87.2, "support_std": 0.4}, "6": {"precision_mean": 0.0552775672771211, "precision_std": 0.025360458876744475, "recall_mean": 0.1727272727272727, "recall_std": 0.08331955809010617, "f1-score_mean": 0.08364846156055031, "f1-score_std": 0.03875097844510796, "support_mean": 22.0, "support_std": 0.0}, "7": {"precision_mean": 0.45082342476560455, "precision_std": 0.1188073141396068, "recall_mean": 0.38395061728395063, "recall_std": 0.2008744790102379, "f1-score_mean": 0.40429839803548645, "f1-score_std": 0.16048657748868375, "support_mean": 162.0, "support_std": 0.0}, "8": {"precision_mean": 0.15419933241703143, "precision_std": 0.03640426697259776, "recall_mean": 0.14942729567074353, "recall_std": 0.03700807450387119, "f1-score_mean": 0.15056519155179882, "f1-score_std": 0.03436849307989318, "support_mean": 101.8, "support_std": 0.4}, "9": {"precision_mean": 0.1542395401568363, "precision_std": 0.0457899820318122, "recall_mean": 0.16604430379746835, "recall_std": 0.05807531962511585, "f1-score_mean": 0.15860218961001427, "f1-score_std": 0.04895160362748925, "support_mean": 79.6, "support_std": 0.4898979485566356}, "10": {"precision_mean": 0.42882674356999984, "precision_std": 0.1102657886959058, "recall_mean": 0.3565292096219931, "recall_std": 0.14658274641642582, "f1-score_mean": 0.38467803377042725, "f1-score_std": 0.13016586979911524, "support_mean": 96.4, "support_std": 0.4898979485566356},