{"classification_report_train": {"0": {"precision_mean": 0.6114999832165136, "precision_std": 0.007828685840718715, "recall_mean": 0.6818705253466353, "recall_std": 0.009121459439126796, "f1-score_mean": 0.6445407365393376, "f1-score_std": 0.006438050879856033, "support_mean": 381.6, "support_std": 0.21908902300206645}, "1": {"precision_mean": 0.593869727900375, "precision_std": 0.008008485691697305, "recall_mean": 0.5426539324612774, "recall_std": 0.016612368779806094, "f1-score_mean": 0.5665815016131018, "f1-score_std": 0.011366204904621226, "support_mean": 604.8, "support_std": 0.1788854381999832}, "2": {"precision_mean": 0.5580702872909371, "precision_std": 0.011986925218018205, "recall_mean": 0.6967741935483871, "recall_std": 0.011313340591451736, "f1-score_mean": 0.6193506477635757, "f1-score_std": 0.009620249647133268, "support_mean": 248.0, "support_std": 0.0}, "3": {"precision_mean": 0.592794372825185, "precision_std": 0.013422345244450299, "recall_mean": 0.6771992227382011, "recall_std": 0.015205423147705704, "f1-score_mean": 0.6310920236330645, "f1-score_std": 0.007649085015953034, "support_mean": 348.8, "support_std": 0.17888543819998318}, "4": {"precision_mean": 0.7491640572985666, "precision_std": 0.017349952962552206, "recall_mean": 0.6898644833427442, "recall_std": 0.013894932553672029, "f1-score_mean": 0.7181113507753125, "f1-score_std": 0.01466348262526585, "support_mean": 252.8, "support_std": 0.17888543819998318}, "5": {"precision_mean": 0.7118842009550578, "precision_std": 0.010494218205106504, "recall_mean": 0.7173154826598163, "recall_std": 0.0036913776915647894, "f1-score_mean": 0.7144267712114281, "f1-score_std": 0.006359316527390991, "support_mean": 348.8, "support_std": 0.17888543819998318}, "6": {"precision_mean": 0.7300530057908233, "precision_std": 0.016266711301983747, "recall_mean": 0.8227272727272726, "recall_std": 0.017779642923279958, "f1-score_mean": 0.7727951294724125, "f1-score_std": 0.012822116922814352, "support_mean": 88.0, "support_std": 0.0}, "7": {"precision_mean": 0.7264884633978117, "precision_std": 0.01604518512769721, "recall_mean": 0.6808641975308642, "recall_std": 0.012341048514334818, "f1-score_mean": 0.7025600946028574, "f1-score_std": 0.01218600165501683, "support_mean": 648.0, "support_std": 0.0}, "8": {"precision_mean": 0.5321421605483353, "precision_std": 0.014518894474732058, "recall_mean": 0.4641590788649612, "recall_std": 0.013201676161360984, "f1-score_mean": 0.49449941241481915, "f1-score_std": 0.007739643448229387, "support_mean": 407.2, "support_std": 0.17888543819998318}, "9": {"precision_mean": 0.624311175324262, "precision_std": 0.012020870139676565, "recall_mean": 0.6802665562587488, "recall_std": 0.009922005152346237, "f1-score_mean": 0.6507637115216875, "f1-score_std": 0.009095034580096013, "support_mean": 318.4, "support_std": 0.21908902300206645}, "10": {"precision_mean": 0.8037882496388635, "precision_std": 0.0050545976068497285, "recall_mean": 0.653494381266402, "recall_std": 0.01599840162228919, "f1-score_mean": 0.7205269284471589, "f1-score_std": 0.011259751190988088, "support_mean": 385.6, "support_std": 0.21908902300206645}, "11": {"precision_mean": 0.7231815933525818, "precision_std": 0.01488785186706449, "recall_mean": 0.766551724137931, "recall_std": 0.006750170650064645, "f1-score_mean": 0.7437969644456737, "f1-score_std": 0.008695555020401521, "support_mean": 144.8, "support_std": 0.17888543819998318}, "12": {"precision_mean": 0.7135060198899128, "precision_std": 0.015497066137759216, "recall_mean": 0.8059733482434069, "recall_std": 0.00973933581321966, "f1-score_mean": 0.75625911742995, "f1-score_std": 0.008697295323911699, "support_mean": 146.4, "support_std": 0.21908902300206642}, "13": {"precision_mean": 0.6271205659721115, "precision_std": 0.005982909609897318, "recall_mean": 0.6452777359626675, "recall_std": 0.007606285339733729, "f1-score_mean": 0.6360053242390746, "f1-score_std": 0.006173850668163112, "support_mean": 364.8, "support_std": 0.17888543819998318}, "14": {"precision_mean": 0.915624766140704, "precision_std": 0.012041502513925682, "recall_mean": 0.8495293735800065, "recall_std": 0.0053628541808172165, "f1-score_mean": 0.8810989279177198, "f1-score_std": 0.006114284361538838, "support_mean": 78.4, "support_std": 0.21908902300206642}, "macro avg": {"precision_mean": 0.680899908636136, "precision_std": 0.0032336305255696997, "recall_mean": 0.6916347672446215, "recall_std": 0.002490342928267406, "f1-score_mean": 0.6834939094684782, "f1-score_std": 0.0029736771933880574, "support_mean": 4766.4, "support_std": 0.21908902300206645}, "weighted avg": {"precision_mean": 0.6599394230908612, "precision_std": 0.0037980113507692453, "recall_mean": 0.6554626985550136, "recall_std": 0.003745839468078874, "f1-score_mean": 0.6550569153236746, "f1-score_std": 0.003898920671937577, "support_mean": 4766.4, "support_std": 0.21908902300206645}}, "classification_report_test": {"0": {"precision_mean": 0.25761576011662846, "precision_std": 0.023685476100569952, "recall_mean": 0.3040131578947368, "recall_std": 0.030787280623651155, "f1-score_mean": 0.27826476045600895, "f1-score_std": 0.026230587067946155, "support_mean": 95.4, "support_std": 0.21908902300206642}, "1": {"precision_mean": 0.300946443185248, "precision_std": 0.01738692176029826, "recall_mean": 0.3094457999302893, "recall_std": 0.02362409145925036, "f1-score_mean": 0.3016956777722292, "f1-score_std": 0.01442480125146693, "support_mean": 151.2, "support_std": 0.17888543819998318}, "2": {"precision_mean": 0.22385089917324116, "precision_std": 0.029105255278206146, "recall_mean": 0.30645161290322587, "recall_std": 0.048921777058397106, "f1-score_mean": 0.2576211060364164, "f1-score_std": 0.03553595810379947, "support_mean": 62.0, "support_std": 0.0}, "3": {"precision_mean": 0.21586191627503942, "precision_std": 0.01855243184041441, "recall_mean": 0.268521421107628, "recall_std": 0.027171459096423333, "f1-score_mean": 0.23919090332957538, "f1-score_std": 0.022028872866291505, "support_mean": 87.2, "support_std": 0.17888543819998318}, "4": {"precision_mean": 0.3735502044489037, "precision_std": 0.041887957035112486, "recall_mean": 0.28199404761904756, "recall_std": 0.041289510918539156, "f1-score_mean": 0.3200415154510046, "f1-score_std": 0.04101254149420339, "support_mean": 63.2, "support_std": 0.17888543819998318}, "5": {"precision_mean": 0.3897790494583802, "precision_std": 0.032231903300068386, "recall_mean": 0.43584117032392894, "recall_std": 0.05886899172734068, "f1-score_mean": 0.40576819322281443, "f1-score_std": 0.039787191904693445, "support_mean": 87.2, "support_std": 0.17888543819998318}, "6": {"precision_mean": 0.02490842490842491, "precision_std": 0.014258450550274419, "recall_mean": 0.01818181818181818, "recall_std": 0.009958591954639384, "f1-score_mean": 0.02073089700996678, "f1-score_std": 0.011453885277610895, "support_mean": 22.0, "support_std": 0.0}, "7": {"precision_mean": 0.449123061798484, "precision_std": 0.04045580235320154, "recall_mean": 0.44074074074074077, "recall_std": 0.08741228974297632, "f1-score_mean": 0.43607711937949256, "f1-score_std": 0.06399035395715905, "support_mean": 162.0, "support_std": 0.0}, "8": {"precision_mean": 0.16347476296618813, "precision_std": 0.015141409953011024, "recall_mean": 0.1592118035332945, "recall_std": 0.015481049666105936, "f1-score_mean": 0.16054642679206937, "f1-score_std": 0.014607148180761519, "support_mean": 101.8, "support_std": 0.17888543819998318}, "9": {"precision_mean": 0.18943259908680793, "precision_std": 0.026504175435762205, "recall_mean": 0.23376582278481012, "recall_std": 0.03578568549031661, "f1-score_mean": 0.20826912413840154, "f1-score_std": 0.030119313425135335, "support_mean": 79.6, "support_std": 0.21908902300206642}, "10": {"precision_mean": 0.505396980558271, "precision_std": 0.0542192720550122, "recall_mean": 0.3940292096219931, "recall_std": 0.06742077208075553, "f1-score_mean": 0.4371981808279526,