{"classification_report_train": {"0": {"precision_mean": 0.5614020714224731, "precision_std": 0.008662084383245798, "recall_mean": 0.5545107254263375, "recall_std": 0.009003255963627943, "f1-score_mean": 0.5575598028442292, "f1-score_std": 0.006205311903720463, "support_mean": 381.6, "support_std": 0.21908902300206645}, "1": {"precision_mean": 0.4689429320093204, "precision_std": 0.009545182038993159, "recall_mean": 0.4229516720486016, "recall_std": 0.01865848928472286, "f1-score_mean": 0.44388126919371124, "f1-score_std": 0.012342684574656485, "support_mean": 604.8, "support_std": 0.1788854381999832}, "2": {"precision_mean": 0.4871315402770235, "precision_std": 0.009127180510840521, "recall_mean": 0.5556451612903226, "recall_std": 0.015018199157399723, "f1-score_mean": 0.5184105752253045, "f1-score_std": 0.008413785292072443, "support_mean": 248.0, "support_std": 0.0}, "3": {"precision_mean": 0.48372892186365035, "precision_std": 0.010881141348660781, "recall_mean": 0.5739650232190495, "recall_std": 0.009666919076579057, "f1-score_mean": 0.5246692508303499, "f1-score_std": 0.008773406216534321, "support_mean": 348.8, "support_std": 0.17888543819998318}, "4": {"precision_mean": 0.5726474238551617, "precision_std": 0.020290919440072663, "recall_mean": 0.5973178994918126, "recall_std": 0.011087600310696432, "f1-score_mean": 0.5843766606684861, "f1-score_std": 0.0153106606066726, "support_mean": 252.8, "support_std": 0.17888543819998318}, "5": {"precision_mean": 0.5885969180669679, "precision_std": 0.013237321838543276, "recall_mean": 0.612406547442611, "recall_std": 0.010341309641320438, "f1-score_mean": 0.5995168880255194, "f1-score_std": 0.007294248013379931, "support_mean": 348.8, "support_std": 0.17888543819998318}, "6": {"precision_mean": 0.5335256056830617, "precision_std": 0.010973421409322073, "recall_mean": 0.7045454545454546, "recall_std": 0.00718699468220087, "f1-score_mean": 0.6069838284215964, "f1-score_std": 0.008846958386085358, "support_mean": 88.0, "support_std": 0.0}, "7": {"precision_mean": 0.6255728725968663, "precision_std": 0.013917195718090884, "recall_mean": 0.5935185185185186, "recall_std": 0.015867920012898405, "f1-score_mean": 0.60896456573426, "f1-score_std": 0.014284169796014486, "support_mean": 648.0, "support_std": 0.0}, "8": {"precision_mean": 0.4635202278153271, "precision_std": 0.010402761381676884, "recall_mean": 0.3438201570554512, "recall_std": 0.006531167976587936, "f1-score_mean": 0.3942359373111689, "f1-score_std": 0.004582256919447576, "support_mean": 407.2, "support_std": 0.17888543819998318}, "9": {"precision_mean": 0.5265139264394264, "precision_std": 0.009374631905067479, "recall_mean": 0.5603004672620807, "recall_std": 0.008673342530184461, "f1-score_mean": 0.5424707167027301, "f1-score_std": 0.006030382840598101, "support_mean": 318.4, "support_std": 0.21908902300206645}, "10": {"precision_mean": 0.6700844330786404, "precision_std": 0.010008918275116645, "recall_mean": 0.5596070250992531, "recall_std": 0.019630272045481473, "f1-score_mean": 0.609180619787823, "f1-score_std": 0.014154802869182881, "support_mean": 385.6, "support_std": 0.21908902300206645}, "11": {"precision_mean": 0.5241796727243302, "precision_std": 0.021090253544606623, "recall_mean": 0.5552777777777778, "recall_std": 0.020386888213299367, "f1-score_mean": 0.5379998894074781, "f1-score_std": 0.017214436445076704, "support_mean": 144.8, "support_std": 0.17888543819998318}, "12": {"precision_mean": 0.5002144985714101, "precision_std": 0.013235623436438792, "recall_mean": 0.6162240238561177, "recall_std": 0.014050368756781634, "f1-score_mean": 0.5516281837289262, "f1-score_std": 0.011404963647491956, "support_mean": 146.4, "support_std": 0.21908902300206642}, "13": {"precision_mean": 0.5201263880949646, "precision_std": 0.006810403535456408, "recall_mean": 0.5745521601685984, "recall_std": 0.007271116806095465, "f1-score_mean": 0.5458503119108681, "f1-score_std": 0.005904096865577445, "support_mean": 364.8, "support_std": 0.17888543819998318}, "14": {"precision_mean": 0.7363385923130785, "precision_std": 0.03085305430640435, "recall_mean": 0.7755274261603375, "recall_std": 0.015147258915092936, "f1-score_mean": 0.7546947088534607, "f1-score_std": 0.022128381762021435, "support_mean": 78.4, "support_std": 0.21908902300206642}, "macro avg": {"precision_mean": 0.5508350683207801, "precision_std": 0.0036143858752015253, "recall_mean": 0.5733446692908217, "recall_std": 0.002160616008904873, "f1-score_mean": 0.5586948805763942, "f1-score_std": 0.0030185197324199297, "support_mean": 4766.4, "support_std": 0.21908902300206645}, "weighted avg": {"precision_mean": 0.5457252434187752, "precision_std": 0.0033833000955333322, "recall_mean": 0.5437644594811457, "recall_std": 0.0035033324753473605, "f1-score_mean": 0.5418685468340844, "f1-score_std": 0.003601740070132924, "support_mean": 4766.4, "support_std": 0.21908902300206645}}, "classification_report_test": {"0": {"precision_mean": 0.24194239661997577, "precision_std": 0.023394899880303705, "recall_mean": 0.23469298245614034, "recall_std": 0.024827904895416468, "f1-score_mean": 0.23778799978224066, "f1-score_std": 0.0236171623518198, "support_mean": 95.4, "support_std": 0.21908902300206642}, "1": {"precision_mean": 0.2709743211223404, "precision_std": 0.013348152634922391, "recall_mean": 0.26584175670965493, "recall_std": 0.029398813341472218, "f1-score_mean": 0.2651848604596112, "f1-score_std": 0.020642224099750313, "support_mean": 151.2, "support_std": 0.17888543819998318}, "2": {"precision_mean": 0.192010518071763, "precision_std": 0.023104164636696133, "recall_mean": 0.2193548387096774, "recall_std": 0.033086145561182154, "f1-score_mean": 0.20231554343591746, "f1-score_std": 0.024982652457950744, "support_mean": 62.0, "support_std": 0.0}, "3": {"precision_mean": 0.1792991637221767, "precision_std": 0.02030488966081332, "recall_mean": 0.23187042842215252, "recall_std": 0.026316692732803033, "f1-score_mean": 0.20146489641404855, "f1-score_std": 0.022372011423407678, "support_mean": 87.2, "support_std": 0.17888543819998318}, "4": {"precision_mean": 0.2819611051948256, "precision_std": 0.02819259909876647, "recall_mean": 0.2787698412698413, "recall_std": 0.03905253872737548, "f1-score_mean": 0.279460030189196, "f1-score_std": 0.0337597604041946, "support_mean": 63.2, "support_std": 0.17888543819998318}, "5": {"precision_mean": 0.36727442502422836, "precision_std": 0.035350996097610485, "recall_mean": 0.4243730407523511, "recall_std": 0.06319612810418014, "f1-score_mean": 0.38776480268293945, "f1-score_std": 0.043512784705830206, "support_mean": 87.2, "support_std": 0.17888543819998318}, "6": {"precision_mean": 0.027407407407407408, "precision_std": 0.01745383878521261, "recall_mean": 0.02727272727272727, "recall_std": 0.016262312563634834, "f1-score_mean": 0.0272108843537415, "f1-score_std": 0.016773915654337352, "support_mean": 22.0, "support_std": 0.0}, "7": {"precision_mean": 0.4181725149818873, "precision_std": 0.030237637341914536, "recall_mean": 0.4148148148148148, "recall_std": 0.0611678250364693, "f1-score_mean": 0.41269761001971633, "f1-score_std": 0.04510917114281613, "support_mean": 162.0, "support_std": 0.0}, "8": {"precision_mean": 0.1864847113670643, "precision_std": 0.020063120254193004, "recall_mean": 0.14535041739468063, "recall_std": 0.017133024028591667, "f1-score_mean": 0.1629581246140122, "f1-score_std": 0.018090514725323394, "support_mean": 101.8, "support_std": 0.17888543819998318}, "9": {"precision_mean": 0.17653670717137357, "precision_std": 0.020913123678992753, "recall_mean": 0.20645569620253168, "recall_std": 0.034190527177774245, "f1-score_mean": 0.18924123022783765, "f1-score_std": 0.026137367808019958, "support_mean": 79.6, "support_std": 0.21908902300206642}, "10": {"precision_mean": 0.4037995339641293, "precision_std": 0.06287221002159557, "recall_mean": 0.3358462199312715, "recall_std": 0.07451952877434855, "f1-score_mean": 0.36355973644220285,