{"classification_report_train": {"0": {"precision_mean": 0.748339789477268, "precision_std": 0.00999486748976707, "recall_mean": 0.7615258825631088, "recall_std": 0.008000884878110981, "f1-score_mean": 0.754472650921044, "f1-score_std": 0.004566596376003468, "support_mean": 381.6, "support_std": 0.21908902300206645}, "1": {"precision_mean": 0.6818219536949177, "precision_std": 0.008046868328763399, "recall_mean": 0.6501308083848722, "recall_std": 0.008639434545465827, "f1-score_mean": 0.6653898585642282, "f1-score_std": 0.006568183397949294, "support_mean": 604.8, "support_std": 0.1788854381999832}, "2": {"precision_mean": 0.6907227132505521, "precision_std": 0.01007829117826504, "recall_mean": 0.8137096774193548, "recall_std": 0.014217355400670342, "f1-score_mean": 0.746794196385999, "f1-score_std": 0.009109326549155106, "support_mean": 248.0, "support_std": 0.0}, "3": {"precision_mean": 0.6539787530991173, "precision_std": 0.007310232489869033, "recall_mean": 0.8102229687448539, "recall_std": 0.014872555781691615, "f1-score_mean": 0.7230053816071207, "f1-score_std": 0.0024243273572387486, "support_mean": 348.8, "support_std": 0.17888543819998318}, "4": {"precision_mean": 0.8160138422734662, "precision_std": 0.005514360895670511, "recall_mean": 0.8164753121274861, "recall_std": 0.00848425799960876, "f1-score_mean": 0.8160744939294359, "f1-score_std": 0.00478791382564394, "support_mean": 252.8, "support_std": 0.17888543819998318}, "5": {"precision_mean": 0.8002333683322913, "precision_std": 0.006821670590407614, "recall_mean": 0.7700721272601522, "recall_std": 0.005610604443993603, "f1-score_mean": 0.7847066590697759, "f1-score_std": 0.0037923001126757244, "support_mean": 348.8, "support_std": 0.17888543819998318}, "6": {"precision_mean": 0.9105868414107553, "precision_std": 0.00902146442266962, "recall_mean": 0.9227272727272726, "recall_std": 0.005926547641093312, "f1-score_mean": 0.9165434490180253, "f1-score_std": 0.006712236584116781, "support_mean": 88.0, "support_std": 0.0}, "7": {"precision_mean": 0.8027822031383813, "precision_std": 0.016701699619332, "recall_mean": 0.7265432098765432, "recall_std": 0.012294647616182281, "f1-score_mean": 0.7624301197688557, "f1-score_std": 0.012496006336482778, "support_mean": 648.0, "support_std": 0.0}, "8": {"precision_mean": 0.6716978553033597, "precision_std": 0.007957788945933748, "recall_mean": 0.6144433203256733, "recall_std": 0.00725161435777678, "f1-score_mean": 0.6415333814839819, "f1-score_std": 0.005031442942027502, "support_mean": 407.2, "support_std": 0.17888543819998318}, "9": {"precision_mean": 0.7377504120273677, "precision_std": 0.009594094495906333, "recall_mean": 0.8071745430886615, "recall_std": 0.005836374322967665, "f1-score_mean": 0.7705182879349004, "f1-score_std": 0.0029431521574063172, "support_mean": 318.4, "support_std": 0.21908902300206645}, "10": {"precision_mean": 0.8583516751097072, "precision_std": 0.007239823497371957, "recall_mean": 0.7411560460265123, "recall_std": 0.012242100053688504, "f1-score_mean": 0.7952149159323918, "f1-score_std": 0.008661269777872245, "support_mean": 385.6, "support_std": 0.21908902300206645}, "11": {"precision_mean": 0.8616046000536258, "precision_std": 0.012521274367968209, "recall_mean": 0.8673946360153257, "recall_std": 0.011948176190736202, "f1-score_mean": 0.8638182767941369, "f1-score_std": 0.005421930658990296, "support_mean": 144.8, "support_std": 0.17888543819998318}, "12": {"precision_mean": 0.8768870631431032, "precision_std": 0.008861042553982151, "recall_mean": 0.8893299785667692, "recall_std": 0.00810972365623209, "f1-score_mean": 0.8827512256294778, "f1-score_std": 0.004168694901108253, "support_mean": 146.4, "support_std": 0.21908902300206642}, "13": {"precision_mean": 0.6991961817573812, "precision_std": 0.007477347630986632, "recall_mean": 0.7417778112298661, "recall_std": 0.005700711820540874, "f1-score_mean": 0.7197328785657987, "f1-score_std": 0.005175410245979636, "support_mean": 364.8, "support_std": 0.17888543819998318}, "14": {"precision_mean": 0.9890781192151055, "precision_std": 0.007141568054012291, "recall_mean": 0.9311262577085362, "recall_std": 0.009303626349973152, "f1-score_mean": 0.9592001038826126, "f1-score_std": 0.00806403162222792, "support_mean": 78.4, "support_std": 0.21908902300206642}, "macro avg": {"precision_mean": 0.7866030247524266, "precision_std": 0.003348390290707067, "recall_mean": 0.7909206568043325, "recall_std": 0.002879079210667105, "f1-score_mean": 0.7868123919658524, "f1-score_std": 0.0030185974724726804, "support_mean": 4766.4, "support_std": 0.21908902300206645}, "weighted avg": {"precision_mean": 0.7570162677758263, "precision_std": 0.003784395119562162, "recall_mean": 0.7526851137096986, "recall_std": 0.0035507309418165603, "f1-score_mean": 0.7527122026802668, "f1-score_std": 0.0036835330171294694, "support_mean": 4766.4, "support_std": 0.21908902300206645}}, "classification_report_test": {"0": {"precision_mean": 0.28137937281888387, "precision_std": 0.025473008327267645, "recall_mean": 0.2850657894736842, "recall_std": 0.02467307788958237, "f1-score_mean": 0.2829360656140397, "f1-score_std": 0.02472296082053625, "support_mean": 95.4, "support_std": 0.21908902300206642}, "1": {"precision_mean": 0.3339047827676107, "precision_std": 0.02154598412961478, "recall_mean": 0.38478563959567796, "recall_std": 0.04055674561370621, "f1-score_mean": 0.35320001055768036, "f1-score_std": 0.026100613849569573, "support_mean": 151.2, "support_std": 0.17888543819998318}, "2": {"precision_mean": 0.24331938685222182, "precision_std": 0.022294403469819046, "recall_mean": 0.30645161290322587, "recall_std": 0.035921060405354976, "f1-score_mean": 0.26909990322255656, "f1-score_std": 0.025173479501897748, "support_mean": 62.0, "support_std": 0.0}, "3": {"precision_mean": 0.20319915748038295, "precision_std": 0.027136694216071407, "recall_mean": 0.29840647857889235, "recall_std": 0.040962597010043594, "f1-score_mean": 0.24157089598292963, "f1-score_std": 0.03251161088396179, "support_mean": 87.2, "support_std": 0.17888543819998318}, "4": {"precision_mean": 0.4346613263225578, "precision_std": 0.023147548654862658, "recall_mean": 0.3765376984126984, "recall_std": 0.05424620954790242, "f1-score_mean": 0.39826465284752405, "f1-score_std": 0.041056772696046163, "support_mean": 63.2, "support_std": 0.17888543819998318}, "5": {"precision_mean": 0.4557557315184434, "precision_std": 0.027094943088535387, "recall_mean": 0.43354231974921636, "recall_std": 0.0724924444815532, "f1-score_mean": 0.43415402774824763, "f1-score_std": 0.045229931166483654, "support_mean": 87.2, "support_std": 0.17888543819998318}, "6": {"precision_mean": 0.02, "precision_std": 0.017888543819998316, "recall_mean": 0.01818181818181818, "recall_std": 0.016262312563634834, "f1-score_mean": 0.01904761904761905, "f1-score_std": 0.0170367083999984, "support_mean": 22.0, "support_std": 0.0}, "7": {"precision_mean": 0.5235765939403285, "precision_std": 0.03683683753802791, "recall_mean": 0.5172839506172839, "recall_std": 0.09759179218950088, "f1-score_mean": 0.5056477184535406, "f1-score_std": 0.06909341179577883, "support_mean": 162.0, "support_std": 0.0}, "8": {"precision_mean": 0.18975986847595466, "precision_std": 0.012798146790607973, "recall_mean": 0.19048728402251988, "recall_std": 0.012993168677393533, "f1-score_mean": 0.19007983263024633, "f1-score_std": 0.012802211205707086, "support_mean": 101.8, "support_std": 0.17888543819998318}, "9": {"precision_mean": 0.18711929977470437, "precision_std": 0.014979394752093457, "recall_mean": 0.21123417721518986, "recall_std": 0.017616324311002327, "f1-score_mean": 0.197671688238542, "f1-score_std": 0.015123223743598714, "support_mean": 79.6, "support_std": 0.21908902300206642}, "10": {"precision_mean": 0.5478460605948151, "precision_std": 0.039597199610034724, "recall_mean": 0.44823883161512035, "recall_std": 0.07542394513551481, "f1-score_mean": 0.4830714973670712, "f1-score_std": 0.05232564239194691,