{"classification_report_train": {"0": {"precision_mean": 0.3625914835601018, "precision_std": 0.008628745749345995, "recall_mean": 0.36634098748127686, "recall_std": 0.011045105340007178, "f1-score_mean": 0.36408079215469213, "f1-score_std": 0.00822004798173768, "support_mean": 381.6, "support_std": 0.21908902300206645}, "1": {"precision_mean": 0.4142446375234625, "precision_std": 0.012936199296685276, "recall_mean": 0.3207591264845931, "recall_std": 0.021452430294167414, "f1-score_mean": 0.3597517206208055, "f1-score_std": 0.015283495956116062, "support_mean": 604.8, "support_std": 0.1788854381999832}, "2": {"precision_mean": 0.3676878313316866, "precision_std": 0.019577525958552753, "recall_mean": 0.39999999999999997, "recall_std": 0.016185385424905933, "f1-score_mean": 0.3801774996153045, "f1-score_std": 0.009455634670859867, "support_mean": 248.0, "support_std": 0.0}, "3": {"precision_mean": 0.2984511111927735, "precision_std": 0.0032148168249602556, "recall_mean": 0.4162829759905147, "recall_std": 0.018919368515266113, "f1-score_mean": 0.34673768973506364, "f1-score_std": 0.007722181427352773, "support_mean": 348.8, "support_std": 0.17888543819998318}, "4": {"precision_mean": 0.511325886125841, "precision_std": 0.036757446552721805, "recall_mean": 0.5894974590626765, "recall_std": 0.029942571617307408, "f1-score_mean": 0.5467189262297162, "f1-score_std": 0.03347876789273687, "support_mean": 252.8, "support_std": 0.17888543819998318}, "5": {"precision_mean": 0.4496101244330889, "precision_std": 0.014335710599982461, "recall_mean": 0.49199354477489043, "recall_std": 0.012640439941823973, "f1-score_mean": 0.46905654822150755, "f1-score_std": 0.010237929125948666, "support_mean": 348.8, "support_std": 0.17888543819998318}, "6": {"precision_mean": 0.5028052019653139, "precision_std": 0.05124656343238738, "recall_mean": 0.7045454545454545, "recall_std": 0.019550739243278697, "f1-score_mean": 0.5800924450993072, "f1-score_std": 0.04024811022723545, "support_mean": 88.0, "support_std": 0.0}, "7": {"precision_mean": 0.595940648162878, "precision_std": 0.022560644304374693, "recall_mean": 0.4842592592592593, "recall_std": 0.018489689494114878, "f1-score_mean": 0.5340624308594116, "f1-score_std": 0.019412539259963727, "support_mean": 648.0, "support_std": 0.0}, "8": {"precision_mean": 0.3226221923672594, "precision_std": 0.011648543492397816, "recall_mean": 0.26916221033868093, "recall_std": 0.01670838906993823, "f1-score_mean": 0.2927094597042223, "f1-score_std": 0.013638375714407385, "support_mean": 407.2, "support_std": 0.17888543819998318}, "9": {"precision_mean": 0.3655645325115938, "precision_std": 0.019494255240628457, "recall_mean": 0.2594329764791704, "recall_std": 0.02563130011358817, "f1-score_mean": 0.30055352514480027, "f1-score_std": 0.02268494985093529, "support_mean": 318.4, "support_std": 0.21908902300206645}, "10": {"precision_mean": 0.5665354104499286, "precision_std": 0.03155053552306603, "recall_mean": 0.46988224211022145, "recall_std": 0.019289839547752673, "f1-score_mean": 0.5134753646384593, "f1-score_std": 0.02425840603829679, "support_mean": 385.6, "support_std": 0.21908902300206645}, "11": {"precision_mean": 0.4360881729167957, "precision_std": 0.013938274596780443, "recall_mean": 0.599425287356322, "recall_std": 0.02135952613205815, "f1-score_mean": 0.5047612101812581, "f1-score_std": 0.0165193185640903, "support_mean": 144.8, "support_std": 0.17888543819998318}, "12": {"precision_mean": 0.39900227002980754, "precision_std": 0.01975199262752649, "recall_mean": 0.5396514770291678, "recall_std": 0.0376522997827899, "f1-score_mean": 0.4571203679592103, "f1-score_std": 0.025252381015605813, "support_mean": 146.4, "support_std": 0.21908902300206642}, "13": {"precision_mean": 0.3991181872396489, "precision_std": 0.010729024221294787, "recall_mean": 0.48683125094084, "recall_std": 0.015921326513164843, "f1-score_mean": 0.437756829898983, "f1-score_std": 0.009653448276361451, "support_mean": 364.8, "support_std": 0.17888543819998318}, "14": {"precision_mean": 0.7886700584508906, "precision_std": 0.06988246288647629, "recall_mean": 0.8036027263875365, "recall_std": 0.01910305208177, "f1-score_mean": 0.7859078049306187, "f1-score_std": 0.0398528255765475, "support_mean": 78.4, "support_std": 0.21908902300206642}, "macro avg": {"precision_mean": 0.45201718321740464, "precision_std": 0.005294208789138913, "recall_mean": 0.48011113188270704, "recall_std": 0.0044467078953115725, "f1-score_mean": 0.4581975076662241, "f1-score_std": 0.003251968076878099, "support_mean": 4766.4, "support_std": 0.21908902300206645}, "weighted avg": {"precision_mean": 0.43972797685869336, "precision_std": 0.007489252297313223, "recall_mean": 0.431016356770182, "recall_std": 0.00591165731170817, "f1-score_mean": 0.42901980020603536, "f1-score_std": 0.0064663246758636835, "support_mean": 4766.4, "support_std": 0.21908902300206645}}, "classification_report_test": {"0": {"precision_mean": 0.26150635979674347, "precision_std": 0.012818920049539976, "recall_mean": 0.2621271929824561, "recall_std": 0.01924103361508401, "f1-score_mean": 0.2608197215907496, "f1-score_std": 0.01464912766270968, "support_mean": 95.4, "support_std": 0.21908902300206642}, "1": {"precision_mean": 0.26137187088274044, "precision_std": 0.008507877084182897, "recall_mean": 0.20628267689090274, "recall_std": 0.018297812369367096, "f1-score_mean": 0.22751928710235486, "f1-score_std": 0.01240730485243262, "support_mean": 151.2, "support_std": 0.17888543819998318}, "2": {"precision_mean": 0.13811939783627736, "precision_std": 0.009098650018596508, "recall_mean": 0.18064516129032254, "recall_std": 0.02299165120155543, "f1-score_mean": 0.15498925758211973, "f1-score_std": 0.013068703561067232, "support_mean": 62.0, "support_std": 0.0}, "3": {"precision_mean": 0.16519482593863272, "precision_std": 0.02000765293594974, "recall_mean": 0.22246603970741902, "recall_std": 0.029882280599664485, "f1-score_mean": 0.18894591270393613, "f1-score_std": 0.0232397247953374, "support_mean": 87.2, "support_std": 0.17888543819998318}, "4": {"precision_mean": 0.31158088032759784, "precision_std": 0.0479579406008027, "recall_mean": 0.342063492063492, "recall_std": 0.07169614784999324, "f1-score_mean": 0.3219421589150572, "f1-score_std": 0.05769996720973757, "support_mean": 63.2, "support_std": 0.17888543819998318}, "5": {"precision_mean": 0.3411908487964826, "precision_std": 0.03594866778033686, "recall_mean": 0.37633228840125393, "recall_std": 0.04837909141166333, "f1-score_mean": 0.35592638020139533, "f1-score_std": 0.040823607306055575, "support_mean": 87.2, "support_std": 0.17888543819998318}, "6": {"precision_mean": 0.11014002126905353, "precision_std": 0.029285475324273898, "recall_mean": 0.11818181818181817, "recall_std": 0.030424000964875467, "f1-score_mean": 0.10429533100918338, "f1-score_std": 0.021232913277066376, "support_mean": 22.0, "support_std": 0.0}, "7": {"precision_mean": 0.4727747781859467, "precision_std": 0.05664657926633478, "recall_mean": 0.4061728395061729, "recall_std": 0.08410298446025975, "f1-score_mean": 0.4294765778043959, "f1-score_std": 0.07600832857937993, "support_mean": 162.0, "support_std": 0.0}, "8": {"precision_mean": 0.12397134191689463, "precision_std": 0.02475927834292923, "recall_mean": 0.0982527664531159, "recall_std": 0.01883040224284141, "f1-score_mean": 0.10909523452684103, "f1-score_std": 0.021394468136176143, "support_mean": 101.8, "support_std": 0.17888543819998318}, "9": {"precision_mean": 0.1539023778154213, "precision_std": 0.016374531728822927, "recall_mean": 0.12819620253164557, "recall_std": 0.017557012220091973, "f1-score_mean": 0.13955741929251864, "f1-score_std": 0.017228754699288865, "support_mean": 79.6, "support_std": 0.21908902300206642}, "10": {"precision_mean": 0.35684114316525267, "precision_std": 0.02660138273820393, "recall_mean": 0.2945876288659794, "recall_std": 0.06371592258003088, "f1-score_mean": 0.3140671938042751,