{"classification_report_train": {"0": {"precision_mean": 0.5811962956220084, "precision_std": 0.005884844310624037, "recall_mean": 0.5964340190460486, "recall_std": 0.01561449753902536, "f1-score_mean": 0.5879903649614018, "f1-score_std": 0.007081035070442781, "support_mean": 381.6, "support_std": 0.21908902300206645}, "1": {"precision_mean": 0.5928844581321349, "precision_std": 0.01026659322210199, "recall_mean": 0.5366958568222866, "recall_std": 0.011459251731394608, "f1-score_mean": 0.5632211152293751, "f1-score_std": 0.01009980949536657, "support_mean": 604.8, "support_std": 0.1788854381999832}, "2": {"precision_mean": 0.5897728362188481, "precision_std": 0.009351550175361977, "recall_mean": 0.6556451612903225, "recall_std": 0.015411457013666136, "f1-score_mean": 0.6201696420716465, "f1-score_std": 0.0074879313800600335, "support_mean": 248.0, "support_std": 0.0}, "3": {"precision_mean": 0.5177534811360044, "precision_std": 0.008100933185901295, "recall_mean": 0.6548282449033362, "recall_std": 0.01588621583644036, "f1-score_mean": 0.5777140498417627, "f1-score_std": 0.00817244906465088, "support_mean": 348.8, "support_std": 0.17888543819998318}, "4": {"precision_mean": 0.7527632707289118, "precision_std": 0.008703099852071853, "recall_mean": 0.7341991341991342, "recall_std": 0.010822154021565451, "f1-score_mean": 0.7432323496928077, "f1-score_std": 0.008784366694839764, "support_mean": 252.8, "support_std": 0.17888543819998318}, "5": {"precision_mean": 0.6787441920065883, "precision_std": 0.01488588111748072, "recall_mean": 0.6806129170371834, "recall_std": 0.007552014432368528, "f1-score_mean": 0.6795522996657164, "f1-score_std": 0.011055979970966077, "support_mean": 348.8, "support_std": 0.17888543819998318}, "6": {"precision_mean": 0.6349908324165751, "precision_std": 0.016055510528416528, "recall_mean": 0.7909090909090909, "recall_std": 0.015941525378863806, "f1-score_mean": 0.7033693819408106, "f1-score_std": 0.010540927297809031, "support_mean": 88.0, "support_std": 0.0}, "7": {"precision_mean": 0.7499207893430804, "precision_std": 0.012584330475626484, "recall_mean": 0.696604938271605, "recall_std": 0.013556376327217144, "f1-score_mean": 0.7219113393270596, "f1-score_std": 0.010801492206786717, "support_mean": 648.0, "support_std": 0.0}, "8": {"precision_mean": 0.5624565760851277, "precision_std": 0.0060878265848168115, "recall_mean": 0.49020210049621815, "recall_std": 0.01581232922452841, "f1-score_mean": 0.5231478686295798, "f1-score_std": 0.00988904535097682, "support_mean": 407.2, "support_std": 0.17888543819998318}, "9": {"precision_mean": 0.5718193859178526, "precision_std": 0.01672110092058914, "recall_mean": 0.6331894087261686, "recall_std": 0.007687467057006887, "f1-score_mean": 0.6000673049272904, "f1-score_std": 0.00909289663453729, "support_mean": 318.4, "support_std": 0.21908902300206645}, "10": {"precision_mean": 0.7484457441923523, "precision_std": 0.01694371293215236, "recall_mean": 0.6643873225220375, "recall_std": 0.01589186585419812, "f1-score_mean": 0.7035529150120223, "f1-score_std": 0.01471030934938678, "support_mean": 385.6, "support_std": 0.21908902300206645}, "11": {"precision_mean": 0.7007672314689859, "precision_std": 0.016299290929979317, "recall_mean": 0.7403639846743294, "recall_std": 0.016058430689963626, "f1-score_mean": 0.7190506943460235, "f1-score_std": 0.010862853292730994, "support_mean": 144.8, "support_std": 0.17888543819998318}, "12": {"precision_mean": 0.6919028332142995, "precision_std": 0.00855608680697547, "recall_mean": 0.7404342558941385, "recall_std": 0.01171244323572246, "f1-score_mean": 0.7149759005125417, "f1-score_std": 0.00693756274458644, "support_mean": 146.4, "support_std": 0.21908902300206642}, "13": {"precision_mean": 0.5954806278091892, "precision_std": 0.001957966977313401, "recall_mean": 0.581684479903658, "recall_std": 0.007338969051392907, "f1-score_mean": 0.5883514007326385, "f1-score_std": 0.003537080085702111, "support_mean": 364.8, "support_std": 0.17888543819998318}, "14": {"precision_mean": 0.7356664300298839, "precision_std": 0.012125762727213088, "recall_mean": 0.7628691983122362, "recall_std": 0.013396319263258625, "f1-score_mean": 0.7484767573706032, "f1-score_std": 0.008631849060793803, "support_mean": 78.4, "support_std": 0.21908902300206642}, "macro avg": {"precision_mean": 0.6469709989547894, "precision_std": 0.004027420764708823, "recall_mean": 0.6639373408671863, "recall_std": 0.0031400783571766976, "f1-score_mean": 0.6529855589507519, "f1-score_std": 0.003476787507454925, "support_mean": 4766.4, "support_std": 0.21908902300206645}, "weighted avg": {"precision_mean": 0.6406238984510086, "precision_std": 0.003900359838101623, "recall_mean": 0.6361608223975839, "recall_std": 0.003962926101325984, "f1-score_mean": 0.6362049492952984, "f1-score_std": 0.0040496474286250955, "support_mean": 4766.4, "support_std": 0.21908902300206645}}, "classification_report_test": {"0": {"precision_mean": 0.24864808155634507, "precision_std": 0.01806462793705211, "recall_mean": 0.27260964912280705, "recall_std": 0.03125132191725447, "f1-score_mean": 0.25924692856932535, "f1-score_std": 0.024103481279034042, "support_mean": 95.4, "support_std": 0.21908902300206642}, "1": {"precision_mean": 0.31961679705507634, "precision_std": 0.024100609748402203, "recall_mean": 0.3093760892296968, "recall_std": 0.03939050619052463, "f1-score_mean": 0.3105527754357186, "f1-score_std": 0.029510248110088247, "support_mean": 151.2, "support_std": 0.17888543819998318}, "2": {"precision_mean": 0.21487583471331542, "precision_std": 0.023654305683840596, "recall_mean": 0.24838709677419354, "recall_std": 0.04070144592409679, "f1-score_mean": 0.22874171739340482, "f1-score_std": 0.029495101067990123, "support_mean": 62.0, "support_std": 0.0}, "3": {"precision_mean": 0.21994443227309843, "precision_std": 0.027222489679803088, "recall_mean": 0.2845872518286311, "recall_std": 0.02514224710606829, "f1-score_mean": 0.24752519846172, "f1-score_std": 0.02678171692323933, "support_mean": 87.2, "support_std": 0.17888543819998318}, "4": {"precision_mean": 0.4370188393659851, "precision_std": 0.02268066989229887, "recall_mean": 0.3830357142857143, "recall_std": 0.05372560119940811, "f1-score_mean": 0.40313934496936943, "f1-score_std": 0.03749247982179106, "support_mean": 63.2, "support_std": 0.17888543819998318}, "5": {"precision_mean": 0.3840378421900161, "precision_std": 0.014906484920989492, "recall_mean": 0.4130094043887147, "recall_std": 0.05489315745958979, "f1-score_mean": 0.39333949574635907, "f1-score_std": 0.03237576420677635, "support_mean": 87.2, "support_std": 0.17888543819998318}, "6": {"precision_mean": 0.09132783882783882, "precision_std": 0.031774449687875024, "recall_mean": 0.07272727272727272, "recall_std": 0.02757409252382382, "f1-score_mean": 0.07552941143134831, "f1-score_std": 0.02798854353471671, "support_mean": 22.0, "support_std": 0.0}, "7": {"precision_mean": 0.4934438979500865, "precision_std": 0.03371030398761681, "recall_mean": 0.48888888888888893, "recall_std": 0.08670851228528975, "f1-score_mean": 0.4814585121865288, "f1-score_std": 0.06371551571538238, "support_mean": 162.0, "support_std": 0.0}, "8": {"precision_mean": 0.161218412234878, "precision_std": 0.016580271015732582, "recall_mean": 0.15903708017860607, "recall_std": 0.017720632684936684, "f1-score_mean": 0.15998544679192292, "f1-score_std": 0.017084603714635008, "support_mean": 101.8, "support_std": 0.17888543819998318}, "9": {"precision_mean": 0.1771923398405962, "precision_std": 0.006064686028452786, "recall_mean": 0.22136075949367084, "recall_std": 0.020848739163113816, "f1-score_mean": 0.19580768475608426, "f1-score_std": 0.01200109656450691, "support_mean": 79.6, "support_std": 0.21908902300206642}, "10": {"precision_mean": 0.4655227067996148, "precision_std": 0.011861046082748797, "recall_mean": 0.38601804123711336, "recall_std": 0.07220989436532071, "f1-score_mean": 0.40505295894697985,