{"classification_report_train": {"0": {"precision_mean": 0.7971902096560248, "precision_std": 0.12829618158953907, "recall_mean": 0.13997196685492846, "recall_std": 0.015544365188026052, "f1-score_mean": 0.22988162310816454, "f1-score_std": 0.026002475321311454, "support_mean": 381.6, "support_std": 0.21908902300206645}, "1": {"precision_mean": 0.41783188792357323, "precision_std": 0.10886971729835203, "recall_mean": 0.20397788845711787, "recall_std": 0.13879745542482402, "f1-score_mean": 0.11284558818788537, "f1-score_std": 0.04075343225271801, "support_mean": 604.8, "support_std": 0.1788854381999832}, "2": {"precision_mean": 0.3113414181114911, "precision_std": 0.06896179549185891, "recall_mean": 0.2620967741935484, "recall_std": 0.13259693016694704, "f1-score_mean": 0.16455251486847386, "f1-score_std": 0.03642981814305296, "support_mean": 248.0, "support_std": 0.0}, "3": {"precision_mean": 0.1813769012723673, "precision_std": 0.0316647084641297, "recall_mean": 0.3094967559200342, "recall_std": 0.07673110374779242, "f1-score_mean": 0.18552485004228644, "f1-score_std": 0.023188805946287135, "support_mean": 348.8, "support_std": 0.17888543819998318}, "4": {"precision_mean": 0.5165979953286345, "precision_std": 0.1431756736010305, "recall_mean": 0.3727523684045423, "recall_std": 0.10518692801980523, "f1-score_mean": 0.2936601108025328, "f1-score_std": 0.053317197607128324, "support_mean": 252.8, "support_std": 0.17888543819998318}, "5": {"precision_mean": 0.12609226134261742, "precision_std": 0.02937083960420017, "recall_mean": 0.04874518328228436, "recall_std": 0.011382042045788476, "f1-score_mean": 0.06989062427000156, "f1-score_std": 0.016092251783707146, "support_mean": 348.8, "support_std": 0.17888543819998318}, "6": {"precision_mean": 0.9798258904837851, "precision_std": 0.005061851185417361, "recall_mean": 0.55, "recall_std": 0.02439346884545225, "f1-score_mean": 0.702947899348459, "f1-score_std": 0.01997240487564552, "support_mean": 88.0, "support_std": 0.0}, "7": {"precision_mean": 0.4349834971025447, "precision_std": 0.12513665568325488, "recall_mean": 0.10802469135802469, "recall_std": 0.03167755450202518, "f1-score_mean": 0.17020993935615056, "f1-score_std": 0.04894848073544271, "support_mean": 648.0, "support_std": 0.0}, "8": {"precision_mean": 0.19590397514400246, "precision_std": 0.07845402970563124, "recall_mean": 0.18860384448619744, "recall_std": 0.12236204806392317, "f1-score_mean": 0.07534053836461378, "f1-score_std": 0.031411971717131226, "support_mean": 407.2, "support_std": 0.17888543819998318}, "9": {"precision_mean": 0.8108999772157667, "precision_std": 0.14982055335108585, "recall_mean": 0.1414325427337789, "recall_std": 0.03212006065831218, "f1-score_mean": 0.1968063454505838, "f1-score_std": 0.03437502118525471, "support_mean": 318.4, "support_std": 0.21908902300206645}, "10": {"precision_mean": 0.6698942217203087, "precision_std": 0.08967561798569879, "recall_mean": 0.1846362963461409, "recall_std": 0.04875029689863176, "f1-score_mean": 0.2557697442440009, "f1-score_std": 0.05179991010439814, "support_mean": 385.6, "support_std": 0.21908902300206645}, "11": {"precision_mean": 0.4744880170196931, "precision_std": 0.024783495865555203, "recall_mean": 0.4142624521072797, "recall_std": 0.04751331789140452, "f1-score_mean": 0.42713754736142795, "f1-score_std": 0.016902191955106914, "support_mean": 144.8, "support_std": 0.17888543819998318}, "12": {"precision_mean": 0.19991728701406122, "precision_std": 0.09107327360612216, "recall_mean": 0.15473860777187587, "recall_std": 0.07759468619201351, "f1-score_mean": 0.17254866352647408, "f1-score_std": 0.0841764277130541, "support_mean": 146.4, "support_std": 0.21908902300206642}, "13": {"precision_mean": 0.4479737486283447, "precision_std": 0.15653872823987836, "recall_mean": 0.15397260273972602, "recall_std": 0.0831664582994622, "f1-score_mean": 0.15063716575489738, "f1-score_std": 0.05196562272823171, "support_mean": 364.8, "support_std": 0.17888543819998318}, "14": {"precision_mean": 0.7108031793155037, "precision_std": 0.05341674853895448, "recall_mean": 0.8600454397922752, "recall_std": 0.03214273699424764, "f1-score_mean": 0.7679466557760668, "f1-score_std": 0.023135672524950412, "support_mean": 78.4, "support_std": 0.21908902300206642}, "macro avg": {"precision_mean": 0.4850080311519146, "precision_std": 0.024889055962135895, "recall_mean": 0.2728504942965169, "recall_std": 0.008172783921090427, "f1-score_mean": 0.26504665403080124, "f1-score_std": 0.005228745682245706, "support_mean": 4766.4, "support_std": 0.21908902300206645}, "weighted avg": {"precision_mean": 0.4518305948353228, "precision_std": 0.03915273390965382, "recall_mean": 0.2053125237405963, "recall_std": 0.008922500650217869, "f1-score_mean": 0.19437131139691996, "f1-score_std": 0.0010031664211400647, "support_mean": 4766.4, "support_std": 0.21908902300206645}}, "classification_report_test": {"0": {"precision_mean": 0.023728813559322035, "precision_std": 0.021223696057625124, "recall_mean": 0.014736842105263156, "recall_std": 0.013181032288419811, "f1-score_mean": 0.01818181818181818, "f1-score_std": 0.016262312563634834, "support_mean": 95.4, "support_std": 0.21908902300206642}, "1": {"precision_mean": 0.057985257985257985, "precision_std": 0.03342679378001975, "recall_mean": 0.13509933774834437, "recall_std": 0.10138465080559705, "f1-score_mean": 0.061038087446595765, "f1-score_std": 0.03447725902088151, "support_mean": 151.2, "support_std": 0.17888543819998318}, "2": {"precision_mean": 0.2311485826001955, "precision_std": 0.08517614241786746, "recall_mean": 0.2258064516129032, "recall_std": 0.1494352880245222, "f1-score_mean": 0.10547641169161275, "f1-score_std": 0.03404265938469367, "support_mean": 62.0, "support_std": 0.0}, "3": {"precision_mean": 0.12165272072210967, "precision_std": 0.02672546023499869, "recall_mean": 0.20911703239289445, "recall_std": 0.04843091102275503, "f1-score_mean": 0.12651092493085464, "f1-score_std": 0.027422929589133484, "support_mean": 87.2, "support_std": 0.17888543819998318}, "4": {"precision_mean": 0.2576693357985417, "precision_std": 0.11678448208496327, "recall_mean": 0.17430555555555555, "recall_std": 0.10694900894343701, "f1-score_mean": 0.08375315458230016, "f1-score_std": 0.009373646987616148, "support_mean": 63.2, "support_std": 0.17888543819998318}, "5": {"precision_mean": 0.18677655677655677, "precision_std": 0.09476768015295373, "recall_mean": 0.05958725182863115, "recall_std": 0.017585635682573222, "f1-score_mean": 0.07827672620335338, "f1-score_std": 0.021585633433350217, "support_mean": 87.2, "support_std": 0.17888543819998318}, "6": {"precision_mean": 0.43692307692307697, "precision_std": 0.1825836924090643, "recall_mean": 0.09090909090909091, "recall_std": 0.04264014327112208, "f1-score_mean": 0.1337934207499425, "f1-score_std": 0.059154775886056485, "support_mean": 22.0, "support_std": 0.0}, "7": {"precision_mean": 0.19941463414634147, "precision_std": 0.08581478055422907, "recall_mean": 0.030864197530864196, "recall_std": 0.014291156670111386, "f1-score_mean": 0.04973975276512686, "f1-score_std": 0.02237717577770163, "support_mean": 162.0, "support_std": 0.0}, "8": {"precision_mean": 0.1312947193731806, "precision_std": 0.04963018776948585, "recall_mean": 0.16109493302271402, "recall_std": 0.10755922241968467, "f1-score_mean": 0.06202325495212937, "f1-score_std": 0.02799420456167786, "support_mean": 101.8, "support_std": 0.17888543819998318}, "9": {"precision_mean": 0.024242424242424242, "precision_std": 0.021683083418179778, "recall_mean": 0.03, "recall_std": 0.026832815729997475, "f1-score_mean": 0.02681564245810055, "f1-score_std": 0.023984639758656955, "support_mean": 79.6, "support_std": 0.21908902300206642}, "10": {"precision_mean": 0.3761943319838057, "precision_std": 0.07409564754265564, "recall_mean": 0.13859536082474228, "recall_std": 0.06651520717484603, "f1-score_mean": 0.15694109067223305, "f1-score_std": 0.04925505244142854,