{"classification_report_train": {"0": {"precision_mean": 0.5027969368310486, "precision_std": 0.0013178138159555333, "recall_mean": 0.5193964628766954, "recall_std": 0.0009777891701210437, "f1-score_mean": 0.5105727336662113, "f1-score_std": 0.0010160348455075536, "support_mean": 381.6, "support_std": 0.019595917942265426}, "1": {"precision_mean": 0.5034713195887566, "precision_std": 0.0007115640634445192, "recall_mean": 0.42426687099775606, "recall_std": 0.0006785792251007504, "f1-score_mean": 0.46003102061642276, "f1-score_std": 0.00036743186835658514, "support_mean": 604.8, "support_std": 0.016000000000000004}, "2": {"precision_mean": 0.4263513644418051, "precision_std": 0.0014167167898871975, "recall_mean": 0.5088709677419355, "recall_std": 0.000709677419354838, "f1-score_mean": 0.463682405662723, "f1-score_std": 0.0011244465721531244, "support_mean": 248.0, "support_std": 0.0}, "3": {"precision_mean": 0.45297013803297526, "precision_std": 0.001399852546837634, "recall_mean": 0.5539011296643942, "recall_std": 0.0009533454818156776, "f1-score_mean": 0.4970859556508115, "f1-score_std": 0.0007592746440985545, "support_mean": 348.8, "support_std": 0.016}, "4": {"precision_mean": 0.6598633154371376, "precision_std": 0.0009775002453972427, "recall_mean": 0.6993631971892842, "recall_std": 0.0012935198952775636, "f1-score_mean": 0.678846773413824, "f1-score_std": 0.001029410047861272, "support_mean": 252.8, "support_std": 0.016}, "5": {"precision_mean": 0.6136689261428441, "precision_std": 0.0014032344722100124, "recall_mean": 0.6163982478674703, "recall_std": 0.0010136272510088095, "f1-score_mean": 0.6147388287505267, "f1-score_std": 0.001109149824350211, "support_mean": 348.8, "support_std": 0.016}, "6": {"precision_mean": 0.488654614710142, "precision_std": 0.004129616093390473, "recall_mean": 0.7136363636363636, "recall_std": 0.0021589712885523482, "f1-score_mean": 0.5759196826336174, "f1-score_std": 0.003411201564664312, "support_mean": 88.0, "support_std": 0.0}, "7": {"precision_mean": 0.6942357079783812, "precision_std": 0.0013895235182533727, "recall_mean": 0.6070987654320987, "recall_std": 0.0014657602053981067, "f1-score_mean": 0.6476164402205762, "f1-score_std": 0.001389599996510073, "support_mean": 648.0, "support_std": 0.0}, "8": {"precision_mean": 0.4112793736138512, "precision_std": 0.0015138980866768804, "recall_mean": 0.38555186202245023, "recall_std": 0.00057726789449828, "f1-score_mean": 0.396481410925052, "f1-score_std": 0.00044105896860347957, "support_mean": 407.2, "support_std": 0.016}, "9": {"precision_mean": 0.5896174165353661, "precision_std": 0.0008511886142036859, "recall_mean": 0.5490171723743618, "recall_std": 0.0007916031339136703, "f1-score_mean": 0.5680911521809806, "f1-score_std": 0.0004922069373301863, "support_mean": 318.4, "support_std": 0.019595917942265426}, "10": {"precision_mean": 0.6369123605880576, "precision_std": 0.0011937844455089499, "recall_mean": 0.5710181010699146, "recall_std": 0.001489329801565663, "f1-score_mean": 0.6018032982099213, "f1-score_std": 0.0012492887793421606, "support_mean": 385.6, "support_std": 0.019595917942265426}, "11": {"precision_mean": 0.6508160097423759, "precision_std": 0.0007785120251768948, "recall_mean": 0.690507662835249, "recall_std": 0.0017477919348241025, "f1-score_mean": 0.6696331362988148, "f1-score_std": 0.0011275844087214062, "support_mean": 144.8, "support_std": 0.016}, "12": {"precision_mean": 0.4788836379729659, "precision_std": 0.002715851054059353, "recall_mean": 0.6175006989097009, "recall_std": 0.0008182776568228527, "f1-score_mean": 0.5376164352851284, "f1-score_std": 0.002008864167652051, "support_mean": 146.4, "support_std": 0.019595917942265423}, "13": {"precision_mean": 0.46251452779595476, "precision_std": 0.0005675061730446535, "recall_mean": 0.4610582568116815, "recall_std": 0.0012698029654592624, "f1-score_mean": 0.4612619792542013, "f1-score_std": 0.0007735443337317295, "support_mean": 364.8, "support_std": 0.016}, "14": {"precision_mean": 0.9307666592549282, "precision_std": 0.0010555496716410525, "recall_mean": 0.9157091853294386, "recall_std": 0.0007814371767300968, "f1-score_mean": 0.9229222484124445, "f1-score_std": 0.0006987138327891134, "support_mean": 78.4, "support_std": 0.019595917942265423}, "macro avg": {"precision_mean": 0.5668534872444393, "precision_std": 0.0003764195271433553, "recall_mean": 0.5888863296505863, "recall_std": 0.00029693572088202407, "f1-score_mean": 0.573753566745417, "f1-score_std": 0.00036821306045220373, "support_mean": 4766.4, "support_std": 0.019595917942265426}, "weighted avg": {"precision_mean": 0.554013934259116, "precision_std": 0.00029843357356685717, "recall_mean": 0.5464495511833392, "recall_std": 0.00027053547127029766, "f1-score_mean": 0.5472673140536725, "f1-score_std": 0.00027961622254231975, "support_mean": 4766.4, "support_std": 0.019595917942265426}}, "classification_report_test": {"0": {"precision_mean": 0.26177497697434565, "precision_std": 0.05995912537264456, "recall_mean": 0.2725219298245614, "recall_std": 0.049883077356821535, "f1-score_mean": 0.2658100097082611, "f1-score_std": 0.05310026627208761, "support_mean": 95.4, "support_std": 0.4898979485566356}, "1": {"precision_mean": 0.2940101110924703, "precision_std": 0.026223740946701574, "recall_mean": 0.267140118508191, "recall_std": 0.04424662948321066, "f1-score_mean": 0.27852590049614734, "f1-score_std": 0.03174254716512156, "support_mean": 151.2, "support_std": 0.4}, "2": {"precision_mean": 0.19037768474699673, "precision_std": 0.06234624128377896, "recall_mean": 0.25161290322580643, "recall_std": 0.10824491442298398, "f1-score_mean": 0.21558616701645414, "f1-score_std": 0.0792853161657419, "support_mean": 62.0, "support_std": 0.0}, "3": {"precision_mean": 0.20531094432081592, "precision_std": 0.04661743933199587, "recall_mean": 0.2547283176593521, "recall_std": 0.05411802505917752, "f1-score_mean": 0.2263032341345559, "f1-score_std": 0.0492584885467813, "support_mean": 87.2, "support_std": 0.4}, "4": {"precision_mean": 0.3969192142962634, "precision_std": 0.13494563020976122, "recall_mean": 0.3611607142857142, "recall_std": 0.1438239236128724, "f1-score_mean": 0.3748825468492947, "f1-score_std": 0.1327458847955678, "support_mean": 63.2, "support_std": 0.4}, "5": {"precision_mean": 0.37119940627448406, "precision_std": 0.06579405712631556, "recall_mean": 0.32808254963427375, "recall_std": 0.0852916968659022, "f1-score_mean": 0.34650733546510926, "f1-score_std": 0.07419413339143882, "support_mean": 87.2, "support_std": 0.4}, "6": {"precision_mean": 0.11324944984566784, "precision_std": 0.08754567949322646, "recall_mean": 0.1, "recall_std": 0.03401506715249037, "f1-score_mean": 0.09088428198707964, "f1-score_std": 0.030139115446832482, "support_mean": 22.0, "support_std": 0.0}, "7": {"precision_mean": 0.5001248997974094, "precision_std": 0.08934636410139114, "recall_mean": 0.4654320987654321, "recall_std": 0.19460017279525552, "f1-score_mean": 0.47226947060751845, "f1-score_std": 0.15532907638317528, "support_mean": 162.0, "support_std": 0.0}, "8": {"precision_mean": 0.13100062247121072, "precision_std": 0.036113779383381915, "recall_mean": 0.14358377014172008, "recall_std": 0.05057668752206781, "f1-score_mean": 0.13642865126736095, "f1-score_std": 0.04243520390991083, "support_mean": 101.8, "support_std": 0.4}, "9": {"precision_mean": 0.21162984469685192, "precision_std": 0.04245461797496504, "recall_mean": 0.17585443037974685, "recall_std": 0.007301559449142405, "f1-score_mean": 0.1906639061238786, "f1-score_std": 0.022881492637911647, "support_mean": 79.6, "support_std": 0.4898979485566356}, "10": {"precision_mean": 0.42856226843584116, "precision_std": 0.06820818844630094, "recall_mean": 0.3962199312714777, "recall_std": 0.11714734625093154, "f1-score_mean": 0.4052685001227717, "f1-score_std": 0.07738827422883703, "support_mean": 96.4, "support_std": 0.4898979485566356}, "11": {"precision_mean": 0.35118656814080673,