{"classification_report_train": {"0": {"precision_mean": 0.341811879897939, "precision_std": 0.05915114398264756, "recall_mean": 0.4369336686317352, "recall_std": 0.0735093548286704, "f1-score_mean": 0.33642104666951866, "f1-score_std": 0.03666538616882004, "support_mean": 381.6, "support_std": 0.21908902300206645}, "1": {"precision_mean": 0.3999993745864033, "precision_std": 0.02547623160630907, "recall_mean": 0.29334026599529306, "recall_std": 0.028239291918537874, "f1-score_mean": 0.3327972087240319, "f1-score_std": 0.02480213974889591, "support_mean": 604.8, "support_std": 0.1788854381999832}, "2": {"precision_mean": 0.40761083398309195, "precision_std": 0.037509773870847266, "recall_mean": 0.4290322580645161, "recall_std": 0.053707497776173965, "f1-score_mean": 0.41273538039756624, "f1-score_std": 0.04242930547378522, "support_mean": 248.0, "support_std": 0.0}, "3": {"precision_mean": 0.32354922291658283, "precision_std": 0.024319798130603833, "recall_mean": 0.36230280275335114, "recall_std": 0.0681134675273135, "f1-score_mean": 0.32243382785382524, "f1-score_std": 0.03940240720799865, "support_mean": 348.8, "support_std": 0.17888543819998318}, "4": {"precision_mean": 0.49832095511258023, "precision_std": 0.03412944227857652, "recall_mean": 0.5482150699542004, "recall_std": 0.05567948399716469, "f1-score_mean": 0.5169575216169124, "f1-score_std": 0.04007603002719226, "support_mean": 252.8, "support_std": 0.17888543819998318}, "5": {"precision_mean": 0.4429762725218211, "precision_std": 0.03788121181429732, "recall_mean": 0.42320093534894443, "recall_std": 0.053887010456451945, "f1-score_mean": 0.42920597815240946, "f1-score_std": 0.04642905129727694, "support_mean": 348.8, "support_std": 0.17888543819998318}, "6": {"precision_mean": 0.48067432477581507, "precision_std": 0.06092423838579901, "recall_mean": 0.6227272727272728, "recall_std": 0.03252462512726967, "f1-score_mean": 0.5375195589564669, "f1-score_std": 0.05088248456443969, "support_mean": 88.0, "support_std": 0.0}, "7": {"precision_mean": 0.5572820837690602, "precision_std": 0.038727282922073156, "recall_mean": 0.3552469135802469, "recall_std": 0.04451597467448429, "f1-score_mean": 0.41741198723909057, "f1-score_std": 0.03246796447933665, "support_mean": 648.0, "support_std": 0.0}, "8": {"precision_mean": 0.37862664046423855, "precision_std": 0.02092686765887221, "recall_mean": 0.31774582068699714, "recall_std": 0.026857493712268032, "f1-score_mean": 0.34358971251502024, "f1-score_std": 0.021890043221720803, "support_mean": 407.2, "support_std": 0.17888543819998318}, "9": {"precision_mean": 0.41498399059516344, "precision_std": 0.0423329269713652, "recall_mean": 0.3731649612586503, "recall_std": 0.052396269884898254, "f1-score_mean": 0.38662648894974516, "f1-score_std": 0.04499059087406739, "support_mean": 318.4, "support_std": 0.21908902300206645}, "10": {"precision_mean": 0.5906716211226364, "precision_std": 0.028177772733552528, "recall_mean": 0.5473131014063657, "recall_std": 0.055924157571181785, "f1-score_mean": 0.5654046409738901, "f1-score_std": 0.04227119663181958, "support_mean": 385.6, "support_std": 0.21908902300206645}, "11": {"precision_mean": 0.3821888285295584, "precision_std": 0.07353216654827448, "recall_mean": 0.4835249042145594, "recall_std": 0.028845664177866912, "f1-score_mean": 0.4018447628179903, "f1-score_std": 0.0484739638587006, "support_mean": 144.8, "support_std": 0.17888543819998318}, "12": {"precision_mean": 0.43701141200312127, "precision_std": 0.024512813864991816, "recall_mean": 0.5434255894138478, "recall_std": 0.057525207810507434, "f1-score_mean": 0.4766064083332745, "f1-score_std": 0.02832669235077479, "support_mean": 146.4, "support_std": 0.21908902300206642}, "13": {"precision_mean": 0.4093577149127029, "precision_std": 0.012840683829726779, "recall_mean": 0.33434291735661603, "recall_std": 0.06594863517421115, "f1-score_mean": 0.3533522073170614, "f1-score_std": 0.047031131009251714, "support_mean": 364.8, "support_std": 0.17888543819998318}, "14": {"precision_mean": 0.6266821816445877, "precision_std": 0.1080760919863853, "recall_mean": 0.6197663096397273, "recall_std": 0.039677557333224575, "f1-score_mean": 0.5827388872862851, "f1-score_std": 0.06293074365779547, "support_mean": 78.4, "support_std": 0.21908902300206642}, "macro avg": {"precision_mean": 0.4461164891223535, "precision_std": 0.013861910430402644, "recall_mean": 0.4460188527354882, "recall_std": 0.02801808329579732, "f1-score_mean": 0.4277097078535393, "f1-score_std": 0.02284900684770687, "support_mean": 4766.4, "support_std": 0.21908902300206645}, "weighted avg": {"precision_mean": 0.4409726372178836, "precision_std": 0.01807277762074074, "recall_mean": 0.4044160524151873, "recall_std": 0.02492691472344686, "f1-score_mean": 0.4041154442120555, "f1-score_std": 0.024636662803868926, "support_mean": 4766.4, "support_std": 0.21908902300206645}}, "classification_report_test": {"0": {"precision_mean": 0.16971686323484433, "precision_std": 0.01812997290816384, "recall_mean": 0.29217105263157894, "recall_std": 0.07262773582933661, "f1-score_mean": 0.1918213137760413, "f1-score_std": 0.027645849711419684, "support_mean": 95.4, "support_std": 0.21908902300206642}, "1": {"precision_mean": 0.23132401484058113, "precision_std": 0.020511875585469675, "recall_mean": 0.1705907981875218, "recall_std": 0.02319629323424571, "f1-score_mean": 0.1918072586971654, "f1-score_std": 0.020356409555970966, "support_mean": 151.2, "support_std": 0.17888543819998318}, "2": {"precision_mean": 0.1941178687447344, "precision_std": 0.026859638654344584, "recall_mean": 0.22903225806451616, "recall_std": 0.052492504791762554, "f1-score_mean": 0.2016337469300246, "f1-score_std": 0.032492431754200406, "support_mean": 62.0, "support_std": 0.0}, "3": {"precision_mean": 0.17102692650645512, "precision_std": 0.027160829284074404, "recall_mean": 0.1814002089864159, "recall_std": 0.034269439285713715, "f1-score_mean": 0.16405319330831283, "f1-score_std": 0.016555987138622018, "support_mean": 87.2, "support_std": 0.17888543819998318}, "4": {"precision_mean": 0.2281063447230148, "precision_std": 0.050502912589407555, "recall_mean": 0.2786706349206349, "recall_std": 0.06619738696746444, "f1-score_mean": 0.24949450356495947, "f1-score_std": 0.05679798949441507, "support_mean": 63.2, "support_std": 0.17888543819998318}, "5": {"precision_mean": 0.2300454447513271, "precision_std": 0.03217985150704781, "recall_mean": 0.23189655172413795, "recall_std": 0.04850043551023286, "f1-score_mean": 0.22800052339081117, "f1-score_std": 0.04009924254859615, "support_mean": 87.2, "support_std": 0.17888543819998318}, "6": {"precision_mean": 0.0781934731934732, "precision_std": 0.024684491446968212, "recall_mean": 0.09090909090909091, "recall_std": 0.03401506715249038, "f1-score_mean": 0.08286468286468288, "f1-score_std": 0.028552288670675097, "support_mean": 22.0, "support_std": 0.0}, "7": {"precision_mean": 0.44170619463131067, "precision_std": 0.05556754741248479, "recall_mean": 0.3111111111111111, "recall_std": 0.06713597954925588, "f1-score_mean": 0.3491975949114847, "f1-score_std": 0.06907181929896421, "support_mean": 162.0, "support_std": 0.0}, "8": {"precision_mean": 0.11968712045681137, "precision_std": 0.02041766830521313, "recall_mean": 0.10803727431566687, "recall_std": 0.02110097495487339, "f1-score_mean": 0.1127918121531418, "f1-score_std": 0.02073883812006008, "support_mean": 101.8, "support_std": 0.17888543819998318}, "9": {"precision_mean": 0.1389203712927655, "precision_std": 0.01152211597503356, "recall_mean": 0.13079113924050634, "recall_std": 0.021152860767916955, "f1-score_mean": 0.13059116379547245, "f1-score_std": 0.01396301736210189, "support_mean": 79.6, "support_std": 0.21908902300206642}, "10": {"precision_mean": 0.3601327690648079, "precision_std": 0.029894081747206546, "recall_mean": 0.27766323024054984, "recall_std": 0.04128743886490238, "f1-score_mean": 0.30629247227375117, "f1-score_std": 0.03709172144087625,