{"classification_report_train": {"0": {"precision_mean": 0.4586820326728637, "precision_std": 0.10150265831048699, "recall_mean": 0.06499292300504322, "recall_std": 0.018037603963875062, "f1-score_mean": 0.09918775315158218, "f1-score_std": 0.025283742853069127, "support_mean": 381.6, "support_std": 0.21908902300206645}, "1": {"precision_mean": 0.2521879021879022, "precision_std": 0.10484742224065839, "recall_mean": 0.022155875431010892, "recall_std": 0.013975236041256077, "f1-score_mean": 0.03502602404233956, "f1-score_std": 0.02034758021760649, "support_mean": 604.8, "support_std": 0.1788854381999832}, "2": {"precision_mean": 0.22842908392041822, "precision_std": 0.07586261670776931, "recall_mean": 0.1556451612903226, "recall_std": 0.03629211465109294, "f1-score_mean": 0.13864981286865669, "f1-score_std": 0.016410951197519535, "support_mean": 248.0, "support_std": 0.0}, "3": {"precision_mean": 0.18555482000123127, "precision_std": 0.04822531896425512, "recall_mean": 0.36679017224911903, "recall_std": 0.18062138819008744, "f1-score_mean": 0.09655986593630517, "f1-score_std": 0.02280163810696185, "support_mean": 348.8, "support_std": 0.17888543819998318}, "4": {"precision_mean": 0.4323232524579431, "precision_std": 0.11195681133746849, "recall_mean": 0.08386975343497083, "recall_std": 0.010164808834219653, "f1-score_mean": 0.1225896750781369, "f1-score_std": 0.009524460328935442, "support_mean": 252.8, "support_std": 0.17888543819998318}, "5": {"precision_mean": 0.3193897143927585, "precision_std": 0.06251643397517812, "recall_mean": 0.07224253202911438, "recall_std": 0.010788239200948003, "f1-score_mean": 0.11285709614516977, "f1-score_std": 0.015693403040790754, "support_mean": 348.8, "support_std": 0.17888543819998318}, "6": {"precision_mean": 0.663205325140809, "precision_std": 0.12436767112912027, "recall_mean": 0.2568181818181818, "recall_std": 0.01386177334725173, "f1-score_mean": 0.3443027536832357, "f1-score_std": 0.01618585015206193, "support_mean": 88.0, "support_std": 0.0}, "7": {"precision_mean": 0.3579661016949153, "precision_std": 0.16386203654590342, "recall_mean": 0.032407407407407406, "recall_std": 0.018508227593290058, "f1-score_mean": 0.05349095076702439, "f1-score_std": 0.029361772981208085, "support_mean": 648.0, "support_std": 0.0}, "8": {"precision_mean": 0.2826528276610919, "precision_std": 0.16285982471440832, "recall_mean": 0.15526689791395673, "recall_std": 0.12307595933224069, "f1-score_mean": 0.0560066792688953, "f1-score_std": 0.024400846685316814, "support_mean": 407.2, "support_std": 0.17888543819998318}, "9": {"precision_mean": 0.18169489686137347, "precision_std": 0.031538159675597095, "recall_mean": 0.22758423532659058, "recall_std": 0.13478972909778147, "f1-score_mean": 0.1173569482565631, "f1-score_std": 0.00816371525621306, "support_mean": 318.4, "support_std": 0.21908902300206645}, "10": {"precision_mean": 0.5786096256684492, "precision_std": 0.15066751680621018, "recall_mean": 0.05756543974160555, "recall_std": 0.02816200093626479, "f1-score_mean": 0.09826134615709028, "f1-score_std": 0.04636750888170581, "support_mean": 385.6, "support_std": 0.21908902300206645}, "11": {"precision_mean": 0.4590131920452138, "precision_std": 0.15351433903162123, "recall_mean": 0.1518390804597701, "recall_std": 0.03424299788205355, "f1-score_mean": 0.16062097664538058, "f1-score_std": 0.00891466651185621, "support_mean": 144.8, "support_std": 0.17888543819998318}, "12": {"precision_mean": 0.4956005562904922, "precision_std": 0.16828234408718537, "recall_mean": 0.1052930761345634, "recall_std": 0.016926260491705696, "f1-score_mean": 0.1292740174861331, "f1-score_std": 0.010331733316022093, "support_mean": 146.4, "support_std": 0.21908902300206642}, "13": {"precision_mean": 0.20273065890142322, "precision_std": 0.07658338580922197, "recall_mean": 0.19726027397260276, "recall_std": 0.14333350062031927, "f1-score_mean": 0.06847569095683183, "f1-score_std": 0.03123905054134502, "support_mean": 364.8, "support_std": 0.17888543819998318}, "14": {"precision_mean": 0.7578999908808236, "precision_std": 0.11299337572864444, "recall_mean": 0.37228172671210646, "recall_std": 0.02051400166690467, "f1-score_mean": 0.4854391097007996, "f1-score_std": 0.04276386504457671, "support_mean": 78.4, "support_std": 0.21908902300206642}, "macro avg": {"precision_mean": 0.39039599871851394, "precision_std": 0.03488149701043913, "recall_mean": 0.15480084912842437, "recall_std": 0.004287196358419919, "f1-score_mean": 0.14120658000960962, "f1-score_std": 0.009157088755623736, "support_mean": 4766.4, "support_std": 0.21908902300206645}, "weighted avg": {"precision_mean": 0.3416735047215259, "precision_std": 0.0416735946647986, "recall_mean": 0.1240345549523445, "recall_std": 0.0057858344802826246, "f1-score_mean": 0.0977081527666088, "f1-score_std": 0.010319909499100069, "support_mean": 4766.4, "support_std": 0.21908902300206645}}, "classification_report_test": {"0": {"precision_mean": 0.05861635220125786, "precision_std": 0.039257537193438476, "recall_mean": 0.02942982456140351, "recall_std": 0.021962817287008458, "f1-score_mean": 0.03878163878163878, "f1-score_std": 0.028131334725376884, "support_mean": 95.4, "support_std": 0.21908902300206642}, "1": {"precision_mean": 0.021052631578947368, "precision_std": 0.018830046126314014, "recall_mean": 0.005298013245033113, "recall_std": 0.004738687104635315, "f1-score_mean": 0.008465608465608466, "f1-score_std": 0.007571870399999288, "support_mean": 151.2, "support_std": 0.17888543819998318}, "2": {"precision_mean": 0.10953441295546558, "precision_std": 0.0349832265319294, "recall_mean": 0.06774193548387095, "recall_std": 0.01606438657804998, "f1-score_mean": 0.06274359636842505, "f1-score_std": 0.00881429292331048, "support_mean": 62.0, "support_std": 0.0}, "3": {"precision_mean": 0.11311338650665248, "precision_std": 0.03610303676326787, "recall_mean": 0.3539184952978056, "recall_std": 0.17938751679335557, "f1-score_mean": 0.08632262252515417, "f1-score_std": 0.02560868946777917, "support_mean": 87.2, "support_std": 0.17888543819998318}, "4": {"precision_mean": 0.14637681159420288, "precision_std": 0.11688744974727867, "recall_mean": 0.022073412698412696, "recall_std": 0.012316379355489154, "f1-score_mean": 0.03409749670619236, "f1-score_std": 0.020595693033935474, "support_mean": 63.2, "support_std": 0.17888543819998318}, "5": {"precision_mean": 0.07702762923351159, "precision_std": 0.028839563047936286, "recall_mean": 0.03889759665621735, "recall_std": 0.01603146837908027, "f1-score_mean": 0.049698633001385294, "f1-score_std": 0.019481937713337463, "support_mean": 87.2, "support_std": 0.17888543819998318}, "6": {"precision_mean": 0.2704761904761904, "precision_std": 0.1177829973600612, "recall_mean": 0.1, "recall_std": 0.03252462512726967, "f1-score_mean": 0.12451461988304094, "f1-score_std": 0.04097630865265748, "support_mean": 22.0, "support_std": 0.0}, "7": {"precision_mean": 0.19192307692307692, "precision_std": 0.1085138989816021, "recall_mean": 0.0691358024691358, "recall_std": 0.04920957301077772, "f1-score_mean": 0.09730965359592052, "f1-score_std": 0.06587780867713285, "support_mean": 162.0, "support_std": 0.0}, "8": {"precision_mean": 0.04992160278745645, "precision_std": 0.019008654836947154, "recall_mean": 0.15099980586293923, "recall_std": 0.13066703931385368, "f1-score_mean": 0.03814608208715607, "f1-score_std": 0.0265318614112769, "support_mean": 101.8, "support_std": 0.17888543819998318}, "9": {"precision_mean": 0.17840722791956742, "precision_std": 0.05520364519135389, "recall_mean": 0.2153481012658228, "recall_std": 0.13133606813980678, "f1-score_mean": 0.10897739261438075, "f1-score_std": 0.021571619394895408, "support_mean": 79.6, "support_std": 0.21908902300206642}, "10": {"precision_mean": 0.18333333333333332, "precision_std": 0.12995725793078616, "recall_mean": 0.02064003436426117, "recall_std": 0.016232351253513445, "f1-score_mean": 0.0369490915632308,