{"classification_report_train": {"0": {"precision_mean": 0.6880030820121885, "precision_std": 0.011937055087519861, "recall_mean": 0.6955133226147778, "recall_std": 0.009346943082296931, "f1-score_mean": 0.6910692252048537, "f1-score_std": 0.004499816600975733, "support_mean": 381.6, "support_std": 0.21908902300206645}, "1": {"precision_mean": 0.6878141541813632, "precision_std": 0.009580159563783686, "recall_mean": 0.6494641782059001, "recall_std": 0.008251299881332847, "f1-score_mean": 0.6678099925468776, "f1-score_std": 0.006315800516389071, "support_mean": 604.8, "support_std": 0.1788854381999832}, "2": {"precision_mean": 0.7328456266774914, "precision_std": 0.00775448195778166, "recall_mean": 0.7911290322580646, "recall_std": 0.008789952640928205, "f1-score_mean": 0.7604661960010817, "f1-score_std": 0.0024618798667871956, "support_mean": 248.0, "support_std": 0.0}, "3": {"precision_mean": 0.6104325605944927, "precision_std": 0.00723055608502647, "recall_mean": 0.7499983532589006, "recall_std": 0.011705924959232493, "f1-score_mean": 0.6726185851253706, "f1-score_std": 0.004900796179580218, "support_mean": 348.8, "support_std": 0.17888543819998318}, "4": {"precision_mean": 0.8476217153922144, "precision_std": 0.0054557335565401065, "recall_mean": 0.8227931488801055, "recall_std": 0.008727533682044377, "f1-score_mean": 0.8349368733532956, "f1-score_std": 0.006313208528629964, "support_mean": 252.8, "support_std": 0.17888543819998318}, "5": {"precision_mean": 0.7687363964332338, "precision_std": 0.013877170361921183, "recall_mean": 0.780976846820143, "recall_std": 0.008103317762656265, "f1-score_mean": 0.7745326034449538, "f1-score_std": 0.009445182320630616, "support_mean": 348.8, "support_std": 0.17888543819998318}, "6": {"precision_mean": 0.8399532382511106, "precision_std": 0.006417192716937835, "recall_mean": 0.8818181818181818, "recall_std": 0.0094256551606035, "f1-score_mean": 0.8602504835788043, "f1-score_std": 0.0064136358974688275, "support_mean": 88.0, "support_std": 0.0}, "7": {"precision_mean": 0.8304666114670096, "precision_std": 0.010913215190716637, "recall_mean": 0.763888888888889, "recall_std": 0.012748071869174918, "f1-score_mean": 0.79530713121967, "f1-score_std": 0.008130601166801853, "support_mean": 648.0, "support_std": 0.0}, "8": {"precision_mean": 0.6603699361639837, "precision_std": 0.011508136365778857, "recall_mean": 0.6031459266753385, "recall_std": 0.00894564660924796, "f1-score_mean": 0.6301036379724392, "f1-score_std": 0.007528167452976895, "support_mean": 407.2, "support_std": 0.17888543819998318}, "9": {"precision_mean": 0.6936669840210002, "precision_std": 0.009584308778220876, "recall_mean": 0.7361763372173261, "recall_std": 0.0074152334067327606, "f1-score_mean": 0.7138462982772447, "f1-score_std": 0.003211854413345975, "support_mean": 318.4, "support_std": 0.21908902300206645}, "10": {"precision_mean": 0.8561228790155603, "precision_std": 0.009265925473470334, "recall_mean": 0.7634573716439002, "recall_std": 0.01613511621689116, "f1-score_mean": 0.8068958774353263, "f1-score_std": 0.0121951898495601, "support_mean": 385.6, "support_std": 0.21908902300206645}, "11": {"precision_mean": 0.8201269380035978, "precision_std": 0.014805739231744311, "recall_mean": 0.832911877394636, "recall_std": 0.009912700071160354, "f1-score_mean": 0.8256278163085451, "f1-score_std": 0.004048808747951108, "support_mean": 144.8, "support_std": 0.17888543819998318}, "12": {"precision_mean": 0.8376063174842676, "precision_std": 0.009244308006139103, "recall_mean": 0.8606187680551672, "recall_std": 0.008895537388123795, "f1-score_mean": 0.8485082036494399, "f1-score_std": 0.002684741682704428, "support_mean": 146.4, "support_std": 0.21908902300206642}, "13": {"precision_mean": 0.6399519004829697, "precision_std": 0.008705585647818311, "recall_mean": 0.6918786692759294, "recall_std": 0.006058197665532296, "f1-score_mean": 0.6646481536567385, "f1-score_std": 0.004825459413557263, "support_mean": 364.8, "support_std": 0.17888543819998318}, "14": {"precision_mean": 0.9515851125097701, "precision_std": 0.01468775143627151, "recall_mean": 0.9053878610840635, "recall_std": 0.019810149913970038, "f1-score_mean": 0.9276573790848385, "f1-score_std": 0.016113881235442377, "support_mean": 78.4, "support_std": 0.21908902300206642}, "macro avg": {"precision_mean": 0.7643535635126837, "precision_std": 0.002959166716722477, "recall_mean": 0.7686105842727549, "recall_std": 0.003261270562834606, "f1-score_mean": 0.7649518971239653, "f1-score_std": 0.0029989352766214036, "support_mean": 4766.4, "support_std": 0.21908902300206645}, "weighted avg": {"precision_mean": 0.7420743309313529, "precision_std": 0.002837675130531529, "recall_mean": 0.7371177263324465, "recall_std": 0.003050100150465471, "f1-score_mean": 0.7378928919304647, "f1-score_std": 0.003003891873891734, "support_mean": 4766.4, "support_std": 0.21908902300206645}}, "classification_report_test": {"0": {"precision_mean": 0.25881624096179345, "precision_std": 0.02931596986893978, "recall_mean": 0.2787280701754386, "recall_std": 0.044382660146717025, "f1-score_mean": 0.2665955444814897, "f1-score_std": 0.03544165103330766, "support_mean": 95.4, "support_std": 0.21908902300206642}, "1": {"precision_mean": 0.32809664775615854, "precision_std": 0.018699791646290893, "recall_mean": 0.3543307772743116, "recall_std": 0.03357949776714982, "f1-score_mean": 0.3372807809041053, "f1-score_std": 0.021483612149767264, "support_mean": 151.2, "support_std": 0.17888543819998318}, "2": {"precision_mean": 0.2585463219307111, "precision_std": 0.0353047421311488, "recall_mean": 0.2806451612903226, "recall_std": 0.03887063311326985, "f1-score_mean": 0.2680016484006059, "f1-score_std": 0.03615715698107512, "support_mean": 62.0, "support_std": 0.0}, "3": {"precision_mean": 0.21954632382100464, "precision_std": 0.029480043562569273, "recall_mean": 0.31682340647857893, "recall_std": 0.047193371478731205, "f1-score_mean": 0.25898999173960935, "f1-score_std": 0.036121242113528636, "support_mean": 87.2, "support_std": 0.17888543819998318}, "4": {"precision_mean": 0.45116065303418934, "precision_std": 0.04962377516077014, "recall_mean": 0.3831845238095238, "recall_std": 0.05938782416440352, "f1-score_mean": 0.4097695340501793, "f1-score_std": 0.054733289148496594, "support_mean": 63.2, "support_std": 0.17888543819998318}, "5": {"precision_mean": 0.42925376866289017, "precision_std": 0.01907208666672908, "recall_mean": 0.44041274817136883, "recall_std": 0.06110441253778079, "f1-score_mean": 0.4287254460883229, "f1-score_std": 0.037414111075058286, "support_mean": 87.2, "support_std": 0.17888543819998318}, "6": {"precision_mean": 0.06961038961038961, "precision_std": 0.021124973379639422, "recall_mean": 0.045454545454545456, "recall_std": 0.0128564869306645, "f1-score_mean": 0.054456570735640496, "f1-score_std": 0.015844690471369563, "support_mean": 22.0, "support_std": 0.0}, "7": {"precision_mean": 0.5301973124981568, "precision_std": 0.038889735805161044, "recall_mean": 0.5320987654320988, "recall_std": 0.10181106553357322, "f1-score_mean": 0.5176585962687279, "f1-score_std": 0.07242943473380772, "support_mean": 162.0, "support_std": 0.0}, "8": {"precision_mean": 0.19816764217918825, "precision_std": 0.008823787038088544, "recall_mean": 0.2062512133566298, "recall_std": 0.013764068431469208, "f1-score_mean": 0.20149328278259673, "f1-score_std": 0.010079165960167755, "support_mean": 101.8, "support_std": 0.17888543819998318}, "9": {"precision_mean": 0.20813895052276782, "precision_std": 0.0187769796542884, "recall_mean": 0.2339873417721519, "recall_std": 0.0299750670840156, "f1-score_mean": 0.21978449125530086, "f1-score_std": 0.023708790128763837, "support_mean": 79.6, "support_std": 0.21908902300206642}, "10": {"precision_mean": 0.531960378802484, "precision_std": 0.03821093868011079, "recall_mean": 0.4418384879725085, "recall_std": 0.065904660906854, "f1-score_mean": 0.4746737659341097, "f1-score_std": 0.04920749610093068,