{"classification_report_train": {"0": {"precision_mean": 0.28489121716994836, "precision_std": 0.0008511956334717264, "recall_mean": 0.25945225433208285, "recall_std": 0.000983870091773544, "f1-score_mean": 0.271385119584449, "f1-score_std": 0.0008898606894179435, "support_mean": 381.6, "support_std": 0.019595917942265426}, "1": {"precision_mean": 0.2819360576594141, "precision_std": 0.0013371106874957477, "recall_mean": 0.24768923430573042, "recall_std": 0.002055889450648834, "f1-score_mean": 0.2573300456175559, "f1-score_std": 0.000751200070471922, "support_mean": 604.8, "support_std": 0.016000000000000004}, "2": {"precision_mean": 0.20399567025754362, "precision_std": 0.0007756087048566454, "recall_mean": 0.2612903225806451, "recall_std": 0.002300070125158179, "f1-score_mean": 0.22600740070194703, "f1-score_std": 0.001108846971154851, "support_mean": 248.0, "support_std": 0.0}, "3": {"precision_mean": 0.22987710895880714, "precision_std": 0.00045258433788547976, "recall_mean": 0.22534334551921745, "recall_std": 0.0006662787129834718, "f1-score_mean": 0.2269897981300963, "f1-score_std": 0.0003361801161819704, "support_mean": 348.8, "support_std": 0.016}, "4": {"precision_mean": 0.4249328687578175, "precision_std": 0.001498451922163731, "recall_mean": 0.44629211368341803, "recall_std": 0.002518361792428091, "f1-score_mean": 0.43351889028164053, "f1-score_std": 0.0016212246586961802, "support_mean": 252.8, "support_std": 0.016}, "5": {"precision_mean": 0.3971303463647626, "precision_std": 0.002862304472353763, "recall_mean": 0.3893192372295228, "recall_std": 0.0031025296075243925, "f1-score_mean": 0.3833121268109331, "f1-score_std": 0.0012131464839759548, "support_mean": 348.8, "support_std": 0.016}, "6": {"precision_mean": 0.2571153294608221, "precision_std": 0.0022407911892768657, "recall_mean": 0.5318181818181817, "recall_std": 0.0007272727272727266, "f1-score_mean": 0.34266822083511295, "f1-score_std": 0.0022559516093196797, "support_mean": 88.0, "support_std": 0.0}, "7": {"precision_mean": 0.5360416720820685, "precision_std": 0.005034101196354684, "recall_mean": 0.43179012345679013, "recall_std": 0.004193425734085263, "f1-score_mean": 0.45577212936519357, "f1-score_std": 0.0020423451763095027, "support_mean": 648.0, "support_std": 0.0}, "8": {"precision_mean": 0.24317529132279855, "precision_std": 0.0010456272108225627, "recall_mean": 0.17387628269981212, "recall_std": 0.0008297237277625307, "f1-score_mean": 0.20247399073162953, "f1-score_std": 0.0008817892698975585, "support_mean": 407.2, "support_std": 0.016}, "9": {"precision_mean": 0.2717948278949344, "precision_std": 0.0009699490612239097, "recall_mean": 0.31282309102738515, "recall_std": 0.001195698224034425, "f1-score_mean": 0.2893705260346312, "f1-score_std": 0.0006487029962593551, "support_mean": 318.4, "support_std": 0.019595917942265426}, "10": {"precision_mean": 0.4399478889467396, "precision_std": 0.0017814027055987102, "recall_mean": 0.3236552048987282, "recall_std": 0.0023002062692539537, "f1-score_mean": 0.3701522171408653, "f1-score_std": 0.0018463788804675238, "support_mean": 385.6, "support_std": 0.019595917942265426}, "11": {"precision_mean": 0.38341903275994593, "precision_std": 0.002014059415964556, "recall_mean": 0.5454693486590039, "recall_std": 0.0016780330257954036, "f1-score_mean": 0.4493530753091262, "f1-score_std": 0.0018175160699390527, "support_mean": 144.8, "support_std": 0.016}, "12": {"precision_mean": 0.23667015309968814, "precision_std": 0.001977172514456904, "recall_mean": 0.33471251514304357, "recall_std": 0.0011621746046487974, "f1-score_mean": 0.27509826509779123, "f1-score_std": 0.0015256981519543421, "support_mean": 146.4, "support_std": 0.019595917942265423}, "13": {"precision_mean": 0.35096676046087916, "precision_std": 0.0006973331652215244, "recall_mean": 0.3388077675748909, "recall_std": 0.001169734864743984, "f1-score_mean": 0.34463109727196334, "f1-score_std": 0.0009296858659386997, "support_mean": 364.8, "support_std": 0.016}, "14": {"precision_mean": 0.6275533941057301, "precision_std": 0.0020045734246360567, "recall_mean": 0.7831872768581629, "recall_std": 0.0015987671073128967, "f1-score_mean": 0.6962061999467427, "f1-score_std": 0.001734716015736672, "support_mean": 78.4, "support_std": 0.019595917942265423}, "macro avg": {"precision_mean": 0.3446298412867933, "precision_std": 0.00036764344616450694, "recall_mean": 0.3737017533191077, "recall_std": 0.00015214555606040198, "f1-score_mean": 0.3482846068573119, "f1-score_std": 0.00019949069007697384, "support_mean": 4766.4, "support_std": 0.019595917942265426}, "weighted avg": {"precision_mean": 0.3458610956310486, "precision_std": 0.0006676287017407191, "recall_mean": 0.3305633630848396, "recall_std": 0.00045993894261721417, "f1-score_mean": 0.32857910666414697, "f1-score_std": 0.0004776560831093122, "support_mean": 4766.4, "support_std": 0.019595917942265426}}, "classification_report_test": {"0": {"precision_mean": 0.20638727490490635, "precision_std": 0.04001649874141545, "recall_mean": 0.2075219298245614, "recall_std": 0.07073011326687849, "f1-score_mean": 0.20492542137406283, "f1-score_std": 0.05331694841156252, "support_mean": 95.4, "support_std": 0.4898979485566356}, "1": {"precision_mean": 0.1983944044193136, "precision_std": 0.06983269357107581, "recall_mean": 0.16395085395608225, "recall_std": 0.034700619436239824, "f1-score_mean": 0.17414906515821482, "f1-score_std": 0.04039509588847149, "support_mean": 151.2, "support_std": 0.4}, "2": {"precision_mean": 0.12766034418275995, "precision_std": 0.049428184846327085, "recall_mean": 0.17096774193548386, "recall_std": 0.0633770409818984, "f1-score_mean": 0.14511133375296706, "f1-score_std": 0.05534288304647874, "support_mean": 62.0, "support_std": 0.0}, "3": {"precision_mean": 0.13395371566103273, "precision_std": 0.05270691041801992, "recall_mean": 0.13774817136886103, "recall_std": 0.07463311709621301, "f1-score_mean": 0.1350990231698252, "f1-score_std": 0.062414643787621515, "support_mean": 87.2, "support_std": 0.4}, "4": {"precision_mean": 0.2768018342062641, "precision_std": 0.08207745284865614, "recall_mean": 0.278968253968254, "recall_std": 0.10709581565784208, "f1-score_mean": 0.27607320242708855, "f1-score_std": 0.09155693035337738, "support_mean": 63.2, "support_std": 0.4}, "5": {"precision_mean": 0.3324059577242701, "precision_std": 0.09077044365308648, "recall_mean": 0.2936520376175548, "recall_std": 0.04557692002870515, "f1-score_mean": 0.3037238267942012, "f1-score_std": 0.04587186415620402, "support_mean": 87.2, "support_std": 0.4}, "6": {"precision_mean": 0.11553604698765989, "precision_std": 0.056181164533250255, "recall_mean": 0.18181818181818182, "recall_std": 0.08624393618641034, "f1-score_mean": 0.13143915084615893, "f1-score_std": 0.05245453850098241, "support_mean": 22.0, "support_std": 0.0}, "7": {"precision_mean": 0.3995722143542903, "precision_std": 0.10764425187850538, "recall_mean": 0.3802469135802469, "recall_std": 0.23513900586775377, "f1-score_mean": 0.36471035461186424, "f1-score_std": 0.19607457358837269, "support_mean": 162.0, "support_std": 0.0}, "8": {"precision_mean": 0.12323252927526847, "precision_std": 0.03201296764971818, "recall_mean": 0.10219374878664338, "recall_std": 0.0338459689788132, "f1-score_mean": 0.11120069878416472, "f1-score_std": 0.03236102741978882, "support_mean": 101.8, "support_std": 0.4}, "9": {"precision_mean": 0.1385729449830089, "precision_std": 0.029111168958337433, "recall_mean": 0.1556012658227848, "recall_std": 0.0395035842394279, "f1-score_mean": 0.14582829205815845, "f1-score_std": 0.032122490042954435, "support_mean": 79.6, "support_std": 0.4898979485566356}, "10": {"precision_mean": 0.3296136122785476, "precision_std": 0.13202694345217458, "recall_mean": 0.26539948453608253, "recall_std": 0.12068427971965885, "f1-score_mean": 0.292810263755532, "f1-score_std": 0.12676915311924308, "support_mean": 96.4, "support_std": 0.4898979485566356},