{"classification_report_train": {"0": {"precision_mean": 0.4709384033994432, "precision_std": 0.009914460045132086, "recall_mean": 0.32653941817482235, "recall_std": 0.02487369377006612, "f1-score_mean": 0.38214411283055694, "f1-score_std": 0.01759779303620816, "support_mean": 381.6, "support_std": 0.21908902300206645}, "1": {"precision_mean": 0.5983959336750659, "precision_std": 0.013532936746684474, "recall_mean": 0.5191642493569044, "recall_std": 0.01851478900575126, "f1-score_mean": 0.554616838698939, "f1-score_std": 0.010951129125615555, "support_mean": 604.8, "support_std": 0.1788854381999832}, "2": {"precision_mean": 0.5056960074729195, "precision_std": 0.005664470952783865, "recall_mean": 0.5645161290322581, "recall_std": 0.019321207339856355, "f1-score_mean": 0.5324519357392441, "f1-score_std": 0.008368107368334873, "support_mean": 248.0, "support_std": 0.0}, "3": {"precision_mean": 0.41164847209056177, "precision_std": 0.016593857590440696, "recall_mean": 0.45643875769851466, "recall_std": 0.018198853982774058, "f1-score_mean": 0.4301429464643455, "f1-score_std": 0.009202240975671632, "support_mean": 348.8, "support_std": 0.17888543819998318}, "4": {"precision_mean": 0.6621812738085797, "precision_std": 0.021425173080255832, "recall_mean": 0.6978041282389109, "recall_std": 0.012290041387443343, "f1-score_mean": 0.6788975167283257, "f1-score_std": 0.015306995207207776, "support_mean": 252.8, "support_std": 0.17888543819998318}, "5": {"precision_mean": 0.5595302458894502, "precision_std": 0.02212327629334049, "recall_mean": 0.6175509666370254, "recall_std": 0.006503008081766948, "f1-score_mean": 0.5858039044916871, "f1-score_std": 0.012354564684304388, "support_mean": 348.8, "support_std": 0.17888543819998318}, "6": {"precision_mean": 0.5038094124199387, "precision_std": 0.016372281126972282, "recall_mean": 0.7568181818181817, "recall_std": 0.02286322970901689, "f1-score_mean": 0.6036681588559963, "f1-score_std": 0.015092702492608764, "support_mean": 88.0, "support_std": 0.0}, "7": {"precision_mean": 0.7671112696648991, "precision_std": 0.01699299274564639, "recall_mean": 0.7249999999999999, "recall_std": 0.007137575071388765, "f1-score_mean": 0.7448558532849228, "f1-score_std": 0.008267333178627522, "support_mean": 648.0, "support_std": 0.0}, "8": {"precision_mean": 0.5044865317246103, "precision_std": 0.010558415080457377, "recall_mean": 0.47350291467938527, "recall_std": 0.023259804868823453, "f1-score_mean": 0.48563585033482415, "f1-score_std": 0.007036895788814285, "support_mean": 407.2, "support_std": 0.17888543819998318}, "9": {"precision_mean": 0.4291010152104839, "precision_std": 0.01357853408678127, "recall_mean": 0.43408252991857416, "recall_std": 0.018604837623280905, "f1-score_mean": 0.42966121573946553, "f1-score_std": 0.009612749651831736, "support_mean": 318.4, "support_std": 0.21908902300206645}, "10": {"precision_mean": 0.6503053133505576, "precision_std": 0.009570593074044708, "recall_mean": 0.5746531189018236, "recall_std": 0.01795061066959258, "f1-score_mean": 0.6093815032657687, "f1-score_std": 0.011756355707028867, "support_mean": 385.6, "support_std": 0.21908902300206645}, "11": {"precision_mean": 0.5692134205184519, "precision_std": 0.02450962144965461, "recall_mean": 0.668544061302682, "recall_std": 0.014041233446405866, "f1-score_mean": 0.6136139610764022, "f1-score_std": 0.017554652777143274, "support_mean": 144.8, "support_std": 0.17888543819998318}, "12": {"precision_mean": 0.48494710069873764, "precision_std": 0.013125605197035777, "recall_mean": 0.6843723790886218, "recall_std": 0.0180154043740172, "f1-score_mean": 0.5671958179115008, "f1-score_std": 0.01321206347153822, "support_mean": 146.4, "support_std": 0.21908902300206642}, "13": {"precision_mean": 0.47704368380665063, "precision_std": 0.007690892477305386, "recall_mean": 0.46432334788499163, "recall_std": 0.027055089169766785, "f1-score_mean": 0.4690296254168079, "f1-score_std": 0.015379214966171912, "support_mean": 364.8, "support_std": 0.17888543819998318}, "14": {"precision_mean": 0.4927310240994457, "precision_std": 0.024995240283661197, "recall_mean": 0.734664070107108, "recall_std": 0.020283310481791165, "f1-score_mean": 0.5864409707478762, "f1-score_std": 0.01646191622509336, "support_mean": 78.4, "support_std": 0.21908902300206642}, "macro avg": {"precision_mean": 0.539142607188653, "precision_std": 0.00455807412139628, "recall_mean": 0.5798649501893203, "recall_std": 0.0067839741345107965, "f1-score_mean": 0.5515693474391108, "f1-score_std": 0.00557268040729013, "support_mean": 4766.4, "support_std": 0.21908902300206645}, "weighted avg": {"precision_mean": 0.5609001914958195, "precision_std": 0.0042572333622515925, "recall_mean": 0.5544220692671263, "recall_std": 0.004398290190765266, "f1-score_mean": 0.5525279135479795, "f1-score_std": 0.004550263674123448, "support_mean": 4766.4, "support_std": 0.21908902300206645}}, "classification_report_test": {"0": {"precision_mean": 0.19979784903258277, "precision_std": 0.030534133754306778, "recall_mean": 0.13605263157894734, "recall_std": 0.03245380503689405, "f1-score_mean": 0.1589701437365322, "f1-score_std": 0.030974523455279887, "support_mean": 95.4, "support_std": 0.21908902300206642}, "1": {"precision_mean": 0.274064012490242, "precision_std": 0.019095941775363046, "recall_mean": 0.24462356221680026, "recall_std": 0.029256004948083815, "f1-score_mean": 0.25149730157930705, "f1-score_std": 0.01896301784730191, "support_mean": 151.2, "support_std": 0.17888543819998318}, "2": {"precision_mean": 0.1862431243001203, "precision_std": 0.013738324056238442, "recall_mean": 0.2225806451612903, "recall_std": 0.02515301766402313, "f1-score_mean": 0.20213352152504424, "f1-score_std": 0.01806742124860578, "support_mean": 62.0, "support_std": 0.0}, "3": {"precision_mean": 0.2065009518242396, "precision_std": 0.015225624016984058, "recall_mean": 0.22236154649947754, "recall_std": 0.02648675069918584, "f1-score_mean": 0.21338269449043654, "f1-score_std": 0.020511938873740775, "support_mean": 87.2, "support_std": 0.17888543819998318}, "4": {"precision_mean": 0.1976377983514981, "precision_std": 0.0230529468459065, "recall_mean": 0.17410714285714285, "recall_std": 0.012018307715006194, "f1-score_mean": 0.18448113146704725, "f1-score_std": 0.01663495920935599, "support_mean": 63.2, "support_std": 0.17888543819998318}, "5": {"precision_mean": 0.19564217380193114, "precision_std": 0.010088667817680202, "recall_mean": 0.23850574712643677, "recall_std": 0.018711288041493912, "f1-score_mean": 0.21283497170850177, "f1-score_std": 0.010121514708133798, "support_mean": 87.2, "support_std": 0.17888543819998318}, "6": {"precision_mean": 0.019393939393939394, "precision_std": 0.011801853522073292, "recall_mean": 0.01818181818181818, "recall_std": 0.009958591954639384, "f1-score_mean": 0.018083538083538082, "f1-score_std": 0.010215836845156668, "support_mean": 22.0, "support_std": 0.0}, "7": {"precision_mean": 0.45472849622853967, "precision_std": 0.03228500595147298, "recall_mean": 0.47901234567901235, "recall_std": 0.07896603581139489, "f1-score_mean": 0.45931442643994946, "f1-score_std": 0.05509793870851043, "support_mean": 162.0, "support_std": 0.0}, "8": {"precision_mean": 0.14353986352185014, "precision_std": 0.01684101477074287, "recall_mean": 0.1512133566297806, "recall_std": 0.021154979310522678, "f1-score_mean": 0.1461386237467664, "f1-score_std": 0.01818201891259169, "support_mean": 101.8, "support_std": 0.17888543819998318}, "9": {"precision_mean": 0.1873669290687824, "precision_std": 0.021314616184219114, "recall_mean": 0.19594936708860758, "recall_std": 0.016740392667892, "f1-score_mean": 0.19047955799470678, "f1-score_std": 0.01839981958714709, "support_mean": 79.6, "support_std": 0.21908902300206642}, "10": {"precision_mean": 0.3921956494028713, "precision_std": 0.025293078333063095, "recall_mean": 0.3215635738831615, "recall_std": 0.02741944175016292, "f1-score_mean": 0.349128809056879,