{"classification_report_train": {"0": {"precision_mean": 0.49762464043107857, "precision_std": 0.0011780571029042293, "recall_mean": 0.4848071347102554, "recall_std": 0.0007261889926473713, "f1-score_mean": 0.4904534463442009, "f1-score_std": 0.0006642064333602039, "support_mean": 381.6, "support_std": 0.019595917942265426}, "1": {"precision_mean": 0.5324471885572997, "precision_std": 0.0005237611136817208, "recall_mean": 0.5026479119916808, "recall_std": 0.0006600238197099244, "f1-score_mean": 0.5168526645492303, "f1-score_std": 0.00039025151430150957, "support_mean": 604.8, "support_std": 0.016000000000000004}, "2": {"precision_mean": 0.49071702391809485, "precision_std": 0.00198578024302962, "recall_mean": 0.5693548387096774, "recall_std": 0.0016206266693007062, "f1-score_mean": 0.5260136989388748, "f1-score_std": 0.0015959324828063752, "support_mean": 248.0, "support_std": 0.0}, "3": {"precision_mean": 0.43751682684812876, "precision_std": 0.0009207885152257541, "recall_mean": 0.5137667555906861, "recall_std": 0.0020399520550888573, "f1-score_mean": 0.47178127108005385, "f1-score_std": 0.0012007906513946747, "support_mean": 348.8, "support_std": 0.016}, "4": {"precision_mean": 0.6789524038014876, "precision_std": 0.000617323970706033, "recall_mean": 0.6835466465901249, "recall_std": 0.001351666107589992, "f1-score_mean": 0.6808014265421661, "f1-score_std": 0.0007816923916908801, "support_mean": 252.8, "support_std": 0.016}, "5": {"precision_mean": 0.6851084776182325, "precision_std": 0.0015662248217054504, "recall_mean": 0.666867569080789, "recall_std": 0.0005729751012735838, "f1-score_mean": 0.6752973747252813, "f1-score_std": 0.0008800489298952578, "support_mean": 348.8, "support_std": 0.016}, "6": {"precision_mean": 0.42556513192868983, "precision_std": 0.0022406487024788104, "recall_mean": 0.6863636363636363, "recall_std": 0.0023105936412979697, "f1-score_mean": 0.524182282889566, "f1-score_std": 0.0022324395347647647, "support_mean": 88.0, "support_std": 0.0}, "7": {"precision_mean": 0.7231491661289733, "precision_std": 0.0013809499645981796, "recall_mean": 0.6469135802469136, "recall_std": 0.001188267596594169, "f1-score_mean": 0.6828805014050824, "f1-score_std": 0.0012654499796625309, "support_mean": 648.0, "support_std": 0.0}, "8": {"precision_mean": 0.4702479807030232, "precision_std": 0.0007774419209063453, "recall_mean": 0.4366551043021631, "recall_std": 0.0008573882667614389, "f1-score_mean": 0.4524373198118103, "f1-score_std": 0.0006132144178620252, "support_mean": 407.2, "support_std": 0.016}, "9": {"precision_mean": 0.5228719740165306, "precision_std": 0.0010310737989412896, "recall_mean": 0.5282782279529188, "recall_std": 0.0007804270901868598, "f1-score_mean": 0.5251044684428234, "f1-score_std": 0.0006758423658598462, "support_mean": 318.4, "support_std": 0.019595917942265426}, "10": {"precision_mean": 0.7225913147244164, "precision_std": 0.00214501554026742, "recall_mean": 0.6457196689321043, "recall_std": 0.0009881609999943986, "f1-score_mean": 0.6814825638070972, "f1-score_std": 0.0014026604151124924, "support_mean": 385.6, "support_std": 0.019595917942265426}, "11": {"precision_mean": 0.6011029937531953, "precision_std": 0.0005392207168612076, "recall_mean": 0.672691570881226, "recall_std": 0.0016396678743712642, "f1-score_mean": 0.6340254226692459, "f1-score_std": 0.0006993372623394048, "support_mean": 144.8, "support_std": 0.016}, "12": {"precision_mean": 0.5853671083660884, "precision_std": 0.0021678964306516475, "recall_mean": 0.6844562482527257, "recall_std": 0.000998918183531743, "f1-score_mean": 0.6296115291793642, "f1-score_std": 0.001352082052979627, "support_mean": 146.4, "support_std": 0.019595917942265423}, "13": {"precision_mean": 0.5177891309252722, "precision_std": 0.0009202247473132556, "recall_mean": 0.49340508806262234, "recall_std": 0.0008258654615112281, "f1-score_mean": 0.5052080455286795, "f1-score_std": 0.000826097782719402, "support_mean": 364.8, "support_std": 0.016}, "14": {"precision_mean": 0.8777349640147655, "precision_std": 0.002006046742402271, "recall_mean": 0.8340798442064263, "recall_std": 0.0013545893109163953, "f1-score_mean": 0.8551080593105211, "f1-score_std": 0.001580555663001767, "support_mean": 78.4, "support_std": 0.019595917942265423}, "macro avg": {"precision_mean": 0.5845857550490183, "precision_std": 0.0005210660299234569, "recall_mean": 0.6033035883915968, "recall_std": 0.0005095457974795986, "f1-score_mean": 0.5900826716816, "f1-score_std": 0.0005003718952215123, "support_mean": 4766.4, "support_std": 0.019595917942265426}, "weighted avg": {"precision_mean": 0.5811359597218244, "precision_std": 0.0004959431439982043, "recall_mean": 0.5732619022530492, "recall_std": 0.0004353131480134819, "f1-score_mean": 0.5749766496318041, "f1-score_std": 0.0004444943784615085, "support_mean": 4766.4, "support_std": 0.019595917942265426}}, "classification_report_test": {"0": {"precision_mean": 0.28840237111854117, "precision_std": 0.04498722531619467, "recall_mean": 0.3080263157894737, "recall_std": 0.06008297298452599, "f1-score_mean": 0.2966754417463938, "f1-score_std": 0.047473116032119386, "support_mean": 95.4, "support_std": 0.4898979485566356}, "1": {"precision_mean": 0.32154529114426317, "precision_std": 0.013559282699754824, "recall_mean": 0.32135761589403977, "recall_std": 0.05138428477387547, "f1-score_mean": 0.31866540697759427, "f1-score_std": 0.022604114385335723, "support_mean": 151.2, "support_std": 0.4}, "2": {"precision_mean": 0.21939826003972618, "precision_std": 0.07274679783531678, "recall_mean": 0.2838709677419355, "recall_std": 0.11340900536288352, "f1-score_mean": 0.24531211750856136, "f1-score_std": 0.08681941892468013, "support_mean": 62.0, "support_std": 0.0}, "3": {"precision_mean": 0.21116287317985277, "precision_std": 0.05906109856659152, "recall_mean": 0.26159874608150474, "recall_std": 0.08042644752300701, "f1-score_mean": 0.23335477520178394, "f1-score_std": 0.06797021969372648, "support_mean": 87.2, "support_std": 0.4}, "4": {"precision_mean": 0.3912090360619772, "precision_std": 0.09552759202421843, "recall_mean": 0.35798611111111106, "recall_std": 0.11463932185343902, "f1-score_mean": 0.3692785290198647, "f1-score_std": 0.09386739473537564, "support_mean": 63.2, "support_std": 0.4}, "5": {"precision_mean": 0.4228137799182175, "precision_std": 0.1038050586793321, "recall_mean": 0.3944618599791013, "recall_std": 0.1475590616161534, "f1-score_mean": 0.40558930322750353, "f1-score_std": 0.12461431231881115, "support_mean": 87.2, "support_std": 0.4}, "6": {"precision_mean": 0.07540713853599515, "precision_std": 0.01732089808360086, "recall_mean": 0.1, "recall_std": 0.04453617714151233, "f1-score_mean": 0.08222900834543745, "f1-score_std": 0.018649259357776022, "support_mean": 22.0, "support_std": 0.0}, "7": {"precision_mean": 0.5149747625277603, "precision_std": 0.103366638474555, "recall_mean": 0.4839506172839506, "recall_std": 0.21665171767922292, "f1-score_mean": 0.4875597830726514, "f1-score_std": 0.1676715965790567, "support_mean": 162.0, "support_std": 0.0}, "8": {"precision_mean": 0.16580499101264848, "precision_std": 0.038935069507986156, "recall_mean": 0.17491749174917492, "recall_std": 0.03724594265694791, "f1-score_mean": 0.1700415554120231, "f1-score_std": 0.037787431861531266, "support_mean": 101.8, "support_std": 0.4}, "9": {"precision_mean": 0.21664983205794336, "precision_std": 0.04649137741272947, "recall_mean": 0.20360759493670888, "recall_std": 0.0403598766634361, "f1-score_mean": 0.20950885154730678, "f1-score_std": 0.04261743841657661, "support_mean": 79.6, "support_std": 0.4898979485566356}, "10": {"precision_mean": 0.5459566227219341, "precision_std": 0.056168628668644915, "recall_mean": 0.46247852233676967, "recall_std": 0.1436272476533139, "f1-score_mean": 0.48696181228063845, "f1-score_std": 0.08268301826424881, "support_mean": 96.4, "support_std": 0.4898979485566356}, "11": {"precision_mean": 0.26761904761904765,