{"classification_report_train": {"0": {"precision_mean": 0.4877470086381234, "precision_std": 0.0930818982371458, "recall_mean": 0.31501010017726844, "recall_std": 0.028041799238689956, "f1-score_mean": 0.360529239354734, "f1-score_std": 0.022157241987257978, "support_mean": 381.6, "support_std": 0.21908902300206645}, "1": {"precision_mean": 0.4168882614600709, "precision_std": 0.07231081789634818, "recall_mean": 0.17261178917410103, "recall_std": 0.08464564668990777, "f1-score_mean": 0.15788584411591394, "f1-score_std": 0.03285664585004144, "support_mean": 604.8, "support_std": 0.1788854381999832}, "2": {"precision_mean": 0.3745144297732878, "precision_std": 0.013158285412533234, "recall_mean": 0.36935483870967745, "recall_std": 0.031925707203397144, "f1-score_mean": 0.36925555263820475, "f1-score_std": 0.020845183258188283, "support_mean": 248.0, "support_std": 0.0}, "3": {"precision_mean": 0.3716000991691676, "precision_std": 0.0390139938136412, "recall_mean": 0.2752478345354543, "recall_std": 0.02141794998204223, "f1-score_mean": 0.3071381320232063, "f1-score_std": 0.018703683775543847, "support_mean": 348.8, "support_std": 0.17888543819998318}, "4": {"precision_mean": 0.5041208419707405, "precision_std": 0.035230655145370667, "recall_mean": 0.5475468975468976, "recall_std": 0.03155485780215283, "f1-score_mean": 0.5169976971774267, "f1-score_std": 0.017259776419259406, "support_mean": 252.8, "support_std": 0.17888543819998318}, "5": {"precision_mean": 0.2163728164426435, "precision_std": 0.019235471438955907, "recall_mean": 0.2269917333596812, "recall_std": 0.10680558293342815, "f1-score_mean": 0.16146069878517513, "f1-score_std": 0.017603203079961268, "support_mean": 348.8, "support_std": 0.17888543819998318}, "6": {"precision_mean": 0.9013125652612825, "precision_std": 0.02689957241586653, "recall_mean": 0.6636363636363636, "recall_std": 0.03783937343321347, "f1-score_mean": 0.7591203268078986, "f1-score_std": 0.021021344405782454, "support_mean": 88.0, "support_std": 0.0}, "7": {"precision_mean": 0.636972734954098, "precision_std": 0.03126227807570196, "recall_mean": 0.3135802469135803, "recall_std": 0.0240875239415071, "f1-score_mean": 0.4166869528222751, "f1-score_std": 0.02346053909491109, "support_mean": 648.0, "support_std": 0.0}, "8": {"precision_mean": 0.2204983133891548, "precision_std": 0.058380705688281256, "recall_mean": 0.38199523052464224, "recall_std": 0.10909829908220141, "f1-score_mean": 0.17203969784726186, "f1-score_std": 0.018206331363229092, "support_mean": 407.2, "support_std": 0.17888543819998318}, "9": {"precision_mean": 0.8438884458331064, "precision_std": 0.09099866858739698, "recall_mean": 0.27645945466374877, "recall_std": 0.030362778801561553, "f1-score_mean": 0.40479999475741124, "f1-score_std": 0.03584712972409373, "support_mean": 318.4, "support_std": 0.21908902300206645}, "10": {"precision_mean": 0.6065303985151128, "precision_std": 0.022290930236110604, "recall_mean": 0.4413982908283427, "recall_std": 0.01880394705247483, "f1-score_mean": 0.5085374913136758, "f1-score_std": 0.01279913114656637, "support_mean": 385.6, "support_std": 0.21908902300206645}, "11": {"precision_mean": 0.49800372801896103, "precision_std": 0.038819256268931956, "recall_mean": 0.6491858237547893, "recall_std": 0.023556247606103885, "f1-score_mean": 0.5568172107244462, "f1-score_std": 0.021373383233322284, "support_mean": 144.8, "support_std": 0.17888543819998318}, "12": {"precision_mean": 0.48752537751638647, "precision_std": 0.04878967010428632, "recall_mean": 0.3895536296710465, "recall_std": 0.07032671989144451, "f1-score_mean": 0.40557196510917015, "f1-score_std": 0.03697934648068701, "support_mean": 146.4, "support_std": 0.21908902300206642}, "13": {"precision_mean": 0.4574757677449323, "precision_std": 0.0572950807253413, "recall_mean": 0.27369561944904414, "recall_std": 0.09286388453033269, "f1-score_mean": 0.2702343282680364, "f1-score_std": 0.06664889731408476, "support_mean": 364.8, "support_std": 0.17888543819998318}, "14": {"precision_mean": 0.7681670632573622, "precision_std": 0.043157640013792985, "recall_mean": 0.9236611489776048, "recall_std": 0.029479728799289173, "f1-score_mean": 0.8318216474193703, "f1-score_std": 0.01867984228048914, "support_mean": 78.4, "support_std": 0.21908902300206642}, "macro avg": {"precision_mean": 0.5194411901296286, "precision_std": 0.01716923262273605, "recall_mean": 0.4146619334614828, "recall_std": 0.007797042062003907, "f1-score_mean": 0.41325978527761376, "f1-score_std": 0.003354885323773293, "support_mean": 4766.4, "support_std": 0.21908902300206645}, "weighted avg": {"precision_mean": 0.48648983615307095, "precision_std": 0.018791863055000843, "recall_mean": 0.3416415627054125, "recall_std": 0.00315751540816139, "f1-score_mean": 0.3470894861079555, "f1-score_std": 0.00670261692559, "support_mean": 4766.4, "support_std": 0.21908902300206645}}, "classification_report_test": {"0": {"precision_mean": 0.16254913556071582, "precision_std": 0.05845649458224146, "recall_mean": 0.09839912280701753, "recall_std": 0.036818935905909324, "f1-score_mean": 0.11949018193334975, "f1-score_std": 0.043870429958520876, "support_mean": 95.4, "support_std": 0.21908902300206642}, "1": {"precision_mean": 0.11372194087288154, "precision_std": 0.03677025980784605, "recall_mean": 0.11917915650052283, "recall_std": 0.08911252388845992, "f1-score_mean": 0.0757687335160573, "f1-score_std": 0.0397278869109775, "support_mean": 151.2, "support_std": 0.17888543819998318}, "2": {"precision_mean": 0.20059512000099877, "precision_std": 0.0315225538418969, "recall_mean": 0.2, "recall_std": 0.02683436689430377, "f1-score_mean": 0.19879772973594928, "f1-score_std": 0.028146685449431056, "support_mean": 62.0, "support_std": 0.0}, "3": {"precision_mean": 0.13241519692881898, "precision_std": 0.013328295067831382, "recall_mean": 0.10334378265412747, "recall_std": 0.02010097358599351, "f1-score_mean": 0.11060401688341129, "f1-score_std": 0.01218883697161119, "support_mean": 87.2, "support_std": 0.17888543819998318}, "4": {"precision_mean": 0.31766835195202975, "precision_std": 0.06715486580818149, "recall_mean": 0.3012400793650793, "recall_std": 0.058591390783528055, "f1-score_mean": 0.30290662414356706, "f1-score_std": 0.05687714509952036, "support_mean": 63.2, "support_std": 0.17888543819998318}, "5": {"precision_mean": 0.18794216732172936, "precision_std": 0.03275016932644946, "recall_mean": 0.15624346917450366, "recall_std": 0.08358222544747956, "f1-score_mean": 0.10580357775350861, "f1-score_std": 0.01282505460286571, "support_mean": 87.2, "support_std": 0.17888543819998318}, "6": {"precision_mean": 0.2694444444444445, "precision_std": 0.09554909538886085, "recall_mean": 0.10909090909090909, "recall_std": 0.04378761665015379, "f1-score_mean": 0.14556989247311827, "f1-score_std": 0.055935846840194356, "support_mean": 22.0, "support_std": 0.0}, "7": {"precision_mean": 0.4802888043621348, "precision_std": 0.08261590707547593, "recall_mean": 0.2580246913580247, "recall_std": 0.059959850408646646, "f1-score_mean": 0.32542203585814866, "f1-score_std": 0.06424021962290831, "support_mean": 162.0, "support_std": 0.0}, "8": {"precision_mean": 0.0930114014077438, "precision_std": 0.014057886931099602, "recall_mean": 0.30710541642399536, "recall_std": 0.11471480693839142, "f1-score_mean": 0.10493140750447587, "f1-score_std": 0.027600931920281045, "support_mean": 101.8, "support_std": 0.17888543819998318}, "9": {"precision_mean": 0.08154158215010142, "precision_std": 0.04553885802429302, "recall_mean": 0.0225, "recall_std": 0.012449899597988732, "f1-score_mean": 0.03484346921403575, "f1-score_std": 0.019129517803913774, "support_mean": 79.6, "support_std": 0.21908902300206642}, "10": {"precision_mean": 0.4317602253614159, "precision_std": 0.07725121953710676, "recall_mean": 0.28387027491408934, "recall_std": 0.046846487049321005, "f1-score_mean": 0.3404099048546392, "f1-score_std": 0.05774140607376584, "support_mean": 96.4,