{"classification_report_train": {"0": {"precision_mean": 0.9890478532707696, "precision_std": 0.0006301140669219102, "recall_mean": 0.94670595346026, "recall_std": 0.0007968734319541941, "f1-score_mean": 0.9674118007808403, "f1-score_std": 0.0003672089695014942, "support_mean": 13236.0, "support_std": 0.0}, "1": {"precision_mean": 0.9506865247579721, "precision_std": 0.0006866455284339418, "recall_mean": 0.9898957648485067, "recall_std": 0.0005940118785064778, "f1-score_mean": 0.969893442738346, "f1-score_std": 0.0003283092831949663, "support_mean": 13736.8, "support_std": 0.17888543819998315}, "macro avg": {"precision_mean": 0.9698671890143709, "precision_std": 0.0003340173470329667, "recall_mean": 0.9683008591543834, "recall_std": 0.00034973205471731776, "f1-score_mean": 0.968652621759593, "f1-score_std": 0.00034727254200254243, "support_mean": 26972.8, "support_std": 0.17888543819998315}, "weighted avg": {"precision_mean": 0.9695110765558347, "precision_std": 0.00033512950400481313, "recall_mean": 0.9687017950989916, "recall_std": 0.0003462596639018464, "f1-score_mean": 0.9686756591554703, "f1-score_std": 0.0003469171957511479, "support_mean": 26972.8, "support_std": 0.17888543819998315}}, "classification_report_test": {"0": {"precision_mean": 0.9765028619436343, "precision_std": 0.0015444671748705088, "recall_mean": 0.8971290420066484, "recall_std": 0.010720643892160745, "f1-score_mean": 0.9349448780914524, "f1-score_std": 0.0055534225251882875, "support_mean": 3309.0, "support_std": 0.0}, "1": {"precision_mean": 0.9085223306168583, "precision_std": 0.00861069521427333, "recall_mean": 0.9791505782995458, "recall_std": 0.001540666562137018, "f1-score_mean": 0.9423862060926647, "f1-score_std": 0.004266517953664851, "support_mean": 3434.2, "support_std": 0.17888543819998315}, "macro avg": {"precision_mean": 0.9425125962802463, "precision_std": 0.004018843268794353, "recall_mean": 0.9381398101530971, "recall_std": 0.00495366619438289, "f1-score_mean": 0.9386655420920584, "f1-score_std": 0.0049092378189376585, "support_mean": 6743.2, "support_std": 0.17888543819998315}, "weighted avg": {"precision_mean": 0.9418814331899116, "precision_std": 0.004101504536409486, "recall_mean": 0.9389013104227063, "recall_std": 0.004848603229007619, "f1-score_mean": 0.9387346169982074, "f1-score_std": 0.004897322478266331, "support_mean": 6743.2, "support_std": 0.17888543819998315}}, "timing": {"extractor_fit": "0:00:00.063995", "filtered_features": "0:00:00.107023", "model_training_time": "0:00:21.676648"}, "selected_vocabulary": [["houston", "other", "work", "forwarded", "these", "kaminski", "www", "offer", "what", "best", "over", "they", "information", "new", "should", "money", "hou", "meeting", "which", "some", "date", "up", "there", "about", "attached", "may", "like", "so", "original", "ect", "been", "week", "call", "price", "only", "wa", "my", "group", "also", "but", "out", "one", "question", "need", "vince", "get", "email", "time", "do", "now", "sent", "let", "ha", "an", "message", "more", "know", "can", "no", "any", "re", "pm", "thanks", "http", "would", "all", "or", "not", "com", "cc", "here", "am", "our", "by", "me", "it", "subject", "at", "we", "are", "if", "please", "that", "from", "with", "be", "will", "enron", "this", "have", "is", "your", "in", "on", "you", "of", "for", "and", "to", "the"], ["group", "corp", "some", "day", "which", "about", "mail", "see", "they", "company", "week", "hou", "click", "site", "may", "date", "forwarded", "so", "should", "just", "www", "also", "new", "over", "deal", "up", "call", "there", "offer", "ect", "original", "money", "been", "best", "wa", "but", "information", "gas", "price", "only", "sent", "time", "attached", "need", "question", "out", "an", "let", "one", "get", "email", "message", "now", "would", "ha", "do", "re", "know", "can", "any", "more", "pm", "or", "cc", "thanks", "no", "am", "http", "all", "me", "by", "com", "not", "here", "are", "at", "subject", "our", "it", "with", "if", "that", "we", "please", "will", "from", "be", "have", "enron", "this", "in", "is", "of", "on", "your", "and", "for", "you", "to", "the"], ["some", "they", "site", "these", "week", "which", "like", "what", "vince", "about", "group", "new", "day", "information", "www", "may", "deal", "over", "see", "my", "offer", "corp", "also", "up", "date", "should", "so", "best", "but", "money", "been", "there", "call", "wa", "forwarded", "sent", "gas", "hou", "only", "time", "price", "attached", "out", "one", "ect", "email", "question", "do", "an", "need", "message", "get", "now", "ha", "let", "would", "can", "re", "know", "or", "more", "any", "pm", "no", "http", "all", "com", "not", "thanks", "cc", "am", "here", "by", "our", "me", "are", "it", "at", "subject", "we", "with", "that", "if", "from", "will", "please", "be", "have", "enron", "this", "is", "in", "of", "on", "your", "and", "you", "for", "to", "the"], ["what", "meeting", "which", "day", "company", "sent", "free", "kaminski", "some", "best", "like", "over", "about", "click", "see", "group", "corp", "week", "money", "message", "offer", "new", "should", "www", "may", "been", "gas", "so", "up", "call", "there", "information", "my", "also", "but", "wa", "price", "question", "time", "only", "attached", "one", "out", "need", "forwarded", "vince", "do", "now", "get", "an", "let", "hou", "ha", "email", "ect", "can", "know", "would", "any", "re", "more", "or", "pm", "not", "no", "all", "http", "com", "thanks", "here", "it", "am", "our", "me", "by", "cc", "are", "we", "at", "subject", "if", "that", "from", "with", "please", "will", "be", "have", "this", "enron", "is", "in", "your", "of", "you", "and", "on", "for", "to", "the"], ["day", "kaminski", "they", "what", "week", "over", "corp", "like", "new", "see", "about", "just", "deal", "gas", "www", "some", "information", "best", "group", "also", "may", "call", "money", "offer", "up", "original", "been", "should", "so", "click", "price", "forwarded", "there", "my", "wa", "but", "only", "time", "out", "question", "one", "attached", "hou", "sent", "email", "need", "ect", "do", "vince", "now", "get", "message", "an", "ha", "let", "can", "would", "any", "more", "or", "know", "no", "com", "all", "http", "not", "pm", "re", "thanks", "by", "here", "our", "cc", "am", "it", "are", "me", "we", "at", "with", "if", "subject", "that", "please", "will", "from", "be", "this", "have", "enron", "is", "in", "of", "your", "on", "and", "you", "for", "to", "the"]]}