{"classification_report_train": {"0": {"precision_mean": 0.967356339570163, "precision_std": 0.0018081414711288903, "recall_mean": 0.9146116651556362, "recall_std": 0.0014919312733072752, "f1-score_mean": 0.9402350899546557, "f1-score_std": 0.0009334816226299335, "support_mean": 13236.0, "support_std": 0.0}, "1": {"precision_mean": 0.921840914113505, "precision_std": 0.0012149881380739223, "recall_mean": 0.9702405925882209, "recall_std": 0.0017221454717252463, "f1-score_mean": 0.9454143435482069, "f1-score_std": 0.000880598456506891, "support_mean": 13736.8, "support_std": 0.17888543819998315}, "macro avg": {"precision_mean": 0.9445986268418339, "precision_std": 0.0009461094845496322, "recall_mean": 0.9424261288719287, "recall_std": 0.0008991690780206833, "f1-score_mean": 0.9428247167514314, "f1-score_std": 0.0009038869574818198, "support_mean": 26972.8, "support_std": 0.17888543819998315}, "weighted avg": {"precision_mean": 0.9441761190248552, "precision_std": 0.0009375666134847124, "recall_mean": 0.9429425212338632, "recall_std": 0.0009033138594834537, "f1-score_mean": 0.9428727960473022, "f1-score_std": 0.0009033944524093809, "support_mean": 26972.8, "support_std": 0.17888543819998315}}, "classification_report_test": {"0": {"precision_mean": 0.9451805752460501, "precision_std": 0.0032382899988009878, "recall_mean": 0.8608038682381384, "recall_std": 0.017296034492349507, "f1-score_mean": 0.9003932064771248, "f1-score_std": 0.008229278999999536, "support_mean": 3309.0, "support_std": 0.0}, "1": {"precision_mean": 0.8776600322187074, "precision_std": 0.012679319392698186, "recall_mean": 0.9515453394812894, "recall_std": 0.00384772517445378, "f1-score_mean": 0.912719074998089, "f1-score_std": 0.00522176592256571, "support_mean": 3434.2, "support_std": 0.17888543819998315}, "macro avg": {"precision_mean": 0.9114203037323788, "precision_std": 0.004750154368937379, "recall_mean": 0.9061746038597139, "recall_std": 0.006737225243791901, "f1-score_mean": 0.9065561407376069, "f1-score_std": 0.0067241805950445915, "support_mean": 6743.2, "support_std": 0.17888543819998315}, "weighted avg": {"precision_mean": 0.9107926031846748, "precision_std": 0.004898144905161091, "recall_mean": 0.9070181739368923, "recall_std": 0.006539741569889089, "f1-score_mean": 0.9066707419440073, "f1-score_std": 0.006696030169045645, "support_mean": 6743.2, "support_std": 0.17888543819998315}}, "timing": {"extractor_fit": "0:00:00.031801", "filtered_features": "0:00:00.106277", "model_training_time": "0:00:19.409142"}, "selected_vocabulary": [["do", "time", "ha", "message", "more", "know", "pm", "http", "an", "thanks", "cc", "no", "re", "would", "any", "com", "can", "here", "am", "all", "not", "or", "our", "me", "subject", "by", "it", "at", "enron", "are", "if", "please", "we", "that", "will", "from", "with", "be", "have", "this", "your", "is", "on", "in", "you", "of", "for", "and", "to", "the"], ["get", "an", "message", "would", "do", "re", "ha", "know", "pm", "more", "cc", "can", "thanks", "http", "am", "any", "no", "or", "here", "all", "me", "com", "subject", "not", "by", "our", "at", "are", "enron", "it", "if", "please", "that", "with", "we", "will", "from", "be", "have", "this", "in", "is", "your", "on", "of", "and", "you", "for", "to", "the"], ["get", "do", "need", "an", "ha", "would", "pm", "know", "re", "http", "more", "no", "cc", "can", "any", "thanks", "am", "com", "or", "all", "here", "not", "our", "me", "subject", "by", "it", "at", "are", "enron", "we", "if", "that", "will", "with", "please", "from", "be", "have", "this", "is", "in", "your", "on", "of", "you", "and", "for", "to", "the"], ["ect", "do", "get", "ha", "an", "know", "would", "more", "pm", "re", "any", "can", "http", "no", "thanks", "or", "com", "all", "here", "am", "cc", "not", "our", "me", "subject", "by", "it", "are", "we", "at", "if", "that", "from", "enron", "please", "will", "with", "be", "have", "this", "your", "in", "is", "of", "on", "you", "and", "for", "to", "the"], ["let", "get", "message", "ha", "an", "more", "would", "http", "know", "no", "pm", "any", "can", "com", "all", "re", "or", "thanks", "cc", "here", "not", "am", "our", "me", "by", "it", "subject", "at", "are", "enron", "if", "we", "please", "will", "that", "with", "from", "be", "have", "this", "your", "in", "is", "on", "of", "you", "and", "for", "to", "the"]]}