{"classification_report_train": {"0": {"precision_mean": 0.9898440422561314, "precision_std": 0.0007670340624106098, "recall_mean": 0.9613327289211242, "recall_std": 0.0005996335724209351, "f1-score_mean": 0.9753785248961184, "f1-score_std": 0.00040763185112528076, "support_mean": 13236.0, "support_std": 0.0}, "1": {"precision_mean": 0.9637504123173729, "precision_std": 0.0005348007077633158, "recall_mean": 0.9904926663548771, "recall_std": 0.000726171608010173, "f1-score_mean": 0.9769372782213879, "f1-score_std": 0.00038732300782966, "support_mean": 13736.8, "support_std": 0.17888543819998315}, "macro avg": {"precision_mean": 0.9767972272867521, "precision_std": 0.00040913214796545666, "recall_mean": 0.9759126976380006, "recall_std": 0.0003949505520462899, "f1-score_mean": 0.9761579015587533, "f1-score_std": 0.00039728376634301933, "support_mean": 26972.8, "support_std": 0.17888543819998315}, "weighted avg": {"precision_mean": 0.9765549780557613, "precision_std": 0.00040579051513948364, "recall_mean": 0.9761834131328422, "recall_std": 0.0003970511747412892, "f1-score_mean": 0.9761723723665184, "f1-score_std": 0.0003970955959396058, "support_mean": 26972.8, "support_std": 0.17888543819998315}}, "classification_report_test": {"0": {"precision_mean": 0.9838173517496557, "precision_std": 0.0018412268590593517, "recall_mean": 0.9331520096705953, "recall_std": 0.010515174446040642, "f1-score_mean": 0.9576348676132953, "f1-score_std": 0.0052267547385980275, "support_mean": 3309.0, "support_std": 0.0}, "1": {"precision_mean": 0.9391043958872507, "precision_std": 0.008932209175702626, "recall_mean": 0.9851492608803649, "recall_std": 0.0018363780723307825, "f1-score_mean": 0.9614402480306039, "f1-score_std": 0.004310845600652927, "support_mean": 3434.2, "support_std": 0.17888543819998315}, "macro avg": {"precision_mean": 0.9614608738184532, "precision_std": 0.004123410858797429, "recall_mean": 0.9591506352754802, "recall_std": 0.0048381937665267685, "f1-score_mean": 0.9595375578219496, "f1-score_std": 0.004768154926295874, "support_mean": 6743.2, "support_std": 0.17888543819998315}, "weighted avg": {"precision_mean": 0.9610452937677033, "precision_std": 0.004210248407311001, "recall_mean": 0.9596339352140412, "recall_std": 0.004734607822184425, "f1-score_mean": 0.95957293771526, "f1-score_std": 0.004759583237759517, "support_mean": 6743.2, "support_std": 0.17888543819998315}}, "timing": {"extractor_fit": "0:00:00.121065", "filtered_features": "0:00:00.105540", "model_training_time": "0:00:04.669751"}, "selected_vocabulary": [["prediction", "think", "creative", "team", "unsubscribe", "zimin", "oem", "memo", "investing", "counterparties", "oniy", "trading", "meaning", "stationery", "studio", "ken", "origination", "graphic", "august", "mx", "jeffrey", "pain", "vasant", "lunch", "contract", "robert", "michelle", "shipping", "option", "inherent", "resume", "advice", "paso", "man", "commodity", "shouid", "rick", "spreadsheet", "vkamins", "sexual", "advises", "ail", "piease", "smith", "michael", "anticipates", "remove", "re", "serial", "hundred", "attend", "wi", "sent", "dollar", "jim", "interview", "research", "yahoo", "logo", "cheap", "london", "calger", "final", "probably", "foresee", "pharmacy", "would", "online", "subscriber", "men", "ferc", "macromedia", "revised", "herein", "differ", "power", "adobe", "doctor", "biz", "promotional", "software", "brand", "know", "watch", "april", "afternoon", "scott", "richard", "capacity", "spam", "enronxgate", "click", "wiil", "enrononline", "discussed", "here", "bob", "advertisement", "eol", "beck", "derivative", "corel", "photoshop", "mailing", "pipeline", "professional", "life", "gibner", "october", "lavorato", "yesterday", "chris", "summary", "tomorrow", "scheduled", "xp", "me", "date", "dave", "log", "presentation", "cialis", "greg", "drug", "energy", "sex", "employee", "mark", "call", "eb", "edu", "featured", "ancillary", "detected", "tuesday", "save", "issue", "crenshaw", "medication", "david", "stop", "med", "doc", "stinson", "fw", "prescription", "gas", "money", "txt", "steve", "pill", "variance", "fyi", "sally", "thursday", "ena", "monday", "oo", "shirley", "conference", "kevin", "parsing", "discus", "westdesk", "jeff", "thousand", "friday", "http", "wednesday", "group", "php", "mike", "let", "california", "viagra", "hourahead", "comment", "original", "john", "corp", "scheduling", "thanks", "portland", "kitchen", "attached", "question", "am", "subject", "meeting", "schedule", "houston", "louise", "forwarded", "hou", "ect", "kaminski", "vince", "pm", "cc", "enron"], ["proven", "pertaining", "piease", "memo", "inherent", "oniy", "serial", "easy", "act", "country", "graphic", "yourself", "michael", "advises", "pat", "ail", "tom", "brian", "michelle", "doctor", "actuals", "jim", "ken", "sexual", "unsubscribe", "your", "oem", "foresee", "date", "advice", "biz", "studio", "flow", "anticipates", "farmer", "wi", "oniine", "pharmacy", "capacity", "gary", "hello", "afternoon", "sir", "email", "offer", "texas", "herein", "dollar", "spreadsheet", "final", "paso", "smith", "calger", "andmanyother", "shipping", "ferc", "me", "mary", "reply", "website", "employee", "pg", "differ", "scott", "robert", "group", "hundred", "discussed", "call", "promotional", "conference", "man", "deal", "cheap", "volume", "enrononline", "xl", "subscriber", "eb", "wish", "watch", "men", "macromedia", "spam", "creative", "remove", "stationery", "adobe", "brand", "online", "tomorrow", "eol", "photoshop", "beck", "summary", "log", "yesterday", "yahoo", "corel", "counterparty", "advertisement", "mx", "lavorato", "contract", "scheduled", "chris", "wiil", "logo", "energy", "doc", "xp", "greg", "sitara", "drug", "cialis", "enronxgate", "october", "revised", "discus", "site", "nomination", "dave", "issue", "tuesday", "april", "kevin", "pipeline", "medication", "mark", "prescription", "featured", "stop", "click", "med", "ancillary", "nom", "detected", "thursday", "friday", "pill", "sex", "life", "here", "steve", "monday", "professional", "software", "jeff", "david", "mailing", "save", "fw", "wednesday", "bob", "let", "comment", "txt", "original", "mike", "variance", "oo", "sally", "kaminski", "california", "mmbtu", "parsing", "money", "john", "ena", "westdesk", "fyi", "meter", "php", "thousand", "am", "vince", "hourahead", "viagra", "daren", "portland", "thanks", "kitchen", "scheduling", "subject", "question", "corp", "meeting", "http", "gas", "hpl", "schedule", "attached", "houston", "louise", "hou", "ect", "forwarded", "pm", "cc", "enron"], ["generic", "final", "shipping", "investing", "sum", "pg", "wish", "teco", "piease", "lisa", "advice", "edu", "paso", "ken", "sir", "paliourg", "summary", "susan", "lavorato", "wi", "discussed", "advises", "tom", "xanax", "file", "jim", "anticipates", "pain", "oniine", "ail", "chris", "presentation", "hundred", "gary", "country", "smith", "actuals", "serial", "derivative", "yesterday", "sexual", "foresee", "april", "rick", "click", "richard", "offer", "inherent", "pharmacy", "yahoo", "flow", "dollar", "capacity", "subscriber", "scott", "creative", "andmanyother", "november", "man", "enrononline", "watch", "texas", "eol", "herein", "gibner", "michael", "men", "stationery", "graphic", "site", "afternoon", "contract", "oem", "studio", "doctor", "spreadsheet", "brand", "know", "mx", "spam", "logo", "promotional", "dave", "xl", "cheap", "tomorrow", "differ", "date", "tuesday", "deal", "wiil", "scheduled", "robert", "greg", "beck", "original", "counterparty", "macromedia", "professional", "mary", "doc", "energy", "issue", "revised", "online", "crenshaw", "adobe", "advertisement", "farmer", "stinson", "biz", "me", "fw", "corel", "photoshop", "volume", "eb", "conference", "mark", "nomination", "sitara", "group", "david", "employee", "pipeline", "thursday", "log", "shirley", "featured", "here", "kitchen", "xp", "life", "wednesday", "software", "drug", "october", "discus", "monday", "detected", "cialis", "sex", "call", 