{"classification_report_train": {"0": {"precision_mean": 0.986323609329063, "precision_std": 0.0005831294701807905, "recall_mean": 0.9351767905711694, "recall_std": 0.001975004177394319, "f1-score_mean": 0.9600658358366522, "f1-score_std": 0.001253479912594892, "support_mean": 13236.0, "support_std": 0.0}, "1": {"precision_mean": 0.9405251408453725, "precision_std": 0.00172117555253483, "recall_mean": 0.9875080114925409, "recall_std": 0.0005231425755256416, "f1-score_mean": 0.9634413808490626, "f1-score_std": 0.00109190928501352, "support_mean": 13736.8, "support_std": 0.17888543819998315}, "macro avg": {"precision_mean": 0.9634243750872178, "precision_std": 0.001089912259172503, "recall_mean": 0.9613424010318552, "recall_std": 0.0011819807060125924, "f1-score_mean": 0.9617536083428574, "f1-score_std": 0.0011726029970187226, "support_mean": 26972.8, "support_std": 0.17888543819998315}, "weighted avg": {"precision_mean": 0.9629992038203274, "precision_std": 0.0011011288148057678, "recall_mean": 0.9618282197038768, "recall_std": 0.0011677144559496615, "f1-score_mean": 0.9617849455390811, "f1-score_std": 0.0011711003432966541, "support_mean": 26972.8, "support_std": 0.17888543819998315}}, "classification_report_test": {"0": {"precision_mean": 0.9741366150614775, "precision_std": 0.002922446191614458, "recall_mean": 0.8913871260199457, "recall_std": 0.015157038640688389, "f1-score_mean": 0.9304938801133465, "f1-score_std": 0.007443171790742385, "support_mean": 3309.0, "support_std": 0.0}, "1": {"precision_mean": 0.9041741007712032, "precision_std": 0.011886946180763533, "recall_mean": 0.9769956908354592, "recall_std": 0.00298951652159158, "f1-score_mean": 0.9388900818608572, "f1-score_std": 0.005493749823083994, "support_mean": 3434.2, "support_std": 0.17888543819998315}, "macro avg": {"precision_mean": 0.9391553579163403, "precision_std": 0.005023229752323341, "recall_mean": 0.9341914084277023, "recall_std": 0.006523606104168937, "f1-score_mean": 0.9346919809871019, "f1-score_std": 0.006466205481865943, "support_mean": 6743.2, "support_std": 0.17888543819998315}, "weighted avg": {"precision_mean": 0.9385052191267883, "precision_std": 0.005146958745543233, "recall_mean": 0.9349869659656715, "recall_std": 0.006365556762574014, "f1-score_mean": 0.934770024976109, "f1-score_std": 0.00644798826559093, "support_mean": 6743.2, "support_std": 0.17888543819998315}}, "timing": {"extractor_fit": "0:00:05.116310", "filtered_features": "0:00:00.108514", "model_training_time": "0:00:14.092108"}, "selected_vocabulary": [["offer", "future", "could", "so", "asset", "up", "should", "what", "monday", "been", "attached", "act", "option", "site", "friday", "contract", "research", "which", "information", "need", "new", "no", "online", "employee", "now", "their", "share", "there", "risk", "but", "dow", "analyst", "click", "only", "address", "last", "adobe", "were", "www", "product", "about", "management", "california", "message", "issue", "account", "john", "data", "year", "also", "free", "date", "some", "had", "jones", "let", "they", "call", "original", "know", "credit", "question", "sent", "louise", "financial", "within", "software", "gas", "market", "schedule", "billion", "would", "he", "week", "re", "security", "thanks", "money", "am", "here", "group", "deal", "kaminski", "dynegy", "meeting", "subject", "http", "email", "trading", "corp", "houston", "energy", "power", "said", "statement", "de", "pm", "cc", "hou", "vince"], ["term", "hpl", "day", "rating", "do", "employee", "asset", "offer", "management", "up", "mail", "website", "been", "no", "should", "meter", "online", "which", "change", "their", "need", "analyst", "new", "now", "only", "message", "but", "john", "there", "forwarded", "about", "last", "date", "site", "information", "product", "share", "data", "vince", "click", "also", "attached", "california", "some", "call", "year", "dow", "address", "let", "issue", "were", "my", "adobe", "contract", "credit", "had", "www", "original", "know", "they", "account", "sent", "financial", "within", "jones", "free", "group", "schedule", "question", "market", "he", "software", "week", "louise", "security", "meeting", "billion", "re", "would", "thanks", "money", "gas", "am", "here", "houston", "trading", "dynegy", "subject", "http", "statement", "email", "power", "energy", "corp", "de", "said", "deal", "cc", "pm", "hou"], ["friday", "month", "after", "copyright", "business", "risk", "now", "california", "rating", "hpl", "information", "my", "time", "john", "so", "only", "what", "me", "product", "wa", "no", "been", "change", "www", "up", "issue", "last", "attached", "original", "management", "employee", "should", "their", "meter", "which", "day", "analyst", "contract", "message", "need", "share", "there", "account", "but", "were", "new", "within", "adobe", "some", "sent", "forwarded", "dow", "also", "date", "data", "about", "had", "kaminski", "call", "software", "year", "credit", "jones", "let", "security", "they", "financial", "money", "he", "know", "schedule", "question", "week", "market", "billion", "group", "here", "meeting", "email", "re", "http", "would", "thanks", "power", "gas", "trading", "am", "statement", "dynegy", "houston", "subject", "energy", "de", "hou", "vince", "corp", "deal", "said", "pm", "cc"], ["time", "friday", "request", "model", "product", "please", "louise", "now", "year", "like", "development", "california", "more", "daren", "been", "see", "only", "project", "up", "following", "about", "ee", "th", "dbcaps", "what", "ena", "trading", "company", "wa", "www", "team", "new", "investment", "so", "but", "free", "volume", "within", "mmbtu", "database", "day", "original", "schedule", "option", "they", "no", "also", "some", "there", "message", "change", "sent", "date", "john", "risk", "me", "should", "market", "de", "management", "issue", "here", "research", "email", "he", "contract", "week", "money", "hpl", "need", "call", "stock", "http", "meter", "security", "question", "data", "attached", "statement", "let", "gas", "group", "know", "energy", "houston", "forwarded", "power", "re", "hou", "would", "meeting", "corp", "deal", "am", "thanks", "kaminski", "subject", "pm", "cc", "vince"], ["what", "time", "me", "after", "website", "change", "asset", "term", "management", "day", "could", "date", "site", "up", "wa", "offer", "analyst", "meter", "product", "their", "research", "no", "within", "now", "information", "new", "been", "last", "online", "message", "issue", "need", "schedule", "should", "contract", "only", "which", "security", "attached", "there", "address", "but", "john", "were", "about", "share", "account", "forwarded", "call", "also", "adobe", "dow", "year", "had", "credit", "some", "software", "question", "original", "sent", "they", "financial", "www", "jones", "let", "click", "louise", "week", "free", "de", "know", "statement", "billion", "market", "meeting", "money", "he", "would", "group", "here", "re", "houston", "trading", "gas", "email", "am", "thanks", "dynegy", "kaminski", "subject", "http", "power", "corp", "energy", "deal", "hou", "said", "pm", "cc", "vince"]]}