{"classification_report_train": {"0": {"precision_mean": 0.7082170891483714, "precision_std": 0.009322408481892393, "recall_mean": 0.689241462677546, "recall_std": 0.03355586413025504, "f1-score_mean": 0.6955469847184773, "f1-score_std": 0.014918915947752574, "support_mean": 13236.0, "support_std": 0.0}, "1": {"precision_mean": 0.7113492488340663, "precision_std": 0.015886969328042594, "recall_mean": 0.7235162293961499, "recall_std": 0.023118689686099023, "f1-score_mean": 0.7149033133981721, "f1-score_std": 0.005612906258489351, "support_mean": 13736.8, "support_std": 0.17888543819998315}, "macro avg": {"precision_mean": 0.7097831689912188, "precision_std": 0.00636799277624685, "recall_mean": 0.7063788460368479, "recall_std": 0.0072446566768852114, "f1-score_mean": 0.7052251490583247, "f1-score_std": 0.0074094823005373825, "support_mean": 26972.8, "support_std": 0.17888543819998315}, "weighted avg": {"precision_mean": 0.7098121625732596, "precision_std": 0.006490931797489342, "recall_mean": 0.7066972495919387, "recall_std": 0.006874628877122632, "f1-score_mean": 0.7054049108286342, "f1-score_std": 0.007290461532651021, "support_mean": 26972.8, "support_std": 0.17888543819998315}}, "classification_report_test": {"0": {"precision_mean": 0.6613259990864973, "precision_std": 0.009139554905262411, "recall_mean": 0.6145663342399517, "recall_std": 0.05036517290002658, "f1-score_mean": 0.6307546197162855, "f1-score_std": 0.02593324676265861, "support_mean": 3309.0, "support_std": 0.0}, "1": {"precision_mean": 0.658715893363965, "precision_std": 0.02089304166503144, "recall_mean": 0.6936682663899577, "recall_std": 0.03286560559744519, "f1-score_mean": 0.6708010171553447, "f1-score_std": 0.008749604295691767, "support_mean": 3434.2, "support_std": 0.17888543819998315}, "macro avg": {"precision_mean": 0.660020946225231, "precision_std": 0.010152475668232453, "recall_mean": 0.6541173003149547, "recall_std": 0.011403876643579499, "f1-score_mean": 0.6507778184358152, "f1-score_std": 0.012304439137919882, "support_mean": 6743.2, "support_std": 0.17888543819998315}, "weighted avg": {"precision_mean": 0.6599965824796893, "precision_std": 0.010314906845315585, "recall_mean": 0.6548516373642786, "recall_std": 0.010822903948023765, "f1-score_mean": 0.651149495311862, "f1-score_std": 0.012081260264720955, "support_mean": 6743.2, "support_std": 0.17888543819998315}}, "timing": {"extractor_fit": "0:00:00.125728", "filtered_features": "0:00:00.102760", "model_training_time": "0:00:23.361151"}, "selected_vocabulary": [["bulgarian", "mya", "mwis", "mvsn", "seperates", "sewer", "zag", "fido", "nifty", "uan", "fawkes", "selectivity", "nga", "nexus", "fdl", "selfishly", "fedexed", "wouldnt", "nerd", "tyc", "nelly", "fertitta", "fervor", "fey", "ffd", "ffl", "ffm", "needled", "sepa", "seperately", "mustafa", "swagger", "murillo", "mtr", "buoyancy", "flowchart", "bummed", "tucked", "fluor", "wre", "applegate", "wreak", "appeased", "shamed", "shank", "ttu", "fnl", "mro", "mrc", "foaming", "sharjah", "mpe", "fooling", "mse", "tugboat", "floris", "flirted", "flipper", "flooring", "tule", "apologist", "mur", "mui", "essence", "streaming", "mini", "promising", "build", "chicken", "revealed", "compelling", "cloud", "coach", "periodically", "nation", "prior", "creates", "sooner", "terrible", "auditing", "eliminated", "ethic", "discounted", "this", "have", "with", "is", "in", "on", "of", "be", "for", "from", "and", "the", "that", "you", "your", "to", "will"], ["refreshes", "reconstruct", "merrie", "unsupervised", "merritt", "mcc", "clausen", "piggybacking", "trainable", "pto", "bowing", "twix", "aquistion", "newmont", "carranza", "timezone", "transcontinental", "unfulfilled", "transcribed", "southerner", "seperates", "homeboy", "hamid", "retrace", "lastminute", "yoko", "savor", "bday", "baked", "outlandish", "indexing", "fhr", "aspiring", "straighten", "wendi", "nifty", "intersect", "briskly", "lowery", "oxymoron", "straining", "saundra", "metaphorically", "skinned", "poc", "mozambique", "metcalf", "voicestream", "skirted", "sepa", "pml", "prefaced", "vogue", "bym", "telepathy", "alaina", "jxo", "hamstrung", "fringe", "denim", "franchising", "dawg", "famer", "outfitter", "pickling", "lieberman", "strader", "acquistion", "britannia", "painless", "mrc", "pmi", "sale", "connecticut", "void", "par", "common", "palm", "certainty", "funding", "freeze", "boundary", "rig", "likewise", "bar", "officially", "lane", "familiar", "this", "in", "you", "is", "of", "on", "and", "have", "for", "to", "your", "the"], ["puncher", "philosophical", "handhelds", "impulsively", "bax", "tonite", "chopping", "toman", "gwu", "toluene", "racheal", "quiroga", "quintillion", "grossed", "phillies", "quieted", "authoring", "handover", "grs", "quiche", "authorizes", "zhong", "tohttp", "gtn", "gunter", "quarreling", "quickness", "cheking", "averting", "avidly", "voluminous", "hdo", "proffered", "backend", "hdp", "headband", "vox", "headlined", "headliner", "imogene", "backseat", "chengdu", "procedurally", "heave", "cherished", "pronouncement", "chewable", "impeding", "avr", "xyz", "phonecard", "impossibility", "piggybacking", "chino", "piling", "hardie", "impairing", "viruswall", "providence", "protester", "impeached", "haunting", "pitcher", "proofreading", "harmonize", "spend", "error", "opposition", "angie", "airport", "klein", "fulfill", "selling", "divide", "strongest", "expecting", "recognition", "seriously", "strengthen", "montana", "ruling", "surprisingly", "latest", "handed", "cole", "wrap", "blake", "strongly", "is", "in", "you", "of", "this", "on", "and", "for", "to", "the", "your", "have"], ["ifr", "backer", "edm", "refreshes", "jpt", "mbna", "downsized", "cfr", "mro", "quell", "waging", "reformulated", "burgos", "waged", "counselling", "escutia", "fuego", "reformat", "wack", "latimes", "tilley", "latino", "lastname", "stilled", "keener", "overcomes", "plucked", "correspondingly", "banc", "indexing", "delgado", "reestablish", "lowery", "mpe", "plummeting", "ernesto", "fruitfully", "jacuzzi", "tiebreaker", "deleon", "neutrality", "indentified", "correlating", "charted", "grammy", "tided", "ttu", "urea", "asbill", "subversion", "resided", "eroded", "newsome", "nettie", "whereabouts", "quiche", "netins", "jamaican", "incongruous", "generality", "laziness", "quintana", "ieta", "educationally", "tiera", "ballpark", "solitaire", "taco", "deflection", "deformity", "roch", "erreichbar", "corrine", "lovable", "sinectis", "fsu", "corresponds", "shielding", "streaming", "leveraging", "showed", "risky", "casual", "strategy", "xx", "suspend", "attitude", "we", "inspection", "personally", "hereto", "is", "of", "for", "and", "the", "you", "to", "will", "your"], ["cae", "laziness", "consigned", "speared", "inverted", "uniting", "titling", "lcg", "possiblities", "greyish", "laverne", "unjustly", "possibile", "segregating", "tirelessly", "poser", "goup", "consciously", "sparkasse", "mpm", "unfulfilled", "selfishly", "wandered", "wouldnt", "angelfire", "powerpoints", "mozambique", "encircles", "unhoped", "mpe", "angina", "tlm", "selectivity", "calacanis", "leaking", "angra", "goblin", "announcer", "mtpl", "caa", "speediest", "grau", "mullins", "waisting", "timezone", "antibody", "butn", "grassroots", "pone", "tilman", "polytechnic", "tilley", "retake", "continous", "polluting", "antilles", "tine", "ohara", "suzhou", "bve", "speedway", "grasped", "zag", "mui", "unmistakably", "embarassed", "lastminute", "wreak", "mighty", "sends", "chance", "likewise", "excellent", "registration", "duplicate", "example", "receives", "judgment", "roy", "ours", "negative", "employed", "ut", "digit", "sight", "dial", "this", "in", "is", "have", "on", "be", "of", "for", "you", "and", "the", "to", "your", "from"]]}