{"classification_report_train": {"0": {"precision_mean": 0.9944102580619552, "precision_std": 0.0002427592433389991, "recall_mean": 0.9650045330915684, "recall_std": 0.0005031527443521844, "f1-score_mean": 0.9794864075077767, "f1-score_std": 0.0003075107108093798, "support_mean": 13236.0, "support_std": 0.0}, "1": {"precision_mean": 0.9672154642989985, "precision_std": 0.0004580170715936063, "recall_mean": 0.9947731723187092, "recall_std": 0.00022776098671325196, "f1-score_mean": 0.9808005044384529, "f1-score_std": 0.0002819272232860816, "support_mean": 13736.8, "support_std": 0.17888543819998315}, "macro avg": {"precision_mean": 0.9808128611804768, "precision_std": 0.0002834957199529927, "recall_mean": 0.9798888527051387, "recall_std": 0.00029729634824405816, "f1-score_mean": 0.9801434559731149, "f1-score_std": 0.0002946955809216573, "support_mean": 26972.8, "support_std": 0.17888543819998315}, "weighted avg": {"precision_mean": 0.9805604043931068, "precision_std": 0.0002859906776005407, "recall_mean": 0.9801652034598686, "recall_std": 0.0002941732311314455, "f1-score_mean": 0.9801556552169199, "f1-score_std": 0.0002944579782722493, "support_mean": 26972.8, "support_std": 0.17888543819998315}}, "classification_report_test": {"0": {"precision_mean": 0.9856890239779176, "precision_std": 0.001174137348075963, "recall_mean": 0.9314596554850407, "recall_std": 0.005960987643191155, "f1-score_mean": 0.9577527158956846, "f1-score_std": 0.003044127879284244, "support_mean": 3309.0, "support_std": 0.0}, "1": {"precision_mean": 0.9374312893038376, "precision_std": 0.005162297109692081, "recall_mean": 0.9869545320830568, "recall_std": 0.0011035709223967062, "f1-score_mean": 0.9615136843355145, "f1-score_std": 0.0025926519138584916, "support_mean": 3434.2, "support_std": 0.17888543819998315}, "macro avg": {"precision_mean": 0.9615601566408776, "precision_std": 0.002517696624523842, "recall_mean": 0.9592070937840486, "recall_std": 0.002859491679280141, "f1-score_mean": 0.9596332001155995, "f1-score_std": 0.0028179634772190296, "support_mean": 6743.2, "support_std": 0.17888543819998315}, "weighted avg": {"precision_mean": 0.961111994658037, "precision_std": 0.0025644300708649466, "recall_mean": 0.9597224589834298, "recall_std": 0.0028037776796838486, "f1-score_mean": 0.9596681247303891, "f1-score_std": 0.002813767068417951, "support_mean": 6743.2, "support_std": 0.17888543819998315}}, "timing": {"extractor_fit": "0:00:00.033097", "filtered_features": "0:00:00.113684", "model_training_time": "0:00:33.207332"}, "selected_vocabulary": [["wish", "world", "plan", "find", "give", "result", "after", "million", "california", "working", "software", "many", "trading", "available", "process", "hour", "report", "th", "security", "team", "send", "research", "stop", "his", "before", "first", "way", "good", "system", "below", "future", "review", "file", "john", "start", "back", "thank", "address", "monday", "two", "service", "how", "use", "office", "were", "name", "deal", "think", "had", "risk", "net", "management", "through", "help", "today", "product", "friday", "than", "into", "change", "gas", "online", "well", "take", "look", "issue", "them", "go", "last", "corp", "louise", "number", "very", "power", "schedule", "market", "next", "free", "energy", "site", "forward", "want", "contact", "click", "following", "order", "when", "who", "houston", "could", "forwarded", "kaminski", "he", "business", "regard", "mail", "year", "company", "their", "make", "www", "offer", "see", "just", "money", "hou", "meeting", "work", "best", "day", "over", "other", "these", "ect", "they", "attached", "should", "what", "date", "original", "information", "call", "some", "group", "week", "new", "which", "price", "there", "only", "so", "may", "about", "like", "vince", "question", "my", "up", "been", "also", "wa", "email", "out", "one", "but", "now", "let", "sent", "get", "need", "do", "time", "ha", "message", "more", "know", "pm", "http", "an", "thanks", "cc", "no", "re", "would", "any", "com", "can", "here", "am", "all", "not", "or", "our", "me", "subject", "by", "it", "at", "enron", "are", "if", "please", "we", "that", "will", "from", "with", "be", "have", "this", "your", "is", "on", "in", "you", "of", "for", "and", "to", "the"], ["team", "receive", "customer", "final", "don", "state", "most", "right", "website", "world", "california", "office", "wish", "good", "two", "look", "very", "first", "hour", "stop", "made", "management", "john", "within", "think", "below", "life", "result", "after", "monday", "save", "million", "report", "many", "before", "help", "friday", "contract", "regard", "forward", "system", "list", "start", "back", "send", "market", "well", "software", "had", "how", "security", "future", "contact", "service", "were", "next", "month", "power", "last", "way", "schedule", "houston", "today", "issue", "he", "them", "who", "could", "name", "number", "address", "through", "product", "use", "year", "energy", "net", "than", "meeting", "online", "work", "into", "take", "louise", "when", "go", "following", "file", "change", "free", "their", "corp", "other", "order", "group", "hou", "want", "click", "make", "site", "forwarded", "business", "mail", "what", "my", "some", "company", "date", "ect", "www", "like", "week", "these", "offer", "money", "about", "original", "they", "day", "deal", "call", "see", "which", "just", "over", "best", "should", "gas", "so", "may", "also", "there", "new", "information", "up", "price", "attached", "only", "been", "wa", "but", "question", "sent", "let", "out", "email", "time", "one", "need", "now", "get", "an", "message", "would", "do", "re", "ha", "know", "pm", "more", "cc", "can", "thanks", "http", "am", "any", "no", "or", "here", "all", "me", "com", "subject", "not", "by", "our", "at", "are", "enron", "it", "if", "please", "that", "with", "we", "will", "from", "be", "have", "this", "in", "is", "your", "on", "of", "and", "you", "for", "to", "the"], ["wish", "process", "each", "available", "list", "account", "without", "volume", "within", "life", "power", "made", "most", "good", "risk", "review", "world", "contract", "million", "after", "monday", "two", "management", "send", "first", "before", "office", "regard", "many", "result", "kaminski", "very", "save", "hour", "think", "stop", "market", "how", "below", "had", "were", "way", "net", "system", "security", "back", "thank", "th", "future", "start", "issue", "friday", "last", "software", "today", "service", "address", "well", "use", "name", "look", "next", "month", "them", "product", "help", "he", "than", "through", "who", "forward", "could", "year", "energy", "free", "contact", "houston", "into", "go", "schedule", "take", "number", "meeting", "online", "click", "change", "when", "want", "their", "file", "following", "original", "make", "work", "other", "site", "business", "order", "vince", "mail", "company", "group", "week", "www", "just", "corp", "some", "offer", "they", "deal", "money", "these", "over", "forwarded", "what", "which", "date", "like", "best", "call", "information", "about", "hou", "gas", "see", "my", "may", "day", "should", "also", "new", "attached", "sent", "so", "ect", "there", "only", "price", "up", "but", "been", "email", "wa", "question", "out", "one", "time", "now", "let", "message", "get", "do", "need", "an", "ha", "would", "pm", "know", "re", "http", "more", "no", "cc", "can", "any", "thanks", "am", "com", "or", "all", "here", "not", "our", "me", "subject", "by", "it", "at", "are", "enron", "we", "if", "that", "will", "with", "please", "from", "be", "have", "this", "is", "in", "your", "on", "of", "you", "and", "for", "to", "the"], ["give", "act", "report", "his", "process", "visit", "contract", "software", "without", "good", "first", "after", "team", "made", "result", "within", "state", "dollar", "power", "research", "receive", "don", "world", "way", "two", "office", "how", "below", "most", "system", "friday", "risk", "million", "were", "back", "think", "wish", "security", "file", "had", 