{"classification_report_train": {"0": {"precision_mean": 0.9853470872126792, "precision_std": 0.0004896322979509256, "recall_mean": 0.9427470534904806, "recall_std": 0.0010806562397205576, "f1-score_mean": 0.9635736896039827, "f1-score_std": 0.0004494843531897832, "support_mean": 13236.0, "support_std": 0.0}, "1": {"precision_mean": 0.947046329511888, "precision_std": 0.0009301430490362814, "recall_mean": 0.9864888375005814, "recall_std": 0.00046713705993228516, "f1-score_mean": 0.9663631193094153, "f1-score_std": 0.0003787729176048228, "support_mean": 13736.8, "support_std": 0.17888543819998315}, "macro avg": {"precision_mean": 0.9661967083622838, "precision_std": 0.00036347647462798595, "recall_mean": 0.9646179454955309, "recall_std": 0.0004219709095735769, "f1-score_mean": 0.9649684044566991, "f1-score_std": 0.0004137988953921828, "support_mean": 26972.8, "support_std": 0.17888543819998315}, "weighted avg": {"precision_mean": 0.9658411436425958, "precision_std": 0.0003715470836321462, "recall_mean": 0.9650240215553489, "recall_std": 0.00041163146300909556, "f1-score_mean": 0.9649942999216385, "f1-score_std": 0.00041314353433620976, "support_mean": 26972.8, "support_std": 0.17888543819998315}}, "classification_report_test": {"0": {"precision_mean": 0.976129176213562, "precision_std": 0.0017911024261686895, "recall_mean": 0.9159867029313992, "recall_std": 0.008546397186016625, "f1-score_mean": 0.9449615758957057, "f1-score_std": 0.003841910659219851, "support_mean": 3309.0, "support_std": 0.0}, "1": {"precision_mean": 0.9239118537705991, "precision_std": 0.007121347286141283, "recall_mean": 0.9783354061067551, "recall_std": 0.0018578424088272242, "f1-score_mean": 0.950240387035126, "f1-score_std": 0.0030218355521323243, "support_mean": 3434.2, "support_std": 0.17888543819998315}, "macro avg": {"precision_mean": 0.9500205149920806, "precision_std": 0.00284786681953015, "recall_mean": 0.9471610545190771, "recall_std": 0.0034927094271267455, "f1-score_mean": 0.9476009814654158, "f1-score_std": 0.0034312751043083355, "support_mean": 6743.2, "support_std": 0.17888543819998315}, "weighted avg": {"precision_mean": 0.9495355356046999, "precision_std": 0.002925617104910725, "recall_mean": 0.9477401282011361, "recall_std": 0.0034000098108912385, "f1-score_mean": 0.9476500087529086, "f1-score_std": 0.0034236370465154002, "support_mean": 6743.2, "support_std": 0.17888543819998315}}, "timing": {"extractor_fit": "0:01:21.738312", "filtered_features": "0:00:00.027271", "model_training_time": "0:00:07.294835"}, "selected_vocabulary": [["free", "only", "mobile", "net", "on", "risk", "let", "remove", "doc", "know", "this", "money", "call", "kaminski", "mail", "product", "site", "friday", "for", "email", "account", "gas", "now", "california", "group", "monday", "not", "energy", "pm", "online", "software", "meeting", "question", "you", "the", "houston", "here", "will", "com", "schedule", "our", "attached", "please", "http", "louise", "thanks", "no", "your", "vince", "enron"], ["am", "friday", "meter", "monday", "hpl", "hello", "more", "deal", "best", "message", "mobile", "daren", "email", "doc", "would", "houston", "any", "life", "at", "account", "site", "let", "question", "on", "vince", "meeting", "energy", "now", "is", "you", "money", "will", "our", "software", "online", "not", "gas", "pm", "com", "schedule", "http", "here", "the", "please", "no", "thanks", "louise", "attached", "your", "enron"], ["meter", "more", "best", "change", "for", "med", "money", "sally", "now", "hpl", "energy", "offer", "monday", "at", "doc", "deal", "account", "email", "hello", "contract", "daren", "on", "meeting", "if", "let", "houston", "cc", "com", "have", "online", "not", "louise", "question", "software", "pm", "our", "gas", "here", "will", "please", "the", "schedule", "http", "you", "attached", "no", "vince", "thanks", "your", "enron"], ["monday", "contract", "know", "friday", "meter", "quality", "more", "offer", "best", "cc", "texas", "get", "mobile", "not", "kaminski", "call", "remove", "email", "houston", "daren", "money", "louise", "com", "is", "file", "doc", "let", "question", "pm", "schedule", "software", "meeting", "gas", "online", "our", "for", "please", "at", "on", "will", "you", "the", "here", "attached", "no", "http", "thanks", "your", "vince", "enron"], ["friday", "an", "account", "number", "is", "contract", "click", "more", "meter", "will", "may", "now", "hello", "site", "life", "you", "energy", "cc", "deal", "let", "am", "remove", "kaminski", "doc", "daren", "meeting", "know", "not", "question", "schedule", "online", "money", "pm", "for", "gas", "software", "our", "at", "com", "please", "the", "http", "here", "no", "thanks", "louise", "attached", "your", "vince", "enron"]]}