{"classification_report_train": {"0": {"precision_mean": 0.9652240484674174, "precision_std": 0.0032875755747731696, "recall_mean": 0.915880930794802, "recall_std": 0.0017157483777453003, "f1-score_mean": 0.939891162398531, "f1-score_std": 0.0019857819327086345, "support_mean": 13236.0, "support_std": 0.0}, "1": {"precision_mean": 0.9227529255310148, "precision_std": 0.0015163883524590188, "recall_mean": 0.9681583475395957, "recall_std": 0.0031201511968986365, "f1-score_mean": 0.9448995019119877, "f1-score_std": 0.0019249844200803813, "support_mean": 13736.8, "support_std": 0.17888543819998315}, "macro avg": {"precision_mean": 0.9439884869992161, "precision_std": 0.0020563237338443816, "recall_mean": 0.942019639167199, "recall_std": 0.0019378988218132379, "f1-score_mean": 0.9423953321552594, "f1-score_std": 0.0019536230273181263, "support_mean": 26972.8, "support_std": 0.17888543819998315}, "weighted avg": {"precision_mean": 0.9435941627936751, "precision_std": 0.0020371522486595656, "recall_mean": 0.9425050016373804, "recall_std": 0.0019544117903438464, "f1-score_mean": 0.9424418280563482, "f1-score_std": 0.0019530678920604927, "support_mean": 26972.8, "support_std": 0.17888543819998315}}, "classification_report_test": {"0": {"precision_mean": 0.956667777488383, "precision_std": 0.00346251027541622, "recall_mean": 0.8844363856149894, "recall_std": 0.020667291971864916, "f1-score_mean": 0.9184775709930217, "f1-score_std": 0.011402882240806692, "support_mean": 3309.0, "support_std": 0.0}, "1": {"precision_mean": 0.8977809539180246, "precision_std": 0.016165175751021218, "recall_mean": 0.9613301864478767, "recall_std": 0.0033903276551668147, "f1-score_mean": 0.9280265873925171, "f1-score_std": 0.00836721590215253, "support_mean": 3434.2, "support_std": 0.17888543819998315}, "macro avg": {"precision_mean": 0.9272243657032038, "precision_std": 0.008204215650082267, "recall_mean": 0.9228832860314331, "recall_std": 0.009916496546762165, "f1-score_mean": 0.9232520791927694, "f1-score_std": 0.009882454485825965, "support_mean": 6743.2, "support_std": 0.17888543819998315}, "weighted avg": {"precision_mean": 0.926676865321444, "precision_std": 0.00834666641954013, "recall_mean": 0.9235982827585005, "recall_std": 0.00972058434306207, "f1-score_mean": 0.9233409108928983, "f1-score_std": 0.00985404657381912, "support_mean": 6743.2, "support_std": 0.17888543819998315}}, "timing": {"extractor_fit": "0:00:00.124122", "filtered_features": "0:00:00.104706", "model_training_time": "0:00:03.080764"}, "selected_vocabulary": [["pill", "variance", "fyi", "sally", "thursday", "ena", "monday", "oo", "shirley", "conference", "kevin", "parsing", "discus", "westdesk", "jeff", "thousand", "friday", "http", "wednesday", "group", "php", "mike", "let", "california", "viagra", "hourahead", "comment", "original", "john", "corp", "scheduling", "thanks", "portland", "kitchen", "attached", "question", "am", "subject", "meeting", "schedule", "houston", "louise", "forwarded", "hou", "ect", "kaminski", "vince", "pm", "cc", "enron"], ["save", "fw", "wednesday", "bob", "let", "comment", "txt", "original", "mike", "variance", "oo", "sally", "kaminski", "california", "mmbtu", "parsing", "money", "john", "ena", "westdesk", "fyi", "meter", "php", "thousand", "am", "vince", "hourahead", "viagra", "daren", "portland", "thanks", "kitchen", "scheduling", "subject", "question", "corp", "meeting", "http", "gas", "hpl", "schedule", "attached", "houston", "louise", "hou", "ect", "forwarded", "pm", "cc", "enron"], ["steve", "john", "oo", "pill", "medication", "txt", "med", "california", "bob", "mike", "sally", "ena", "prescription", "variance", "thousand", "comment", "parsing", "fyi", "mmbtu", "westdesk", "php", "meter", "money", "hourahead", "http", "let", "viagra", "portland", "am", "scheduling", "louise", "daren", "meeting", "attached", "thanks", "question", "corp", "gas", "hpl", "subject", "houston", "schedule", "kaminski", "vince", "hou", "forwarded", "ect", "pm", "cc", "enron"], ["here", "medication", "kevin", "mailing", "stinson", "bob", "doc", "med", "sally", "dollar", "steve", "drug", "mike", "featured", "shirley", "pill", "ena", "mmbtu", "oo", "viagra", "prescription", "let", "meter", "stop", "php", "fyi", "louise", "money", "question", "schedule", "thousand", "gas", "http", "daren", "thanks", "corp", "meeting", "hpl", "am", "subject", "attached", "houston", "kaminski", "vince", "forwarded", "hou", "ect", "pm", "cc", "enron"], ["kevin", "mmbtu", "pill", "sex", "mike", "thousand", "thursday", "med", "portland", "php", "prescription", "david", "ena", "save", "original", "monday", "shirley", "wednesday", "money", "friday", "scheduling", "meter", "fyi", "john", "let", "http", "question", "click", "viagra", "kitchen", "daren", "schedule", "meeting", "hpl", "gas", "corp", "am", "houston", "thanks", "attached", "subject", "louise", "kaminski", "forwarded", "hou", "ect", "vince", "pm", "cc", "enron"]]}