{"classification_report_train": {"0": {"precision_mean": 0.9661510419693128, "precision_std": 0.0018305800379462965, "recall_mean": 0.8704744635841642, "recall_std": 0.011872135181667864, "f1-score_mean": 0.9156538231182791, "f1-score_std": 0.007245164610057369, "support_mean": 13236.0, "support_std": 0.0}, "1": {"precision_mean": 0.886524971049593, "precision_std": 0.00942481174449163, "recall_mean": 0.9706918669205924, "recall_std": 0.001359323569633473, "f1-score_mean": 0.9265940915230162, "f1-score_std": 0.005606337573960461, "support_mean": 13736.8, "support_std": 0.17888543819998315}, "macro avg": {"precision_mean": 0.9263380065094529, "precision_std": 0.005502527274274118, "recall_mean": 0.9205831652523783, "recall_std": 0.0064444936631610165, "f1-score_mean": 0.9211239573206477, "f1-score_std": 0.006424953390173904, "support_mean": 26972.8, "support_std": 0.17888543819998315}, "weighted avg": {"precision_mean": 0.9255987328398472, "precision_std": 0.005574770109572641, "recall_mean": 0.921513622036249, "recall_std": 0.006344175481197841, "f1-score_mean": 0.9212255344250988, "f1-score_std": 0.00640972115323612, "support_mean": 26972.8, "support_std": 0.17888543819998315}}, "classification_report_test": {"0": {"precision_mean": 0.9485485485004098, "precision_std": 0.002267787288583685, "recall_mean": 0.8046539740102749, "recall_std": 0.03174995226381812, "f1-score_mean": 0.8690034206002046, "f1-score_std": 0.018907145619821205, "support_mean": 3309.0, "support_std": 0.0}, "1": {"precision_mean": 0.8388429845900938, "precision_std": 0.0218845058342986, "recall_mean": 0.9579518963969347, "recall_std": 0.002456551737342851, "f1-score_mean": 0.8935903694982222, "f1-score_std": 0.011914229811072121, "support_mean": 3434.2, "support_std": 0.17888543819998315}, "macro avg": {"precision_mean": 0.8936957665452516, "precision_std": 0.011105640958826749, "recall_mean": 0.881302935203605, "recall_std": 0.015152941049104756, "f1-score_mean": 0.8812968950492133, "f1-score_std": 0.015405729415533212, "support_mean": 6743.2, "support_std": 0.17888543819998315}, "weighted avg": {"precision_mean": 0.892676471543681, "precision_std": 0.01130450485241474, "recall_mean": 0.8827273272629812, "recall_std": 0.014844898564867435, "f1-score_mean": 0.8815253998688813, "f1-score_std": 0.015340608098602623, "support_mean": 6743.2, "support_std": 0.17888543819998315}}, "timing": {"extractor_fit": "0:00:05.089698", "filtered_features": "0:00:00.104325", "model_training_time": "0:00:07.341959"}, "selected_vocabulary": [["free", "date", "some", "had", "jones", "let", "they", "call", "original", "know", "credit", "question", "sent", "louise", "financial", "within", "software", "gas", "market", "schedule", "billion", "would", "he", "week", "re", "security", "thanks", "money", "am", "here", "group", "deal", "kaminski", "dynegy", "meeting", "subject", "http", "email", "trading", "corp", "houston", "energy", "power", "said", "statement", "de", "pm", "cc", "hou", "vince"], ["were", "my", "adobe", "contract", "credit", "had", "www", "original", "know", "they", "account", "sent", "financial", "within", "jones", "free", "group", "schedule", "question", "market", "he", "software", "week", "louise", "security", "meeting", "billion", "re", "would", "thanks", "money", "gas", "am", "here", "houston", "trading", "dynegy", "subject", "http", "statement", "email", "power", "energy", "corp", "de", "said", "deal", "cc", "pm", "hou"], ["forwarded", "dow", "also", "date", "data", "about", "had", "kaminski", "call", "software", "year", "credit", "jones", "let", "security", "they", "financial", "money", "he", "know", "schedule", "question", "week", "market", "billion", "group", "here", "meeting", "email", "re", "http", "would", "thanks", "power", "gas", "trading", "am", "statement", "dynegy", "houston", "subject", "energy", "de", "hou", "vince", "corp", "deal", "said", "pm", "cc"], ["change", "sent", "date", "john", "risk", "me", "should", "market", "de", "management", "issue", "here", "research", "email", "he", "contract", "week", "money", "hpl", "need", "call", "stock", "http", "meter", "security", "question", "data", "attached", "statement", "let", "gas", "group", "know", "energy", "houston", "forwarded", "power", "re", "hou", "would", "meeting", "corp", "deal", "am", "thanks", "kaminski", "subject", "pm", "cc", "vince"], ["adobe", "dow", "year", "had", "credit", "some", "software", "question", "original", "sent", "they", "financial", "www", "jones", "let", "click", "louise", "week", "free", "de", "know", "statement", "billion", "market", "meeting", "money", "he", "would", "group", "here", "re", "houston", "trading", "gas", "email", "am", "thanks", "dynegy", "kaminski", "subject", "http", "power", "corp", "energy", "deal", "hou", "said", "pm", "cc", "vince"]]}