{"classification_report_train": {"0": {"precision_mean": 0.992149724599342, "precision_std": 0.00046557803263089643, "recall_mean": 0.9568751888788153, "recall_std": 0.0010242513460674814, "f1-score_mean": 0.974192578736545, "f1-score_std": 0.0007252879417034442, "support_mean": 13236.0, "support_std": 0.0}, "1": {"precision_mean": 0.95982660687125, "precision_std": 0.0009291671966077046, "recall_mean": 0.9927057080154015, "recall_std": 0.00043019153813579576, "f1-score_mean": 0.9759887887135958, "f1-score_std": 0.0006607599032064523, "support_mean": 13736.8, "support_std": 0.17888543819998315}, "macro avg": {"precision_mean": 0.975988165735296, "precision_std": 0.0006688932279777718, "recall_mean": 0.9747904484471086, "recall_std": 0.0006972897112026277, "f1-score_mean": 0.9750906837250704, "f1-score_std": 0.000693004262261683, "support_mean": 26972.8, "support_std": 0.17888543819998315}, "weighted avg": {"precision_mean": 0.9756880939330275, "precision_std": 0.0006733607149754804, "recall_mean": 0.9751230806333216, "recall_std": 0.0006915761457190075, "f1-score_mean": 0.9751073585565353, "f1-score_std": 0.000692406624475355, "support_mean": 26972.8, "support_std": 0.17888543819998315}}, "classification_report_test": {"0": {"precision_mean": 0.9824349800668672, "precision_std": 0.0018348258767279621, "recall_mean": 0.9169537624660018, "recall_std": 0.013125740391194619, "f1-score_mean": 0.9482721071728142, "f1-score_std": 0.006474205231367339, "support_mean": 3309.0, "support_std": 0.0}, "1": {"precision_mean": 0.9255207624855698, "precision_std": 0.010823468785640455, "recall_mean": 0.9841008698866289, "recall_std": 0.0018651028362688565, "f1-score_mean": 0.9537040715141168, "f1-score_std": 0.005128519729396736, "support_mean": 3434.2, "support_std": 0.17888543819998315}, "macro avg": {"precision_mean": 0.9539778712762186, "precision_std": 0.004795737219200676, "recall_mean": 0.9505273161763153, "recall_std": 0.0058767692754756375, "f1-score_mean": 0.9509880893434655, "f1-score_std": 0.005800533555306251, "support_mean": 6743.2, "support_std": 0.17888543819998315}, "weighted avg": {"precision_mean": 0.9534489185200773, "precision_std": 0.004906763838785654, "recall_mean": 0.951151398339546, "recall_std": 0.005742481604221923, "f1-score_mean": 0.9510385917554535, "f1-score_std": 0.005787948551726178, "support_mean": 6743.2, "support_std": 0.17888543819998315}}, "timing": {"extractor_fit": "0:00:05.087699", "filtered_features": "0:00:00.109187", "model_training_time": "0:00:29.255241"}, "selected_vocabulary": [["next", "program", "please", "inc", "international", "go", "his", "see", "well", "kitchen", "off", "update", "process", "tuesday", "office", "price", "down", "dbcaps", "model", "back", "thursday", "one", "review", "claim", "value", "may", "oo", "comment", "more", "ee", "cost", "just", "into", "month", "chief", "stock", "best", "advice", "following", "out", "them", "home", "these", "debt", "net", "development", "executive", "database", "request", "partnership", "percent", "name", "wednesday", "investor", "david", "right", "over", "transaction", "work", "york", "pill", "team", "trader", "think", "order", "number", "get", "website", "mark", "million", "do", "investment", "conference", "wa", "report", "when", "operation", "save", "time", "like", "mail", "service", "me", "professional", "than", "plan", "copyright", "change", "project", "day", "business", "other", "two", "looking", "who", "my", "rating", "after", "term", "forwarded", "offer", "future", "could", "so", "asset", "up", "should", "what", "monday", "been", "attached", "act", "option", "site", "friday", "contract", "research", "which", "information", "need", "new", "no", "online", "employee", "now", "their", "share", "there", "risk", "but", "dow", "analyst", "click", "only", "address", "last", "adobe", "were", "www", "product", "about", "management", "california", "message", "issue", "account", "john", "data", "year", "also", "free", "date", "some", "had", "jones", "let", "they", "call", "original", "know", "credit", "question", "sent", "louise", "financial", "within", "software", "gas", "market", "schedule", "billion", "would", "he", "week", "re", "security", "thanks", "money", "am", "here", "group", "deal", "kaminski", "dynegy", "meeting", "subject", "http", "email", "trading", "corp", "houston", "energy", "power", "said", "statement", "de", "pm", "cc", "hou", "vince"], ["tuesday", "cost", "ha", "final", "file", "cent", "utility", "advice", "go", "want", "use", "update", "natural", "send", "forward", "any", "pipeline", "ena", "back", "think", "like", "off", "see", "kitchen", "internet", "point", "agreement", "price", "may", "them", "following", "stock", "dbcaps", "wednesday", "team", "inc", "life", "executive", "please", "down", "mmbtu", "out", "database", "these", "make", "home", "right", "chief", "project", "one", "debt", "york", "more", "trader", "business", "transaction", "just", "number", "into", "over", "risk", "net", "mark", "david", "partnership", "percent", "investor", "name", "program", "time", "when", "investment", "report", "other", "professional", "two", "than", "who", "volume", "best", "service", "plan", "operation", "could", "million", "looking", "month", "so", "act", "what", "friday", "get", "save", "monday", "order", "me", "after", "future", "wa", "copyright", "term", "hpl", "day", "rating", "do", "employee", "asset", "offer", "management", "up", "mail", "website", "been", "no", "should", "meter", "online", "which", "change", "their", "need", "analyst", "new", "now", "only", "message", "but", "john", "there", "forwarded", "about", "last", "date", "site", "information", "product", "share", "data", "vince", "click", "also", "attached", "california", "some", "call", "year", "dow", "address", "let", "issue", "were", "my", "adobe", "contract", "credit", "had", "www", "original", "know", "they", "account", "sent", "financial", "within", "jones", "free", "group", "schedule", "question", "market", "he", "software", "week", "louise", "security", "meeting", "billion", "re", "would", "thanks", "money", "gas", "am", "here", "houston", "trading", "dynegy", "subject", "http", "statement", "email", "power", "energy", "corp", "de", "said", "deal", "cc", "pm", "hou"], ["fund", "hourahead", "lay", "home", "say", "can", "first", "cent", "if", "conference", "natural", "october", "team", "an", "start", "hour", "well", "back", "wednesday", "off", "file", "order", "ena", "point", "number", "david", "daren", "plan", "mail", "executive", "think", "price", "work", "louise", "out", "pipeline", "over", "best", "report", "down", "research", "chief", "th", "stock", "inc", "may", "investment", "debt", "more", "any", "them", "transaction", "professional", "dbcaps", "do", "one", "option", "ha", "looking", "website", "save", "get", "right", "like", "see", "mmbtu", "pill", "mark", "request", "following", "click", "these", "york", "into", "future", "percent", "database", "act", "partnership", "trader", "please", "investor", "million", "offer", "other", "asset", "site", "address", "two", "free", "than", "term", "could", "monday", "when", "operation", "volume", "who", "service", "online", "friday", "month", "after", "copyright", "business", "risk", "now", "california", "rating", "hpl", "information", "my", "time", "john", "so", "only", "what", "me", "product", "wa", "no", "been", "change", "www", "up", "issue", "last", "attached", "original", "management", "employee", "should", "their", "meter", "which", "day", "analyst", "contract", "message", "need", "share", "there", "account", "but", "were", "new", "within", "adobe", "some", "sent", "forwarded", "dow", "also", "date", "data", "about", "had", "kaminski", "call", "software", "year", "credit", "jones", "let", "security", "they", "financial", "money", "he", "know", "schedule", "question", "week", "market", "billion", "group", "here", "meeting", "email", "re", "http", "would", "thanks", "power", "gas", "trading", "am", "statement", "dynegy", "houston", 