{"classification_report_train": {"0": {"precision_mean": 0.9887816590517362, "precision_std": 0.0009549376594430364, "recall_mean": 0.9520398912058023, "recall_std": 0.0016705465812322656, "f1-score_mean": 0.9700591942297342, "f1-score_std": 0.0010811197328084792, "support_mean": 13236.0, "support_std": 0.0}, "1": {"precision_mean": 0.9553954933531278, "precision_std": 0.0014954675612844648, "recall_mean": 0.9895899534007458, "recall_std": 0.0008919711844743464, "f1-score_mean": 0.9721890945619671, "f1-score_std": 0.0009812740466957927, "support_mean": 13736.8, "support_std": 0.17888543819998315}, "macro avg": {"precision_mean": 0.972088576202432, "precision_std": 0.0009950916931407115, "recall_mean": 0.9708149223032742, "recall_std": 0.0010374808903497222, "f1-score_mean": 0.9711241443958507, "f1-score_std": 0.0010309854703879071, "support_mean": 26972.8, "support_std": 0.17888543819998315}, "weighted avg": {"precision_mean": 0.9717786320046826, "precision_std": 0.0010012841017790603, "recall_mean": 0.9711635204777613, "recall_std": 0.0010287088044366663, "f1-score_mean": 0.9711439165648924, "f1-score_std": 0.0010300629045714967, "support_mean": 26972.8, "support_std": 0.17888543819998315}}, "classification_report_test": {"0": {"precision_mean": 0.9789842313382602, "precision_std": 0.00239002409865401, "recall_mean": 0.9208220006044122, "recall_std": 0.011006610195272418, "f1-score_mean": 0.9487903443061294, "f1-score_std": 0.005223674378525983, "support_mean": 3309.0, "support_std": 0.0}, "1": {"precision_mean": 0.9283641857600079, "precision_std": 0.009113872511600622, "recall_mean": 0.9808396385490077, "recall_std": 0.0024105718622480835, "f1-score_mean": 0.9537174587154219, "f1-score_std": 0.004110153442274061, "support_mean": 3434.2, "support_std": 0.17888543819998315}, "macro avg": {"precision_mean": 0.9536742085491341, "precision_std": 0.0038776798480752504, "recall_mean": 0.95083081957671, "recall_std": 0.004734501379869369, "f1-score_mean": 0.9512539015107757, "f1-score_std": 0.004666482702107419, "support_mean": 6743.2, "support_std": 0.17888543819998315}, "weighted avg": {"precision_mean": 0.9532037667647998, "precision_std": 0.003971339709089359, "recall_mean": 0.9513886198753807, "recall_std": 0.00462053377802442, "f1-score_mean": 0.9512997063421611, "f1-score_std": 0.00465605063351816, "support_mean": 6743.2, "support_std": 0.17888543819998315}}, "timing": {"extractor_fit": "0:00:00.380301", "filtered_features": "0:00:00.105412", "model_training_time": "0:00:05.294612"}, "selected_vocabulary": [["ancillary", "med", "featured", "mailing", "dollar", "following", "tomorrow", "pill", "trading", "team", "variance", "october", "presentation", "doc", "think", "log", "ena", "prescription", "final", "software", "txt", "professional", "oo", "research", "life", "parsing", "westdesk", "fyi", "message", "online", "on", "sally", "php", "week", "employee", "shirley", "steve", "if", "kevin", "viagra", "hourahead", "click", "please", "power", "will", "mark", "jeff", "tuesday", "save", "david", "conference", "stop", "mike", "scheduling", "fw", "thousand", "sent", "discus", "thursday", "energy", "wednesday", "portland", "issue", "comment", "gas", "re", "date", "kitchen", "monday", "california", "would", "money", "here", "know", "call", "friday", "john", "corp", "group", "me", "original", "http", "let", "attached", "schedule", "question", "louise", "houston", "meeting", "forwarded", "thanks", "kaminski", "hou", "am", "ect", "subject", "vince", "pm", "cc", "enron"], ["featured", "remove", "watch", "now", "detected", "ancillary", "log", "reply", "dollar", "www", "please", "website", "october", "oo", "file", "final", "variance", "wish", "discus", "kaminski", "volume", "mmbtu", "txt", "jeff", "parsing", "ena", "steve", "westdesk", "april", "php", "sally", "re", "tuesday", "bob", "offer", "online", "sent", "viagra", "mike", "mailing", "contract", "date", "hourahead", "mark", "fyi", "meter", "group", "thursday", "stop", "comment", "know", "professional", "email", "wednesday", "energy", "life", "david", "issue", "call", "deal", "site", "vince", "friday", "save", "fw", "software", "daren", "monday", "thousand", "portland", "click", "scheduling", "california", "john", "kitchen", "me", "your", "hpl", "money", "original", "let", "here", "meeting", "schedule", "corp", "houston", "question", "gas", "am", "louise", "thanks", "hou", "attached", "http", "forwarded", "ect", "subject", "pm", "cc", "enron"], ["detected", "dollar", "conference", "pill", "more", "ancillary", "medication", "oo", "sent", "robert", "tuesday", "kevin", "will", "ena", "on", "would", "log", "med", "jeff", "click", "variance", "professional", "employee", "if", "txt", "contract", "file", "php", "parsing", "mmbtu", "steve", "fw", "prescription", "westdesk", "sally", "offer", "david", "bob", "wednesday", "mark", "october", "site", "thursday", "discus", "mike", "fyi", "volume", "life", "issue", "hourahead", "online", "your", "re", "energy", "comment", "meter", "software", "viagra", "thousand", "original", "monday", "stop", "please", "john", "save", "deal", "california", "date", "friday", "portland", "group", "scheduling", "louise", "daren", "know", "call", "hpl", "money", "here", "me", "kaminski", "meeting", "houston", "schedule", "corp", "let", "http", "attached", "gas", "question", "vince", "am", "thanks", "forwarded", "hou", "ect", "subject", "pm", "cc", "enron"], ["nom", "brand", "stock", "contract", "more", "david", "date", "hundred", "world", "robert", "jeff", "kevin", "med", "million", "low", "following", "www", "site", "drug", "pill", "conference", "doc", "sally", "bob", "featured", "wednesday", "software", "ena", "act", "viagra", "remove", "email", "will", "thursday", "mmbtu", "monday", "original", "life", "comment", "wish", "watch", "prescription", "security", "oo", "steve", "net", "shirley", "professional", "april", "php", "discus", "mike", "please", "issue", "on", "mailing", "energy", "save", "john", "meter", "would", "offer", "re", "fyi", "friday", "louise", "no", "call", "online", "dollar", "click", "group", "daren", "thousand", "stop", "know", "schedule", "hpl", "money", "me", "here", "gas", "let", "meeting", "question", "corp", "houston", "http", "attached", "kaminski", "thanks", "am", "subject", "forwarded", "vince", "hou", "ect", "pm", "cc", "enron"], ["stinson", "sex", "nom", "more", "october", "smith", "dollar", "power", "drug", "will", "kevin", "php", "date", "texas", "med", "ena", "bob", "if", "jeff", "doc", "robert", "remove", "california", "stop", "steve", "portland", "volume", "file", "mailing", "conference", "contract", "prescription", "mike", "scheduling", "april", "research", "on", "software", "comment", "discus", "shirley", "offer", "sent", "professional", "site", "mark", "fyi", "tuesday", "thousand", "your", "meter", "fw", "life", "please", "would", "deal", "viagra", "thursday", "wednesday", "issue", "david", "online", "call", "energy", "save", "monday", "kitchen", "daren", "friday", "john", "group", "hpl", "money", "know", "schedule", "original", "re", "here", "click", "me", "meeting", "question", "houston", "corp", "let", "gas", "http", "louise", "attached", "kaminski", "forwarded", "am", "thanks", "hou", "ect", "vince", "subject", "pm", "cc", "enron"]]}