{"classification_report_train": {"0": {"precision_mean": 0.9965324493857327, "precision_std": 0.00012904101077133393, "recall_mean": 0.9770776669688728, "recall_std": 0.00043089546382924323, "f1-score_mean": 0.9867089701080237, "f1-score_std": 0.0002532080324513799, "support_mean": 13236.0, "support_std": 0.0}, "1": {"precision_mean": 0.9783218469825318, "precision_std": 0.0003996863917483891, "recall_mean": 0.996724126827338, "recall_std": 0.0001218170060094208, "f1-score_mean": 0.987437083609402, "f1-score_std": 0.00023509472436465654, "support_mean": 13736.8, "support_std": 0.17888543819998315}, "macro avg": {"precision_mean": 0.9874271481841322, "precision_std": 0.00023495155035503897, "recall_mean": 0.9869008968981052, "recall_std": 0.0002470209490452891, "f1-score_mean": 0.9870730268587128, "f1-score_std": 0.0002441478667704332, "support_mean": 26972.8, "support_std": 0.17888543819998315}, "weighted avg": {"precision_mean": 0.9872580925533428, "precision_std": 0.00023777324808633464, "recall_mean": 0.9870832820835842, "recall_std": 0.0002438308652273038, "f1-score_mean": 0.9870797861842693, "f1-score_std": 0.00024398019118151496, "support_mean": 26972.8, "support_std": 0.17888543819998315}}, "classification_report_test": {"0": {"precision_mean": 0.9906064980159641, "precision_std": 0.0006536150588166694, "recall_mean": 0.9483227561196736, "recall_std": 0.005125757642094693, "f1-score_mean": 0.9689622355193851, "f1-score_std": 0.0024684494226971036, "support_mean": 3309.0, "support_std": 0.0}, "1": {"precision_mean": 0.9522908576320107, "precision_std": 0.004540939701791812, "recall_mean": 0.9913224463982487, "recall_std": 0.0006403873690560243, "f1-score_mean": 0.9713816039540412, "f1-score_std": 0.0021495112077803413, "support_mean": 3434.2, "support_std": 0.17888543819998315}, "macro avg": {"precision_mean": 0.9714486778239875, "precision_std": 0.0020749027795836507, "recall_mean": 0.9698226012589612, "recall_std": 0.0023512378146876636, "f1-score_mean": 0.9701719197367131, "f1-score_std": 0.002308890674115971, "support_mean": 6743.2, "support_std": 0.17888543819998315}, "weighted avg": {"precision_mean": 0.9710928544124705, "precision_std": 0.0021201530073632277, "recall_mean": 0.970221919871563, "recall_std": 0.0023001296000063906, "f1-score_mean": 0.9701943858250079, "f1-score_std": 0.0023059263056939053, "support_mean": 6743.2, "support_std": 0.17888543819998315}}, "timing": {"extractor_fit": "0:01:20.899198", "filtered_features": "0:00:00.028542", "model_training_time": "0:00:13.949045"}, "selected_vocabulary": [["woman", "research", "subject", "bank", "edu", "approval", "tuesday", "removed", "lowest", "it", "country", "xp", "her", "investment", "back", "access", "draft", "about", "bob", "matter", "july", "eol", "international", "changed", "want", "huge", "congratulation", "medication", "and", "thursday", "can", "spreadsheet", "looking", "working", "url", "yourself", "inc", "promotion", "that", "october", "claim", "enrononline", "interested", "current", "summary", "result", "php", "eb", "desk", "tw", "password", "june", "than", "michelle", "if", "window", "by", "texas", "love", "girl", "at", "read", "from", "number", "professional", "save", "with", "an", "worldwide", "drug", "issue", "cheap", "in", "jeff", "kevin", "wednesday", "shirley", "world", "thank", "deal", "are", "hope", "never", "presentation", "message", "employee", "brand", "conference", "future", "over", "low", "ena", "ca", "pill", "regard", "jim", "click", "power", "we", "get", "hourahead", "thousand", "have", "man", "note", "john", "to", "agreement", "plan", "any", "viagra", "report", "of", "de", "portland", "order", "steve", "fyi", "am", "cc", "file", "for", "stop", "list", "best", "dollar", "model", "watch", "mike", "contract", "dave", "offer", "option", "med", "this", "quality", "friday", "date", "sent", "info", "life", "hello", "following", "me", "net", "which", "would", "trading", "more", "update", "call", "comment", "sally", "product", "is", "mobile", "mail", "know", "fw", "mark", "let", "group", "on", "risk", "doc", "free", "site", "account", "remove", "energy", "california", "money", "monday", "pm", "com", "software", "kaminski", "question", "now", "email", "online", "not", "gas", "houston", "you", "the", "please", "will", "meeting", "here", "schedule", "our", "no", "attached", "http", "louise", "thanks", "your", "vince", "enron"], ["body", "help", "tw", "pro", "unsubscribe", "order", "summary", "it", "tomorrow", "sex", "number", "thought", "option", "of", "think", "change", "final", "power", "michelle", "jeff", "regard", "dollar", "report", "still", "claim", "matter", "removed", "team", "have", "girl", "next", "revised", "ca", "from", "could", "php", "them", "work", "yesterday", "prescription", "wednesday", "professional", "medication", "market", "jim", "loan", "comment", "want", "brand", "total", "issue", "group", "re", "which", "ena", "xp", "plan", "yourself", "following", "fax", "and", "portland", "fw", "mmbtu", "pill", "click", "hope", "men", "june", "only", "out", "drug", "draft", "fyi", "operation", "never", "an", "been", "employee", "bill", "john", "resource", "should", "bob", "risk", "thousand", "call", "steve", "desk", "her", "volume", "agreement", "offer", "all", "easy", "file", "by", "cheap", "de", "dave", "mike", "that", "april", "med", "am", "get", "me", "thursday", "card", "than", "net", "forwarded", "date", "texas", "viagra", "hourahead", "product", "cc", "this", "man", "california", "contract", "tuesday", "within", "hi", "low", "are", "about", "stop", "country", "can", "we", "quality", "hpl", "free", "mail", "in", "meter", "would", "sally", "if", "daren", "to", "know", "trading", "houston", "remove", "more", "sent", "for", "mark", "monday", "update", "energy", "world", "security", "account", "any", "mobile", "hello", "let", "life", "doc", "info", "email", "friday", "best", "price", "watch", "deal", "message", "money", "at", "site", "now", "is", "meeting", "on", "you", "vince", "online", "question", "will", "our", "com", "software", "schedule", "gas", "not", "please", "pm", "here", "no", "thanks", "the", "http", "louise", "attached", "your", "enron"], ["subject", "usa", "changed", "easy", "stock", "ve", "php", "cialis", "matter", "plan", "to", "vi", "richard", "operation", "become", "hot", "portland", "should", "capacity", "password", "company", "flow", "pay", "fax", "discus", "pain", "card", "worldwide", "report", "it", "interested", "click", "that", "child", "we", "michelle", "tw", "al", "some", "me", "am", "july", "april", "huge", "october", "sex", "bob", "brand", "prescription", "mail", "save", "point", "removed", "presentation", "desk", "option", "re", "investment", "texas", "mark", "woman", "fyi", "this", "result", "read", "into", "yourself", "window", "man", "of", "energy", "medication", "may", "power", "claim", "steve", "order", "model", "men", "drug", "employee", "regard", "pill", "ca", "only", "still", "resource", "agreement", "sent", "jim", "net", "site", "mmbtu", "never", "tuesday", "hourahead", "kevin", "forwarded", "thursday", "june", "security", "price", "thank", "congratulation", "and", "any", "risk", "de", "low", "her", "cheap", "get", "mike", "viagra", "note", "group", "world", "date", "number", "know", "country", "would", "dave", "california", "message", "life", "monday", "than", "hope", "update", "issue", "are", "watch", "about", "have", "sally", "hpl", "info", "med", "an", "mobile", "fw", "kaminski", "volume", "quality", "list", "comment", "remove", "file", "product", "is", "best", "trading", "cc", "at", "meter", "dollar", "call", "contract", "hello", "account", "offer", "free", "deal", "doc", "more", "now", "change", "money", "meeting", "if", "friday", "houston", "on", "daren", "email", "for", "question", "let", "com", "online", "not", "will", "louise", "please", "our", "pm", "software", "here", "gas", "the", "you", "http", "schedule", "no", "thanks", "attached", "vince", "your", "enron"], ["been", "card", "want", "php", 