{"classification_report_train": {"0": {"precision_mean": 0.7072996530188759, "precision_std": 0.009492512453037128, "recall_mean": 0.6891961317618616, "recall_std": 0.03364647600034174, "f1-score_mean": 0.69501166275443, "f1-score_std": 0.014745384246827664, "support_mean": 13236.0, "support_std": 0.0}, "1": {"precision_mean": 0.7109623879040733, "precision_std": 0.015760488988745085, "recall_mean": 0.7221476479122805, "recall_std": 0.023655786818406924, "f1-score_mean": 0.7139639223520146, "f1-score_std": 0.005699602419783031, "support_mean": 13736.8, "support_std": 0.17888543819998315}, "macro avg": {"precision_mean": 0.7091310204614746, "precision_std": 0.006103743377143891, "recall_mean": 0.705671889837071, "recall_std": 0.00697306618934471, "f1-score_mean": 0.7044877925532224, "f1-score_std": 0.007135320306474741, "support_mean": 26972.8, "support_std": 0.17888543819998315}, "weighted avg": {"precision_mean": 0.7091649432841296, "precision_std": 0.006226611610677104, "recall_mean": 0.7059780005644304, "recall_std": 0.006601707893086661, "f1-score_mean": 0.7046638007268976, "f1-score_std": 0.007015751051092341, "support_mean": 26972.8, "support_std": 0.17888543819998315}}, "classification_report_test": {"0": {"precision_mean": 0.661095124709194, "precision_std": 0.009191613881207143, "recall_mean": 0.6154125113327289, "recall_std": 0.051128671722181065, "f1-score_mean": 0.6309611268534001, "f1-score_std": 0.026217289260554055, "support_mean": 3309.0, "support_std": 0.0}, "1": {"precision_mean": 0.6593086463422256, "precision_std": 0.021536968843302615, "recall_mean": 0.6929110979425711, "recall_std": 0.03324976068748455, "f1-score_mean": 0.6705601853150183, "f1-score_std": 0.008805226447616573, "support_mean": 3434.2, "support_std": 0.17888543819998315}, "macro avg": {"precision_mean": 0.6602018855257098, "precision_std": 0.010477013735834265, "recall_mean": 0.6541618046376501, "recall_std": 0.011591166225223094, "f1-score_mean": 0.6507606560842092, "f1-score_std": 0.012433306883226648, "support_mean": 6743.2, "support_std": 0.17888543819998315}, "weighted avg": {"precision_mean": 0.6601851450162659, "precision_std": 0.01064609276281018, "recall_mean": 0.6548813153449938, "recall_std": 0.010998880016815845, "f1-score_mean": 0.6511281988012312, "f1-score_std": 0.012207297677936595, "support_mean": 6743.2, "support_std": 0.17888543819998315}}, "timing": {"extractor_fit": "0:00:00.129763", "filtered_features": "0:00:00.098710", "model_training_time": "0:00:23.404100"}, "selected_vocabulary": [["misjudged", "futhermore", "sichuan", "fyo", "gaa", "transmis", "armitage", "shuffling", "minh", "frenkel", "moira", "tsa", "mott", "appropriated", "motherhood", "sheikh", "apreciate", "famer", "trucked", "aprovechar", "bryon", "morph", "forwarder", "fouled", "foundin", "aquistion", "montenegro", "triumvirate", "monicker", "franchising", "frb", "apu", "footsie", "mingling", "transcribed", "briskly", "gfd", "ghu", "sinectis", "ghw", "gie", "brilliantly", "brilliance", "meted", "meza", "totters", "metaphysical", "metaphorically", "metall", "messiest", "messed", "sion", "siphoned", "brightening", "askey", "giggling", "gameboy", "britannia", "mgl", "siemen", "gau", "mily", "broiler", "milligan", "signalling", "gaye", "gcd", "sil", "mga", "midori", "geeze", "gek", "microfilm", "micheline", "genomics", "britton", "geophysics", "brite", "georgina", "silencer", "wriggling", "mortality", "tsp", "ndf", "nda", "ncusif", "ncua", "antilles", "zack", "antiseptic", "navidad", "navfac", "navarro", "naturalization", "nationalization", "fittest", "nasally", "turbotax", "mythical", "mystique", "bulgarian", "mya", "mwis", "mvsn", "seperates", "sewer", "zag", "fido", "nifty", "uan", "fawkes", "selectivity", "nga", "nexus", "fdl", "selfishly", "fedexed", "wouldnt", "nerd", "tyc", "nelly", "fertitta", "fervor", "fey", "ffd", "ffl", "ffm", "needled", "sepa", "seperately", "mustafa", "swagger", "murillo", "mtr", "buoyancy", "flowchart", "bummed", "tucked", "fluor", "wre", "applegate", "wreak", "appeased", "shamed", "shank", "ttu", "fnl", "mro", "mrc", "foaming", "sharjah", "mpe", "fooling", "mse", "tugboat", "floris", "flirted", "flipper", "flooring", "tule", "apologist", "mur", "mui", "essence", "streaming", "mini", "promising", "build", "chicken", "revealed", "compelling", "cloud", "coach", "periodically", "nation", "prior", "creates", "sooner", "terrible", "auditing", "eliminated", "ethic", "discounted", "this", "have", "with", "is", "in", "on", "of", "be", "for", "from", "and", "the", "that", "you", "your", "to", "will"], ["tmo", "cgs", "yellowstone", "detained", "vollen", "brilliance", "combed", "appox", "squeak", "moribund", "guarding", "pdfs", "accrues", "karina", "trk", "recode", "aerodrome", "tucked", "sleepless", "kardon", "entitling", "jeweler", "lind", "doggedly", "swagger", "srd", "espirito", "yer", "tabl", "motherhood", "striker", "upshot", "recomended", "induction", "bomber", "tugboat", "rle", "websit", "dasher", "capricious", "hopping", "nonlinear", "unmoved", "comdex", "reposition", "tlo", "sichuan", "dulls", "finalising", "chino", "phc", "combustor", "righting", "ssen", "meted", "caribe", "harassed", "cirque", "newsome", "stormy", "zlu", "refurbishment", "plunk", "laverne", "chj", "reprimand", "barto", "siemen", "nexus", "fuego", "cca", "senora", "bnk", "refutes", "laureate", "unloading", "licked", "hanger", "chattanooga", "rattling", "lau", "terre", "westerner", "askey", "enumerated", "ditching", "newsday", "eradication", "semantics", "charlton", "mtpl", "harmonizing", "harmonize", "predominately", "swimsuit", "sketched", "reformulated", "scheming", "harkins", "neutrality", "refreshes", "reconstruct", "merrie", "unsupervised", "merritt", "mcc", "clausen", "piggybacking", "trainable", "pto", "bowing", "twix", "aquistion", "newmont", "carranza", "timezone", "transcontinental", "unfulfilled", "transcribed", "southerner", "seperates", "homeboy", "hamid", "retrace", "lastminute", "yoko", "savor", "bday", "baked", "outlandish", "indexing", "fhr", "aspiring", "straighten", "wendi", "nifty", "intersect", "briskly", "lowery", "oxymoron", "straining", "saundra", "metaphorically", "skinned", "poc", "mozambique", "metcalf", "voicestream", "skirted", "sepa", "pml", "prefaced", "vogue", "bym", "telepathy", "alaina", "jxo", "hamstrung", "fringe", "denim", "franchising", "dawg", "famer", "outfitter", "pickling", "lieberman", "strader", "acquistion", "britannia", "painless", "mrc", "pmi", "sale", "connecticut", "void", "par", "common", "palm", "certainty", "funding", "freeze", "boundary", "rig", "likewise", "bar", "officially", "lane", "familiar", "this", "in", "you", "is", "of", "on", "and", "have", "for", "to", "your", "the"], ["rik", "righting", "forlorn", "foundin", "frb", "riddance", "freaky", "cnc", "wavelength", "thronged", "revolves", "chrysalis", "swith", "prescient", "hnf", "precinct", "baldridge", "balkanization", "precariously", "prasad", "pragmatically", "homeboy", "homemail", "barto", "honore", "horde", "banerjee", "banff", "possibile", "predominately", "chaney", "charted", "hiked", "prevision", "previos", "pix", "checkered", "hesitating", "hhere", "yamaha", "hhi", "baht", "yamane", "hideously", "pko", "pks", "townhouse", "preoccupied", "yanking", "hospitalized", "posession", "poser", "violinist", "pointless", "hvb", "barking", "poach", "idee", "iced", "pml", "ibd", "pmi", "transcribed", "cfr", "barnhart", "plo", "vish", "hustled", "hus", "cgs", "hund", "chanda", "hottie", "portales", "zealously", "vja", "hse", "baptized", "hyper", "hsv", "hugged", "chairmanship", "chained", "hullabaloo", "imago", "visuals", "hunch", "trailing", "primal", "pricewaterhouse", "totters", "pyr", "pwg", "pvl", "tomoko", "purest", "hamstrung", "punishes", "traveller", "punctuation", "puncher", "philosophical", "handhelds", "impulsively", "bax", "tonite", "chopping", "toman", "gwu", "toluene", "racheal", "quiroga", "quintillion", "grossed", "phillies", "quieted", "authoring", "handover", 