{"classification_report_train": {"0": {"precision_mean": 0.99447000546463, "precision_std": 0.00015968192173057433, "recall_mean": 0.967346630401934, "recall_std": 0.0008460151811593481, "f1-score_mean": 0.9807198618274615, "f1-score_std": 0.0004447641759583482, "support_mean": 13236.0, "support_std": 0.0}, "1": {"precision_mean": 0.9693457726329558, "precision_std": 0.0007690821827995124, "recall_mean": 0.9948168351385451, "recall_std": 0.00015051533166096965, "f1-score_mean": 0.9819153534946816, "f1-score_std": 0.00040249858695212725, "support_mean": 13736.8, "support_std": 0.17888543819998315}, "macro avg": {"precision_mean": 0.9819078890487931, "precision_std": 0.0003960864562917416, "recall_mean": 0.9810817327702397, "recall_std": 0.00043014256205010904, "f1-score_mean": 0.9813176076610717, "f1-score_std": 0.0004236208875231652, "support_mean": 26972.8, "support_std": 0.17888543819998315}, "weighted avg": {"precision_mean": 0.9816746504355957, "precision_std": 0.0004027057999977022, "recall_mean": 0.9813367497706812, "recall_std": 0.00042269694013789914, "f1-score_mean": 0.9813287057846152, "f1-score_std": 0.0004232295856740417, "support_mean": 26972.8, "support_std": 0.17888543819998315}}, "classification_report_test": {"0": {"precision_mean": 0.9892185046083022, "precision_std": 0.0015520194009403384, "recall_mean": 0.9426412813538834, "recall_std": 0.006924886548722854, "f1-score_mean": 0.9652751473030365, "f1-score_std": 0.002975917014023284, "support_mean": 3309.0, "support_std": 0.0}, "1": {"precision_mean": 0.947359528348589, "precision_std": 0.005982694048915631, "recall_mean": 0.9900411417972006, "recall_std": 0.001513099663222719, "f1-score_mean": 0.9681578058374043, "f1-score_std": 0.0024786368086603186, "support_mean": 3434.2, "support_std": 0.17888543819998315}, "macro avg": {"precision_mean": 0.9682890164784455, "precision_std": 0.0023113049584942767, "recall_mean": 0.9663412115755421, "recall_std": 0.0027873738632024966, "f1-score_mean": 0.9667164765702203, "f1-score_std": 0.0027271066204955833, "support_mean": 6743.2, "support_std": 0.17888543819998315}, "weighted avg": {"precision_mean": 0.96790009052127, "precision_std": 0.0023789271200193706, "recall_mean": 0.9667816226625072, "recall_std": 0.002710762014677037, "f1-score_mean": 0.9667432631168928, "f1-score_std": 0.002722451334383902, "support_mean": 6743.2, "support_std": 0.17888543819998315}}, "timing": {"extractor_fit": "0:00:00.374630", "filtered_features": "0:00:00.092308", "model_training_time": "0:00:07.178503"}, "selected_vocabulary": [["no", "draft", "investing", "reply", "biz", "logo", "promotional", "eol", "model", "doctor", "shipping", "revised", "quality", "resume", "website", "awarded", "unsubscribe", "analysis", "herein", "commodity", "deal", "jim", "cheap", "gibner", "security", "attend", "talk", "lavorato", "differ", "subscriber", "adobe", "derivative", "advertisement", "men", "now", "september", "beck", "file", "university", "country", "regarding", "man", "world", "november", "your", "low", "net", "advice", "hundred", "morning", "scott", "cialis", "point", "smith", "asked", "august", "xp", "however", "act", "interview", "between", "probably", "robert", "yahoo", "pipeline", "bob", "brand", "sex", "afternoon", "michael", "remove", "email", "richard", "discussed", "capacity", "offer", "review", "dave", "wish", "summary", "greg", "management", "update", "london", "medication", "crenshaw", "working", "chris", "option", "yesterday", "stinson", "drug", "scheduled", "april", "detected", "edu", "watch", "eb", "site", "contract", "ancillary", "med", "featured", "mailing", "dollar", "following", "tomorrow", "pill", "trading", "team", "variance", "october", "presentation", "doc", "think", "log", "ena", "prescription", "final", "software", "txt", "professional", "oo", "research", "life", "parsing", "westdesk", "fyi", "message", "online", "on", "sally", "php", "week", "employee", "shirley", "steve", "if", "kevin", "viagra", "hourahead", "click", "please", "power", "will", "mark", "jeff", "tuesday", "save", "david", "conference", "stop", "mike", "scheduling", "fw", "thousand", "sent", "discus", "thursday", "energy", "wednesday", "portland", "issue", "comment", "gas", "re", "date", "kitchen", "monday", "california", "would", "money", "here", "know", "call", "friday", "john", "corp", "group", "me", "original", "http", "let", "attached", "schedule", "question", "louise", "houston", "meeting", "forwarded", "thanks", "kaminski", "hou", "am", "ect", "subject", "vince", "pm", "cc", "enron"], ["promotional", "february", "removed", "pg", "our", "corel", "eol", "herein", "richard", "september", "wiil", "counterparty", "message", "lavorato", "eb", "think", "awarded", "differ", "cialis", "point", "yourself", "november", "mx", "following", "sitara", "shipping", "enronxgate", "plant", "scott", "quality", "xp", "unsubscribe", "cheap", "farmer", "no", "adobe", "afternoon", "subscriber", "week", "beck", "update", "advertisement", "creative", "discussed", "capacity", "will", "men", "august", "advice", "free", "easy", "summary", "trading", "nomination", "michael", "if", "team", "logo", "xl", "conference", "mary", "greg", "low", "smith", "medication", "revised", "hundred", "doc", "would", "chris", "flow", "brand", "on", "yesterday", "man", "scheduled", "drug", "country", "hello", "act", "pill", "dave", "tomorrow", "yahoo", "sex", "security", "med", "kevin", "net", "texas", "com", "world", "employee", "nom", "more", "robert", "pipeline", "prescription", "best", "power", "featured", "remove", "watch", "now", "detected", "ancillary", "log", "reply", "dollar", "www", "please", "website", "october", "oo", "file", "final", "variance", "wish", "discus", "kaminski", "volume", "mmbtu", "txt", "jeff", "parsing", "ena", "steve", "westdesk", "april", "php", "sally", "re", "tuesday", "bob", "offer", "online", "sent", "viagra", "mike", "mailing", "contract", "date", "hourahead", "mark", "fyi", "meter", "group", "thursday", "stop", "comment", "know", "professional", "email", "wednesday", "energy", "life", "david", "issue", "call", "deal", "site", "vince", "friday", "save", "fw", "software", "daren", "monday", "thousand", "portland", "click", "scheduling", "california", "john", "kitchen", "me", "your", "hpl", "money", "original", "let", "here", "meeting", "schedule", "corp", "houston", "question", "gas", "am", "louise", "thanks", "hou", "attached", "http", "forwarded", "ect", "subject", "pm", "cc", "enron"], ["between", "tom", "london", "macromedia", "pro", "power", "september", "sum", "order", "counterparty", "subscriber", "herein", "promotional", "spreadsheet", "studio", "desk", "discussed", "december", "quality", "research", "creative", "easy", "mx", "doctor", "presentation", "mailing", "scott", "trading", "crenshaw", "team", "week", "richard", "yesterday", "august", "photoshop", "no", "million", "awarded", "advice", "corel", "differ", "message", "hundred", "logo", "men", "greg", "stinson", "graphic", "dave", "capacity", "advertisement", "beck", "best", "point", "afternoon", "cheap", "sitara", "smith", "biz", "yahoo", "revised", "website", "man", "security", "adobe", "april", "low", "brand", "world", "think", "xl", "nomination", "act", "cialis", "www", "doc", "xp", "eb", "scheduled", "flow", "tomorrow", "country", "watch", "wish", "michael", "sex", "november", "shirley", "mary", "now", "featured", "following", "farmer", "final", "texas", "pipeline", "email", "kitchen", "nom", "drug", "detected", "dollar", "conference", "pill", "more", "ancillary", "medication", "oo", "sent", "robert", "tuesday", "kevin", "will", "ena", "on", "would", "log", "med", "jeff", "click", "variance", "professional", "employee", "if", "txt", "contract", "file", "php", "parsing", "mmbtu", "steve", "fw", "prescription", "westdesk", "sally", "offer", "david", "bob", "wednesday", "mark", "october", "site", "thursday", "discus", "mike", "fyi", "volume", "life", "issue", "hourahead", "online", "your", "re", "energy", "comment", 