{"classification_report_train": {"0": {"precision_mean": 0.988910989803637, "precision_std": 0.0007288644697178635, "recall_mean": 0.9527651858567543, "recall_std": 0.0018570804872404972, "f1-score_mean": 0.9704980577207785, "f1-score_std": 0.0011728413899519748, "support_mean": 13236.0, "support_std": 0.0}, "1": {"precision_mean": 0.9560474218535155, "precision_std": 0.0016676036118829039, "recall_mean": 0.9897064589556986, "recall_std": 0.0006750381435266471, "f1-score_mean": 0.972582916853443, "f1-score_std": 0.001056430870269652, "support_mean": 13736.8, "support_std": 0.17888543819998315}, "macro avg": {"precision_mean": 0.9724792058285763, "precision_std": 0.0010623557174815322, "recall_mean": 0.9712358224062264, "recall_std": 0.0011240656108811769, "f1-score_mean": 0.9715404872871106, "f1-score_std": 0.0011145433105641503, "support_mean": 26972.8, "support_std": 0.17888543819998315}, "weighted avg": {"precision_mean": 0.9721741207124908, "precision_std": 0.0010721859181186122, "recall_mean": 0.9715787615189463, "recall_std": 0.001111786229516389, "f1-score_mean": 0.9715598413807417, "f1-score_std": 0.001113464926066595, "support_mean": 26972.8, "support_std": 0.17888543819998315}}, "classification_report_test": {"0": {"precision_mean": 0.9781463065661219, "precision_std": 0.0022162811554287446, "recall_mean": 0.9200362647325475, "recall_std": 0.009994792461245152, "f1-score_mean": 0.9480100157575919, "f1-score_std": 0.004544227638947975, "support_mean": 3309.0, "support_std": 0.0}, "1": {"precision_mean": 0.9275681017719954, "precision_std": 0.008314374788015288, "recall_mean": 0.9800824361912175, "recall_std": 0.0022629319609148452, "f1-score_mean": 0.9529602334193321, "f1-score_std": 0.0035760949995215906, "support_mean": 3434.2, "support_std": 0.17888543819998315}, "macro avg": {"precision_mean": 0.9528572041690587, "precision_std": 0.003357608865280362, "recall_mean": 0.9500593504618825, "recall_std": 0.004128422416377545, "f1-score_mean": 0.950485124588462, "f1-score_std": 0.0040594995220757345, "support_mean": 6743.2, "support_std": 0.17888543819998315}, "weighted avg": {"precision_mean": 0.9523872103173272, "precision_std": 0.0034472057394854317, "recall_mean": 0.950617331025945, "recall_std": 0.004021154590647572, "f1-score_mean": 0.9505311302064541, "f1-score_std": 0.004050439688368582, "support_mean": 6743.2, "support_std": 0.17888543819998315}}, "timing": {"extractor_fit": "0:06:26.011030", "filtered_features": "0:00:00.101734", "model_training_time": "0:00:05.592300"}, "selected_vocabulary": [["october", "crenshaw", "edu", "detected", "eb", "ancillary", "final", "featured", "presentation", "stinson", "software", "log", "research", "med", "professional", "life", "online", "doc", "pill", "prescription", "your", "week", "employee", "variance", "txt", "message", "ena", "fyi", "click", "power", "steve", "oo", "sally", "parsing", "mark", "shirley", "tuesday", "westdesk", "kevin", "save", "david", "php", "conference", "jeff", "stop", "fw", "viagra", "the", "hourahead", "thousand", "mike", "energy", "sent", "discus", "issue", "thursday", "if", "wednesday", "gas", "scheduling", "date", "comment", "please", "monday", "money", "california", "portland", "will", "call", "friday", "re", "kitchen", "know", "would", "on", "john", "here", "corp", "group", "original", "let", "me", "attached", "http", "question", "schedule", "meeting", "houston", "thanks", "louise", "forwarded", "hou", "kaminski", "am", "ect", "subject", "vince", "pm", "cc", "enron"], ["med", "prescription", "if", "pill", "file", "featured", "final", "sex", "nom", "october", "ancillary", "com", "detected", "volume", "wish", "discus", "april", "tuesday", "jeff", "steve", "online", "offer", "contract", "oo", "variance", "date", "txt", "re", "sent", "mark", "bob", "group", "kaminski", "mmbtu", "parsing", "thursday", "mailing", "sally", "please", "stop", "ena", "westdesk", "mike", "energy", "on", "professional", "issue", "php", "comment", "life", "call", "wednesday", "deal", "david", "email", "fyi", "know", "site", "friday", "meter", "fw", "save", "viagra", "software", "hourahead", "monday", "click", "vince", "thousand", "california", "john", "daren", "portland", "scheduling", "kitchen", "money", "original", "me", "hpl", "let", "meeting", "corp", "here", "schedule", "houston", "your", "question", "gas", "am", "attached", "thanks", "louise", "http", "hou", "forwarded", "ect", "subject", "pm", "cc", "enron"], ["conference", "kitchen", "sex", "drug", "detected", "nom", "click", "more", "ancillary", "professional", "contract", "log", "employee", "file", "would", "oo", "fw", "pill", "kevin", "jeff", "medication", "offer", "david", "mark", "site", "thursday", "wednesday", "med", "october", "discus", "steve", "txt", "volume", "ena", "issue", "life", "variance", "prescription", "bob", "sally", "online", "mike", "energy", "parsing", "mmbtu", "westdesk", "original", "software", "will", "php", "monday", "fyi", "if", "deal", "stop", "john", "re", "comment", "save", "date", "thousand", "california", "meter", "hourahead", "friday", "group", "viagra", "on", "portland", "call", "please", "know", "scheduling", "louise", "daren", "your", "money", "hpl", "here", "meeting", "me", "kaminski", "corp", "let", "houston", "attached", "schedule", "http", "gas", "question", "vince", "am", "thanks", "forwarded", "hou", "ect", "subject", "pm", "cc", "enron"], ["following", "brand", "edu", "low", "site", "crenshaw", "www", "medication", "jeff", "nom", "stinson", "hundred", "software", "more", "act", "original", "thursday", "kevin", "conference", "monday", "wednesday", "remove", "med", "life", "wish", "security", "net", "if", "bob", "email", "doc", "comment", "drug", "professional", "watch", "issue", "sally", "april", "featured", "discus", "energy", "steve", "pill", "save", "mailing", "ena", "mike", "john", "mmbtu", "shirley", "viagra", "offer", "the", "friday", "oo", "your", "prescription", "call", "would", "php", "meter", "online", "re", "dollar", "fyi", "will", "click", "group", "no", "louise", "please", "stop", "thousand", "know", "schedule", "daren", "money", "hpl", "on", "gas", "let", "here", "me", "question", "meeting", "corp", "houston", "attached", "http", "kaminski", "thanks", "am", "subject", "forwarded", "vince", "hou", "ect", "pm", "cc", "enron"], ["date", "texas", "crenshaw", "more", "drug", "nom", "robert", "stinson", "california", "file", "mmbtu", "stop", "pill", "sex", "volume", "the", "remove", "kevin", "contract", "bob", "research", "jeff", "mailing", "doc", "software", "conference", "steve", "april", "med", "discus", "site", "php", "offer", "mark", "professional", "comment", "sent", "portland", "ena", "tuesday", "mike", "prescription", "fw", "thousand", "shirley", "will", "scheduling", "life", "deal", "fyi", "if", "meter", "issue", "online", "thursday", "call", "david", "energy", "would", "wednesday", "save", "monday", "friday", "viagra", "john", "please", "group", "kitchen", "daren", "money", "on", "your", "original", "know", "schedule", "hpl", "click", "re", "here", "question", "meeting", "me", "houston", "corp", "let", "gas", "http", "louise", "attached", "kaminski", "forwarded", "am", "thanks", "hou", "ect", "subject", "vince", "pm", "cc", "enron"]]}