{"classification_report_train": {"0": {"precision_mean": 0.7094095764048128, "precision_std": 0.009193993632625413, "recall_mean": 0.6906467210637655, "recall_std": 0.03339007266613962, "f1-score_mean": 0.6969328759776049, "f1-score_std": 0.015027732364821949, "support_mean": 13236.0, "support_std": 0.0}, "1": {"precision_mean": 0.7125978027249145, "precision_std": 0.016012821355569848, "recall_mean": 0.7247100981246462, "recall_std": 0.022590010915447507, "f1-score_mean": 0.7161894743891669, "f1-score_std": 0.005555234126960352, "support_mean": 13736.8, "support_std": 0.17888543819998315}, "macro avg": {"precision_mean": 0.7110036895648636, "precision_std": 0.006629488691031835, "recall_mean": 0.7076784095942059, "recall_std": 0.007493786313071316, "f1-score_mean": 0.706561175183386, "f1-score_std": 0.007655016043452048, "support_mean": 26972.8, "support_std": 0.17888543819998315}, "weighted avg": {"precision_mean": 0.7110332011944742, "precision_std": 0.006751994314865664, "recall_mean": 0.7079948555780832, "recall_std": 0.007127668779040362, "f1-score_mean": 0.7067400122398568, "f1-score_std": 0.007537414210142264, "support_mean": 26972.8, "support_std": 0.17888543819998315}}, "classification_report_test": {"0": {"precision_mean": 0.6626430257234269, "precision_std": 0.009001070919902399, "recall_mean": 0.6143850105772135, "recall_std": 0.049540937164742185, "f1-score_mean": 0.6314490098297172, "f1-score_std": 0.025525286238914924, "support_mean": 3309.0, "support_std": 0.0}, "1": {"precision_mean": 0.6589582077131164, "precision_std": 0.020464655725354546, "recall_mean": 0.6955900198291085, "recall_std": 0.03230870331667902, "f1-score_mean": 0.6720243681289959, "f1-score_std": 0.008596008023102947, "support_mean": 3434.2, "support_std": 0.17888543819998315}, "macro avg": {"precision_mean": 0.6608006167182717, "precision_std": 0.009897653425358827, "recall_mean": 0.654987515203161, "recall_std": 0.011238761791890898, "f1-score_mean": 0.6517366889793565, "f1-score_std": 0.012148471369205894, "support_mean": 6743.2, "support_std": 0.17888543819998315}, "weighted avg": {"precision_mean": 0.6607662671725005, "precision_std": 0.01005709640269849, "recall_mean": 0.6557414006423603, "recall_std": 0.010667951873277029, "f1-score_mean": 0.6521132844227278, "f1-score_std": 0.01192939231605469, "support_mean": 6743.2, "support_std": 0.17888543819998315}}, "timing": {"extractor_fit": "0:00:00.136802", "filtered_features": "0:00:00.107931", "model_training_time": "0:00:23.319229"}, "selected_vocabulary": [["sharjah", "mpe", "fooling", "mse", "tugboat", "floris", "flirted", "flipper", "flooring", "tule", "apologist", "mur", "mui", "essence", "streaming", "mini", "promising", "build", "chicken", "revealed", "compelling", "cloud", "coach", "periodically", "nation", "prior", "creates", "sooner", "terrible", "auditing", "eliminated", "ethic", "discounted", "this", "have", "with", "is", "in", "on", "of", "be", "for", "from", "and", "the", "that", "you", "your", "to", "will"], ["pml", "prefaced", "vogue", "bym", "telepathy", "alaina", "jxo", "hamstrung", "fringe", "denim", "franchising", "dawg", "famer", "outfitter", "pickling", "lieberman", "strader", "acquistion", "britannia", "painless", "mrc", "pmi", "sale", "connecticut", "void", "par", "common", "palm", "certainty", "funding", "freeze", "boundary", "rig", "likewise", "bar", "officially", "lane", "familiar", "this", "in", "you", "is", "of", "on", "and", "have", "for", "to", "your", "the"], ["phonecard", "impossibility", "piggybacking", "chino", "piling", "hardie", "impairing", "viruswall", "providence", "protester", "impeached", "haunting", "pitcher", "proofreading", "harmonize", "spend", "error", "opposition", "angie", "airport", "klein", "fulfill", "selling", "divide", "strongest", "expecting", "recognition", "seriously", "strengthen", "montana", "ruling", "surprisingly", "latest", "handed", "cole", "wrap", "blake", "strongly", "is", "in", "you", "of", "this", "on", "and", "for", "to", "the", "your", "have"], ["resided", "eroded", "newsome", "nettie", "whereabouts", "quiche", "netins", "jamaican", "incongruous", "generality", "laziness", "quintana", "ieta", "educationally", "tiera", "ballpark", "solitaire", "taco", "deflection", "deformity", "roch", "erreichbar", "corrine", "lovable", "sinectis", "fsu", "corresponds", "shielding", "streaming", "leveraging", "showed", "risky", "casual", "strategy", "xx", "suspend", "attitude", "we", "inspection", "personally", "hereto", "is", "of", "for", "and", "the", "you", "to", "will", "your"], ["polytechnic", "tilley", "retake", "continous", "polluting", "antilles", "tine", "ohara", "suzhou", "bve", "speedway", "grasped", "zag", "mui", "unmistakably", "embarassed", "lastminute", "wreak", "mighty", "sends", "chance", "likewise", "excellent", "registration", "duplicate", "example", "receives", "judgment", "roy", "ours", "negative", "employed", "ut", "digit", "sight", "dial", "this", "in", "is", "have", "on", "be", "of", "for", "you", "and", "the", "to", "your", "from"]]}