{"classification_report_train": {"0": {"precision_mean": 0.9889494463560317, "precision_std": 0.0003673583838127791, "recall_mean": 0.9451042611060743, "recall_std": 0.0010526580879209964, "f1-score_mean": 0.9665277893626605, "f1-score_std": 0.0005040154907275731, "support_mean": 13236.0, "support_std": 0.0}, "1": {"precision_mean": 0.9492776010221767, "precision_std": 0.000916794230670966, "recall_mean": 0.9898229666305145, "recall_std": 0.0003477893212939858, "f1-score_mean": 0.9691247665849501, "f1-score_std": 0.000433975659622338, "support_mean": 13736.8, "support_std": 0.17888543819998315}, "macro avg": {"precision_mean": 0.9691135236891041, "precision_std": 0.0004204476393256778, "recall_mean": 0.9674636138682944, "recall_std": 0.0004762899312917354, "f1-score_mean": 0.9678262779738054, "f1-score_std": 0.0004688604321101971, "support_mean": 26972.8, "support_std": 0.17888543819998315}, "weighted avg": {"precision_mean": 0.9687452450463517, "precision_std": 0.0004282194513289675, "recall_mean": 0.9678787432337067, "recall_std": 0.00046679854514955607, "f1-score_mean": 0.9678503860467711, "f1-score_std": 0.00046821496750347594, "support_mean": 26972.8, "support_std": 0.17888543819998315}}, "classification_report_test": {"0": {"precision_mean": 0.97578039994034, "precision_std": 0.0016103071927025669, "recall_mean": 0.8935025687518887, "recall_std": 0.009855663428059538, "f1-score_mean": 0.9326593602413056, "f1-score_std": 0.004940275490791367, "support_mean": 3309.0, "support_std": 0.0}, "1": {"precision_mean": 0.9054781558176966, "precision_std": 0.007863667191803021, "recall_mean": 0.9785682010276547, "recall_std": 0.0016305389643406327, "f1-score_mean": 0.9404893442839624, "f1-score_std": 0.0037364767477284463, "support_mean": 3434.2, "support_std": 0.17888543819998315}, "macro avg": {"precision_mean": 0.9406292778790185, "precision_std": 0.003483252820728379, "recall_mean": 0.9360353848897717, "recall_std": 0.004380068704610758, "f1-score_mean": 0.9365743522626341, "f1-score_std": 0.004337857772261487, "support_mean": 6743.2, "support_std": 0.17888543819998315}, "weighted avg": {"precision_mean": 0.9399765073382678, "precision_std": 0.0035620758110825198, "recall_mean": 0.9368252151653602, "recall_std": 0.004280238959349081, "f1-score_mean": 0.9366470445070714, "f1-score_std": 0.004326704383969319, "support_mean": 6743.2, "support_std": 0.17888543819998315}}, "timing": {"extractor_fit": "0:00:00.027756", "filtered_features": "0:00:00.107146", "model_training_time": "0:00:22.603125"}, "selected_vocabulary": [["www", "offer", "see", "just", "money", "hou", "meeting", "work", "best", "day", "over", "other", "these", "ect", "they", "attached", "should", "what", "date", "original", "information", "call", "some", "group", "week", "new", "which", "price", "there", "only", "so", "may", "about", "like", "vince", "question", "my", "up", "been", "also", "wa", "email", "out", "one", "but", "now", "let", "sent", "get", "need", "do", "time", "ha", "message", "more", "know", "pm", "http", "an", "thanks", "cc", "no", "re", "would", "any", "com", "can", "here", "am", "all", "not", "or", "our", "me", "subject", "by", "it", "at", "enron", "are", "if", "please", "we", "that", "will", "from", "with", "be", "have", "this", "your", "is", "on", "in", "you", "of", "for", "and", "to", "the"], ["forwarded", "business", "mail", "what", "my", "some", "company", "date", "ect", "www", "like", "week", "these", "offer", "money", "about", "original", "they", "day", "deal", "call", "see", "which", "just", "over", "best", "should", "gas", "so", "may", "also", "there", "new", "information", "up", "price", "attached", "only", "been", "wa", "but", "question", "sent", "let", "out", "email", "time", "one", "need", "now", "get", "an", "message", "would", "do", "re", "ha", "know", "pm", "more", "cc", "can", "thanks", "http", "am", "any", "no", "or", "here", "all", "me", "com", "subject", "not", "by", "our", "at", "are", "enron", "it", "if", "please", "that", "with", "we", "will", "from", "be", "have", "this", "in", "is", "your", "on", "of", "and", "you", "for", "to", "the"], ["company", "group", "week", "www", "just", "corp", "some", "offer", "they", "deal", "money", "these", "over", "forwarded", "what", "which", "date", "like", "best", "call", "information", "about", "hou", "gas", "see", "my", "may", "day", "should", "also", "new", "attached", "sent", "so", "ect", "there", "only", "price", "up", "but", "been", "email", "wa", "question", "out", "one", "time", "now", "let", "message", "get", "do", "need", "an", "ha", "would", "pm", "know", "re", "http", "more", "no", "cc", "can", "any", "thanks", "am", "com", "or", "all", "here", "not", "our", "me", "subject", "by", "it", "at", "are", "enron", "we", "if", "that", "will", "with", "please", "from", "be", "have", "this", "is", "in", "your", "on", "of", "you", "and", "for", "to", "the"], ["money", "just", "click", "company", "corp", "these", "they", "offer", "best", "sent", "group", "what", "www", "over", "gas", "which", "some", "week", "call", "day", "see", "should", "like", "message", "new", "about", "my", "so", "information", "also", "may", "there", "been", "question", "up", "attached", "price", "forwarded", "but", "vince", "only", "wa", "hou", "one", "now", "out", "time", "let", "need", "email", "ect", "do", "get", "ha", "an", "know", "would", "more", "pm", "re", "any", "can", "http", "no", "thanks", "or", "com", "all", "here", "am", "cc", "not", "our", "me", "subject", "by", "it", "are", "we", "at", "if", "that", "from", "enron", "please", "will", "with", "be", "have", "this", "your", "in", "is", "of", "on", "you", "and", "for", "to", "the"], ["these", "gas", "money", "week", "over", "www", "click", "they", "deal", "offer", "group", "which", "forwarded", "original", "call", "best", "what", "day", "just", "some", "see", "new", "price", "information", "like", "should", "also", "about", "may", "hou", "attached", "question", "so", "been", "there", "only", "up", "my", "ect", "vince", "out", "wa", "email", "sent", "but", "one", "now", "time", "need", "do", "let", "get", "message", "ha", "an", "more", "would", "http", "know", "no", "pm", "any", "can", "com", "all", "re", "or", "thanks", "cc", "here", "not", "am", "our", "me", "by", "it", "subject", "at", "are", "enron", "if", "we", "please", "will", "that", "with", "from", "be", "have", "this", "your", "in", "is", "on", "of", "you", "and", "for", "to", "the"]]}