{"classification_report_train": {"0": {"precision_mean": 0.9801371758823185, "precision_std": 0.0015506887176641767, "recall_mean": 0.9219552734965246, "recall_std": 0.0027438417119958866, "f1-score_mean": 0.9501373210062413, "f1-score_std": 0.0012657280368343743, "support_mean": 13236.0, "support_std": 0.0}, "1": {"precision_mean": 0.928903530044933, "precision_std": 0.00226910634190658, "recall_mean": 0.981975342685406, "recall_std": 0.0014622273477118957, "f1-score_mean": 0.9546884529927194, "f1-score_std": 0.0010537526525659158, "support_mean": 13736.8, "support_std": 0.17888543819998315}, "macro avg": {"precision_mean": 0.9545203529636257, "precision_std": 0.0010362969650168938, "recall_mean": 0.9519653080909654, "recall_std": 0.0011708027559719624, "f1-score_mean": 0.9524128869994805, "f1-score_std": 0.001157398918753115, "support_mean": 26972.8, "support_std": 0.17888543819998315}, "weighted avg": {"precision_mean": 0.9540447034304551, "precision_std": 0.001048894080501039, "recall_mean": 0.9525225268110894, "recall_std": 0.0011498087474570756, "f1-score_mean": 0.9524551378253511, "f1-score_std": 0.0011554324047525371, "support_mean": 26972.8, "support_std": 0.17888543819998315}}, "classification_report_test": {"0": {"precision_mean": 0.9708544684051421, "precision_std": 0.002161438944171546, "recall_mean": 0.8952553641583559, "recall_std": 0.013128857192444098, "f1-score_mean": 0.9312683330437259, "f1-score_std": 0.007228302670202173, "support_mean": 3309.0, "support_std": 0.0}, "1": {"precision_mean": 0.9067567172366541, "precision_std": 0.010576312975527568, "recall_mean": 0.97408414358004, "recall_std": 0.002069157390044134, "f1-score_mean": 0.9390406804068828, "f1-score_std": 0.005616841354323497, "support_mean": 3434.2, "support_std": 0.17888543819998315}, "macro avg": {"precision_mean": 0.9388055928208981, "precision_std": 0.00543063037262093, "recall_mean": 0.934669753869198, "recall_std": 0.006467650302212936, "f1-score_mean": 0.9351545067253044, "f1-score_std": 0.006420788621015744, "support_mean": 6743.2, "support_std": 0.17888543819998315}, "weighted avg": {"precision_mean": 0.9382100290130108, "precision_std": 0.0055232000185316795, "recall_mean": 0.9354022289975509, "recall_std": 0.006346086255512652, "f1-score_mean": 0.9352267485524042, "f1-score_std": 0.006405711892561421, "support_mean": 6743.2, "support_std": 0.17888543819998315}}, "timing": {"extractor_fit": "0:06:31.794443", "filtered_features": "0:00:00.099693", "model_training_time": "0:00:05.220050"}, "selected_vocabulary": [["mike", "energy", "sent", "discus", "issue", "thursday", "if", "wednesday", "gas", "scheduling", "date", "comment", "please", "monday", "money", "california", "portland", "will", "call", "friday", "re", "kitchen", "know", "would", "on", "john", "here", "corp", "group", "original", "let", "me", "attached", "http", "question", "schedule", "meeting", "houston", "thanks", "louise", "forwarded", "hou", "kaminski", "am", "ect", "subject", "vince", "pm", "cc", "enron"], ["call", "wednesday", "deal", "david", "email", "fyi", "know", "site", "friday", "meter", "fw", "save", "viagra", "software", "hourahead", "monday", "click", "vince", "thousand", "california", "john", "daren", "portland", "scheduling", "kitchen", "money", "original", "me", "hpl", "let", "meeting", "corp", "here", "schedule", "houston", "your", "question", "gas", "am", "attached", "thanks", "louise", "http", "hou", "forwarded", "ect", "subject", "pm", "cc", "enron"], ["monday", "fyi", "if", "deal", "stop", "john", "re", "comment", "save", "date", "thousand", "california", "meter", "hourahead", "friday", "group", "viagra", "on", "portland", "call", "please", "know", "scheduling", "louise", "daren", "your", "money", "hpl", "here", "meeting", "me", "kaminski", "corp", "let", "houston", "attached", "schedule", "http", "gas", "question", "vince", "am", "thanks", "forwarded", "hou", "ect", "subject", "pm", "cc", "enron"], ["viagra", "offer", "the", "friday", "oo", "your", "prescription", "call", "would", "php", "meter", "online", "re", "dollar", "fyi", "will", "click", "group", "no", "louise", "please", "stop", "thousand", "know", "schedule", "daren", "money", "hpl", "on", "gas", "let", "here", "me", "question", "meeting", "corp", "houston", "attached", "http", "kaminski", "thanks", "am", "subject", "forwarded", "vince", "hou", "ect", "pm", "cc", "enron"], ["if", "meter", "issue", "online", "thursday", "call", "david", "energy", "would", "wednesday", "save", "monday", "friday", "viagra", "john", "please", "group", "kitchen", "daren", "money", "on", "your", "original", "know", "schedule", "hpl", "click", "re", "here", "question", "meeting", "me", "houston", "corp", "let", "gas", "http", "louise", "attached", "kaminski", "forwarded", "am", "thanks", "hou", "ect", "subject", "vince", "pm", "cc", "enron"]]}