{"classification_report_train": {"0": {"precision_mean": 0.9946746040593013, "precision_std": 0.00036427635055770355, "recall_mean": 0.965140525838622, "recall_std": 0.0006427121747256752, "f1-score_mean": 0.9796844223348307, "f1-score_std": 0.00040086269353094647, "support_mean": 13236.0, "support_std": 0.0}, "1": {"precision_mean": 0.9673471871372831, "precision_std": 0.000584644812342134, "recall_mean": 0.9950206811722113, "recall_std": 0.00034241793975070696, "f1-score_mean": 0.9809883049290239, "f1-score_std": 0.000368640588177485, "support_mean": 13736.8, "support_std": 0.17888543819998315}, "macro avg": {"precision_mean": 0.9810108955982921, "precision_std": 0.0003722894397207002, "recall_mean": 0.9800806035054167, "recall_std": 0.0003875674808329155, "f1-score_mean": 0.9803363636319273, "f1-score_std": 0.00038471072416964663, "support_mean": 26972.8, "support_std": 0.17888543819998315}, "weighted avg": {"precision_mean": 0.9807572076784276, "precision_std": 0.000374929189007614, "recall_mean": 0.9803579893876553, "recall_std": 0.00038406537347877796, "f1-score_mean": 0.9803484680219936, "f1-score_std": 0.00038441176009906906, "support_mean": 26972.8, "support_std": 0.17888543819998315}}, "classification_report_test": {"0": {"precision_mean": 0.9854674383308939, "precision_std": 0.0012386943352265456, "recall_mean": 0.933393774554246, "recall_std": 0.0049801512161788495, "f1-score_mean": 0.958683996221712, "f1-score_std": 0.002513217382856469, "support_mean": 3309.0, "support_std": 0.0}, "1": {"precision_mean": 0.9390368492219029, "precision_std": 0.004324500053759959, "recall_mean": 0.9867215676101388, "recall_std": 0.0011640263164932585, "f1-score_mean": 0.9622578272308348, "f1-score_std": 0.002149457115127074, "support_mean": 3434.2, "support_std": 0.17888543819998315}, "macro avg": {"precision_mean": 0.9622521437763984, "precision_std": 0.0020952750870395485, "recall_mean": 0.9600576710821924, "recall_std": 0.0023657626515913434, "f1-score_mean": 0.9604709117262733, "f1-score_std": 0.0023308591493450617, "support_mean": 6743.2, "support_std": 0.17888543819998315}, "weighted avg": {"precision_mean": 0.9618209613209177, "precision_std": 0.0021334437691171407, "recall_mean": 0.9605528970863683, "recall_std": 0.0023198108031852976, "f1-score_mean": 0.9605040969570442, "f1-score_std": 0.002327479289957881, "support_mean": 6743.2, "support_std": 0.17888543819998315}}, "timing": {"extractor_fit": "0:00:00.071316", "filtered_features": "0:00:00.109725", "model_training_time": "0:00:30.297538"}, "selected_vocabulary": [["plan", "hour", "th", "good", "life", "result", "many", "send", "dollar", "first", "final", "fw", "his", "process", "below", "thursday", "before", "how", "wish", "world", "way", "working", "service", "million", "today", "trading", "save", "thank", "into", "start", "team", "back", "california", "use", "two", "were", "research", "through", "software", "security", "future", "office", "file", "review", "help", "had", "address", "name", "than", "stop", "risk", "deal", "take", "number", "john", "change", "look", "management", "them", "think", "monday", "well", "product", "go", "very", "last", "net", "want", "who", "next", "contact", "friday", "business", "when", "gas", "market", "could", "issue", "online", "forward", "year", "make", "free", "corp", "power", "following", "their", "louise", "mail", "energy", "order", "regard", "see", "site", "he", "schedule", "day", "company", "click", "just", "houston", "other", "work", "forwarded", "these", "kaminski", "www", "offer", "what", "best", "over", "they", "information", "new", "should", "money", "hou", "meeting", "which", "some", "date", "up", "there", "about", "attached", "may", "like", "so", "original", "ect", "been", "week", "call", "price", "only", "wa", "my", "group", "also", "but", "out", "one", "question", "need", "vince", "get", "email", "time", "do", "now", "sent", "let", "ha", "an", "message", "more", "know", "can", "no", "any", "re", "pm", "thanks", "http", "would", "all", "or", "not", "com", "cc", "here", "am", "our", "by", "me", "it", "subject", "at", "we", "are", "if", "please", "that", "from", "with", "be", "will", "enron", "this", "have", "is", "your", "in", "on", "you", "of", "for", "and", "to", "the"], ["volume", "reply", "review", "good", "help", "regard", "system", "right", "report", "without", "thousand", "visit", "team", "receive", "after", "account", "state", "made", "final", "professional", "fw", "dollar", "forward", "management", "before", "start", "list", "back", "think", "how", "within", "well", "contact", "market", "result", "had", "many", "world", "california", "website", "who", "wish", "month", "number", "service", "send", "were", "john", "million", "today", "monday", "next", "last", "contract", "stop", "friday", "could", "them", "life", "save", "year", "through", "he", "into", "work", "way", "security", "future", "when", "power", "software", "use", "name", "than", "take", "issue", "other", "address", "their", "schedule", "product", "houston", "go", "energy", "following", "change", "net", "file", "meeting", "online", "make", "louise", "want", "what", "order", "free", "my", "these", "like", "business", "group", "corp", "some", "day", "which", "about", "mail", "see", "they", "company", "week", "hou", "click", "site", "may", "date", "forwarded", "so", "should", "just", "www", "also", "new", "over", "deal", "up", "call", "there", "offer", "ect", "original", "money", "been", "best", "wa", "but", "information", "gas", "price", "only", "sent", "time", "attached", "need", "question", "out", "an", "let", "one", "get", "email", "message", "now", "would", "ha", "do", "re", "know", "can", "any", "more", "pm", "or", "cc", "thanks", "no", "am", "http", "all", "me", "by", "com", "not", "here", "are", "at", "subject", "our", "it", "with", "if", "that", "we", "please", "will", "from", "be", "have", "enron", "this", "in", "is", "of", "on", "your", "and", "for", "you", "to", "the"], ["risk", "final", "made", "most", "how", "within", "after", "website", "office", "two", "first", "california", "john", "hpl", "send", "power", "professional", "system", "dollar", "account", "wish", "review", "before", "without", "below", "hour", "volume", "were", "market", "management", "many", "thank", "had", "service", "today", "last", "back", "contract", "th", "life", "result", "million", "start", "world", "way", "think", "monday", "look", "well", "who", "year", "month", "next", "use", "them", "help", "name", "into", "future", "kaminski", "through", "net", "he", "could", "save", "address", "stop", "security", "issue", "number", "contact", "than", "friday", "forward", "software", "take", "product", "go", "when", "their", "other", "want", "free", "make", "energy", "change", "work", "business", "houston", "meeting", "schedule", "click", "file", "following", "online", "mail", "original", "company", "order", "just", "some", "they", "site", "these", "week", "which", "like", "what", "vince", "about", "group", "new", "day", "information", "www", "may", "deal", "over", "see", "my", "offer", "corp", "also", "up", "date", "should", "so", "best", "but", "money", "been", "there", "call", "wa", "forwarded", "sent", "gas", "hou", "only", "time", "price", "attached", "out", "one", "ect", "email", "question", "do", "an", "need", "message", "get", "now", "ha", "let", "would", "can", "re", "know", "or", "more", "any", "pm", "no", "http", "all", "com", "not", "thanks", "cc", "am", "here", "by", "our", "me", "are", "it", "at", "subject", "we", "with", "that", "if", "from", "will", "please", "be", "have", "enron", "this", "is", "in", "of", "on", "your", "and", "you", "for", "to", "the"], ["monday", "two", "below", "link", "office", "don", "hpl", "reply", "visit", "were", "system", "made", "contract", "professional", "risk", "thousand", "team", "back", "within", "save", "schedule", "way", "without", "power", "month", "result", "act", "them", "market", "state", "most", "research", "software", "had", "th", "receive", "list",