{"classification_report_train": {"0": {"precision_mean": 0.9796803834719856, "precision_std": 0.0013067123673057418, "recall_mean": 0.9456935630099729, "recall_std": 0.0011024104244143065, "f1-score_mean": 0.9623807512065106, "f1-score_std": 0.000498114868019712, "support_mean": 13236.0, "support_std": 0.0}, "1": {"precision_mean": 0.9493737834847009, "precision_std": 0.0009360655635097736, "recall_mean": 0.9810872239286412, "recall_std": 0.0012610480913594123, "f1-score_mean": 0.9649648980473209, "f1-score_std": 0.0004814534910880975, "support_mean": 13736.8, "support_std": 0.17888543819998315}, "macro avg": {"precision_mean": 0.9645270834783432, "precision_std": 0.0005128606183882147, "recall_mean": 0.963390393469307, "recall_std": 0.00048416621421656865, "f1-score_mean": 0.9636728246269157, "f1-score_std": 0.0004882185687869972, "support_mean": 26972.8, "support_std": 0.17888543819998315}, "weighted avg": {"precision_mean": 0.9642457049211988, "precision_std": 0.0005055923726105823, "recall_mean": 0.963718999097526, "recall_std": 0.00048819810186030824, "f1-score_mean": 0.9636968152997462, "f1-score_std": 0.00048806699487999094, "support_mean": 26972.8, "support_std": 0.17888543819998315}}, "classification_report_test": {"0": {"precision_mean": 0.9720761727517848, "precision_std": 0.0023513044346948936, "recall_mean": 0.914596554850408, "recall_std": 0.012070582443530807, "f1-score_mean": 0.9421934022539563, "f1-score_std": 0.005593759713586187, "support_mean": 3309.0, "support_std": 0.0}, "1": {"precision_mean": 0.9227871564483401, "precision_std": 0.010093882902121402, "recall_mean": 0.9745500386154721, "recall_std": 0.0024498772466880893, "f1-score_mean": 0.9477612756786644, "f1-score_std": 0.004415479992221463, "support_mean": 3434.2, "support_std": 0.17888543819998315}, "macro avg": {"precision_mean": 0.9474316646000623, "precision_std": 0.004246341292884624, "recall_mean": 0.94457329673294, "recall_std": 0.005087234605989479, "f1-score_mean": 0.9449773389663105, "f1-score_std": 0.005003750704123678, "support_mean": 6743.2, "support_std": 0.17888543819998315}, "weighted avg": {"precision_mean": 0.9469737268804804, "precision_std": 0.00435226558075296, "recall_mean": 0.9451303218715108, "recall_std": 0.004959325976241205, "f1-score_mean": 0.9450290732714276, "f1-score_std": 0.004992756774553794, "support_mean": 6743.2, "support_std": 0.17888543819998315}}, "timing": {"extractor_fit": "0:00:00.121823", "filtered_features": "0:00:00.103695", "model_training_time": "0:00:03.474735"}, "selected_vocabulary": [["derivative", "corel", "photoshop", "mailing", "pipeline", "professional", "life", "gibner", "october", "lavorato", "yesterday", "chris", "summary", "tomorrow", "scheduled", "xp", "me", "date", "dave", "log", "presentation", "cialis", "greg", "drug", "energy", "sex", "employee", "mark", "call", "eb", "edu", "featured", "ancillary", "detected", "tuesday", "save", "issue", "crenshaw", "medication", "david", "stop", "med", "doc", "stinson", "fw", "prescription", "gas", "money", "txt", "steve", "pill", "variance", "fyi", "sally", "thursday", "ena", "monday", "oo", "shirley", "conference", "kevin", "parsing", "discus", "westdesk", "jeff", "thousand", "friday", "http", "wednesday", "group", "php", "mike", "let", "california", "viagra", "hourahead", "comment", "original", "john", "corp", "scheduling", "thanks", "portland", "kitchen", "attached", "question", "am", "subject", "meeting", "schedule", "houston", "louise", "forwarded", "hou", "ect", "kaminski", "vince", "pm", "cc", "enron"], ["advertisement", "mx", "lavorato", "contract", "scheduled", "chris", "wiil", "logo", "energy", "doc", "xp", "greg", "sitara", "drug", "cialis", "enronxgate", "october", "revised", "discus", "site", "nomination", "dave", "issue", "tuesday", "april", "kevin", "pipeline", "medication", "mark", "prescription", "featured", "stop", "click", "med", "ancillary", "nom", "detected", "thursday", "friday", "pill", "sex", "life", "here", "steve", "monday", "professional", "software", "jeff", "david", "mailing", "save", "fw", "wednesday", "bob", "let", "comment", "txt", "original", "mike", "variance", "oo", "sally", "kaminski", "california", "mmbtu", "parsing", "money", "john", "ena", "westdesk", "fyi", "meter", "php", "thousand", "am", "vince", "hourahead", "viagra", "daren", "portland", "thanks", "kitchen", "scheduling", "subject", "question", "corp", "meeting", "http", "gas", "hpl", "schedule", "attached", "houston", "louise", "hou", "ect", "forwarded", "pm", "cc", "enron"], ["doc", "energy", "issue", "revised", "online", "crenshaw", "adobe", "advertisement", "farmer", "stinson", "biz", "me", "fw", "corel", "photoshop", "volume", "eb", "conference", "mark", "nomination", "sitara", "group", "david", "employee", "pipeline", "thursday", "log", "shirley", "featured", "here", "kitchen", "xp", "life", "wednesday", "software", "drug", "october", "discus", "monday", "detected", "cialis", "sex", "call", "ancillary", "nom", "jeff", "stop", "friday", "kevin", "save", "steve", "john", "oo", "pill", "medication", "txt", "med", "california", "bob", "mike", "sally", "ena", "prescription", "variance", "thousand", "comment", "parsing", "fyi", "mmbtu", "westdesk", "php", "meter", "money", "hourahead", "http", "let", "viagra", "portland", "am", "scheduling", "louise", "daren", "meeting", "attached", "thanks", "question", "corp", "gas", "hpl", "subject", "houston", "schedule", "kaminski", "vince", "hou", "forwarded", "ect", "pm", "cc", "enron"], ["software", "meaning", "wish", "low", "security", "farmer", "act", "advice", "construed", "pipeline", "biz", "pain", "thursday", "gibner", "scheduled", "nomination", "me", "enronxgate", "kitchen", "spam", "subscriber", "life", "group", "sitara", "wednesday", "differ", "remove", "eb", "xp", "professional", "sex", "friday", "investing", "brand", "cialis", "scheduling", "jeff", "conference", "edu", "april", "online", "click", "save", "discus", "john", "comment", "watch", "hundred", "crenshaw", "nom", "here", "medication", "kevin", "mailing", "stinson", "bob", "doc", "med", "sally", "dollar", "steve", "drug", "mike", "featured", "shirley", "pill", "ena", "mmbtu", "oo", "viagra", "prescription", "let", "meter", "stop", "php", "fyi", "louise", "money", "question", "schedule", "thousand", "gas", "http", "daren", "thanks", "corp", "meeting", "hpl", "am", "subject", "attached", "houston", "kaminski", "vince", "forwarded", "hou", "ect", "pm", "cc", "enron"], ["chris", "software", "men", "stop", "know", "parsing", "eb", "photoshop", "smith", "texas", "biz", "gibner", "robert", "california", "westdesk", "sitara", "spam", "logo", "re", "remove", "mark", "hourahead", "me", "edu", "issue", "online", "variance", "professional", "xp", "energy", "discus", "mailing", "tuesday", "medication", "drug", "april", "fw", "conference", "cialis", "life", "here", "group", "bob", "crenshaw", "nom", "comment", "jeff", "doc", "steve", "stinson", "kevin", "mmbtu", "pill", "sex", "mike", "thousand", "thursday", "med", "portland", "php", "prescription", "david", "ena", "save", "original", "monday", "shirley", "wednesday", "money", "friday", "scheduling", "meter", "fyi", "john", "let", "http", "question", "click", "viagra", "kitchen", "daren", "schedule", "meeting", "hpl", "gas", "corp", "am", "houston", "thanks", "attached", "subject", "louise", "kaminski", "forwarded", "hou", "ect", "vince", "pm", "cc", "enron"]]}