{"classification_report_train": {"0": {"precision_mean": 0.9778268691775844, "precision_std": 0.0018676280198959992, "recall_mean": 0.9234360834088848, "recall_std": 0.0017361208090322594, "f1-score_mean": 0.9498368708373969, "f1-score_std": 0.0002901520597127758, "support_mean": 13236.0, "support_std": 0.0}, "1": {"precision_mean": 0.9299997356260261, "precision_std": 0.001365475820126636, "recall_mean": 0.9797914321833119, "recall_std": 0.001776039219899048, "f1-score_mean": 0.9542340419150885, "f1-score_std": 0.0002935501737665906, "support_mean": 13736.8, "support_std": 0.17888543819998315}, "macro avg": {"precision_mean": 0.9539133024018053, "precision_std": 0.00037376821745089623, "recall_mean": 0.9516137577960982, "recall_std": 0.0002765312606138665, "f1-score_mean": 0.9520354563762427, "f1-score_std": 0.00028004023582179027, "support_mean": 26972.8, "support_std": 0.17888543819998315}, "weighted avg": {"precision_mean": 0.953469273393585, "precision_std": 0.0003541407621072525, "recall_mean": 0.9521369599038622, "recall_std": 0.0002808583988496344, "f1-score_mean": 0.9520762783990662, "f1-score_std": 0.0002800881154018182, "support_mean": 26972.8, "support_std": 0.17888543819998315}}, "classification_report_test": {"0": {"precision_mean": 0.9689245356044592, "precision_std": 0.002679286857459419, "recall_mean": 0.8957388939256574, "recall_std": 0.012412396076246474, "f1-score_mean": 0.9306606137516621, "f1-score_std": 0.006765132528903752, "support_mean": 3309.0, "support_std": 0.0}, "1": {"precision_mean": 0.9069352420734861, "precision_std": 0.010103089720342628, "recall_mean": 0.9722786519597246, "recall_std": 0.002514066261585125, "f1-score_mean": 0.938307071103486, "f1-score_std": 0.005339821903457518, "support_mean": 3434.2, "support_std": 0.17888543819998315}, "macro avg": {"precision_mean": 0.9379298888389727, "precision_std": 0.005211653224369321, "recall_mean": 0.934008772942691, "recall_std": 0.006101056013749236, "f1-score_mean": 0.9344838424275739, "f1-score_std": 0.006049629896188053, "support_mean": 6743.2, "support_std": 0.17888543819998315}, "weighted avg": {"precision_mean": 0.9373539589744926, "precision_std": 0.005296954592520059, "recall_mean": 0.9347199037216047, "recall_std": 0.005988086185235745, "f1-score_mean": 0.9345548962819692, "f1-score_std": 0.0060363155602146815, "support_mean": 6743.2, "support_std": 0.17888543819998315}}, "timing": {"extractor_fit": "0:00:00.377449", "filtered_features": "0:00:00.108330", "model_training_time": "0:00:04.465989"}, "selected_vocabulary": [["conference", "stop", "mike", "scheduling", "fw", "thousand", "sent", "discus", "thursday", "energy", "wednesday", "portland", "issue", "comment", "gas", "re", "date", "kitchen", "monday", "california", "would", "money", "here", "know", "call", "friday", "john", "corp", "group", "me", "original", "http", "let", "attached", "schedule", "question", "louise", "houston", "meeting", "forwarded", "thanks", "kaminski", "hou", "am", "ect", "subject", "vince", "pm", "cc", "enron"], ["know", "professional", "email", "wednesday", "energy", "life", "david", "issue", "call", "deal", "site", "vince", "friday", "save", "fw", "software", "daren", "monday", "thousand", "portland", "click", "scheduling", "california", "john", "kitchen", "me", "your", "hpl", "money", "original", "let", "here", "meeting", "schedule", "corp", "houston", "question", "gas", "am", "louise", "thanks", "hou", "attached", "http", "forwarded", "ect", "subject", "pm", "cc", "enron"], ["online", "your", "re", "energy", "comment", "meter", "software", "viagra", "thousand", "original", "monday", "stop", "please", "john", "save", "deal", "california", "date", "friday", "portland", "group", "scheduling", "louise", "daren", "know", "call", "hpl", "money", "here", "me", "kaminski", "meeting", "houston", "schedule", "corp", "let", "http", "attached", "gas", "question", "vince", "am", "thanks", "forwarded", "hou", "ect", "subject", "pm", "cc", "enron"], ["discus", "mike", "please", "issue", "on", "mailing", "energy", "save", "john", "meter", "would", "offer", "re", "fyi", "friday", "louise", "no", "call", "online", "dollar", "click", "group", "daren", "thousand", "stop", "know", "schedule", "hpl", "money", "me", "here", "gas", "let", "meeting", "question", "corp", "houston", "http", "attached", "kaminski", "thanks", "am", "subject", "forwarded", "vince", "hou", "ect", "pm", "cc", "enron"], ["meter", "fw", "life", "please", "would", "deal", "viagra", "thursday", "wednesday", "issue", "david", "online", "call", "energy", "save", "monday", "kitchen", "daren", "friday", "john", "group", "hpl", "money", "know", "schedule", "original", "re", "here", "click", "me", "meeting", "question", "houston", "corp", "let", "gas", "http", "louise", "attached", "kaminski", "forwarded", "am", "thanks", "hou", "ect", "vince", "subject", "pm", "cc", "enron"]]}