{"classification_report_train": {"0": {"precision_mean": 0.9919172928514148, "precision_std": 0.00031604030298696756, "recall_mean": 0.9661226956784527, "recall_std": 0.0005958903617463375, "f1-score_mean": 0.9788497727032567, "f1-score_std": 0.0004132532073073053, "support_mean": 13236.0, "support_std": 0.0}, "1": {"precision_mean": 0.9681567708291858, "precision_std": 0.0005468899933455274, "recall_mean": 0.9924145405817896, "recall_std": 0.0002965005323898175, "f1-score_mean": 0.9801353223976339, "f1-score_std": 0.00038165685295997134, "support_mean": 13736.8, "support_std": 0.17888543819998315}, "macro avg": {"precision_mean": 0.9800370318403004, "precision_std": 0.0003871444146362422, "recall_mean": 0.9792686181301212, "recall_std": 0.00039996081122262763, "f1-score_mean": 0.9794925475504452, "f1-score_std": 0.0003974350440395827, "support_mean": 26972.8, "support_std": 0.17888543819998315}, "weighted avg": {"precision_mean": 0.9798164491244217, "precision_std": 0.00038958445105981786, "recall_mean": 0.9795127007531093, "recall_std": 0.0003968332624391893, "f1-score_mean": 0.9795044821427622, "f1-score_std": 0.00039713966334474103, "support_mean": 26972.8, "support_std": 0.17888543819998315}}, "classification_report_test": {"0": {"precision_mean": 0.9839080834478988, "precision_std": 0.0019760638958152854, "recall_mean": 0.937685101239045, "recall_std": 0.005750752691892521, "f1-score_mean": 0.9601619884394097, "f1-score_std": 0.0020941179079488276, "support_mean": 3309.0, "support_std": 0.0}, "1": {"precision_mean": 0.9427288227610943, "precision_std": 0.004921450530133078, "recall_mean": 0.9851491082835485, "recall_std": 0.0019406847211331246, "f1-score_mean": 0.9634106820252242, "f1-score_std": 0.0016643361254537455, "support_mean": 3434.2, "support_std": 0.17888543819998315}, "macro avg": {"precision_mean": 0.9633184531044965, "precision_std": 0.0015155618897098736, "recall_mean": 0.9614171047612968, "recall_std": 0.0019352568664355925, "f1-score_mean": 0.9617863352323169, "f1-score_std": 0.0018789955494445682, "support_mean": 6743.2, "support_std": 0.17888543819998315}, "weighted avg": {"precision_mean": 0.9629359246978175, "precision_std": 0.0015781464604141002, "recall_mean": 0.9618580069591083, "recall_std": 0.0018646386909242205, "f1-score_mean": 0.9618165105226837, "f1-score_std": 0.0018749804101111946, "support_mean": 6743.2, "support_std": 0.17888543819998315}}, "timing": {"extractor_fit": "0:01:21.200690", "filtered_features": "0:00:00.023738", "model_training_time": "0:00:09.447643"}, "selected_vocabulary": [["want", "de", "dave", "number", "viagra", "ca", "draft", "presentation", "looking", "comment", "call", "jeff", "man", "change", "save", "window", "which", "fyi", "message", "quality", "group", "kevin", "net", "plan", "this", "following", "med", "is", "to", "watch", "know", "contract", "product", "file", "country", "any", "life", "issue", "mike", "offer", "site", "steve", "get", "mark", "click", "money", "sent", "sally", "low", "date", "for", "let", "update", "friday", "california", "mail", "hello", "doc", "risk", "power", "monday", "trading", "mobile", "more", "remove", "best", "if", "at", "kaminski", "email", "account", "you", "would", "houston", "energy", "gas", "free", "now", "on", "question", "com", "will", "software", "our", "meeting", "pm", "please", "online", "not", "here", "the", "schedule", "http", "attached", "no", "thanks", "louise", "your", "vince", "enron"], ["dollar", "than", "tuesday", "forwarded", "free", "thousand", "to", "med", "her", "agreement", "mark", "man", "we", "me", "order", "group", "cheap", "any", "sent", "de", "let", "am", "get", "dave", "viagra", "date", "country", "for", "following", "sally", "april", "product", "this", "call", "info", "price", "quality", "click", "meter", "contract", "world", "cc", "fw", "watch", "mail", "friday", "deal", "monday", "trading", "comment", "california", "only", "houston", "hpl", "mobile", "about", "know", "best", "life", "remove", "daren", "if", "doc", "hello", "can", "money", "more", "an", "account", "energy", "at", "have", "meeting", "now", "site", "vince", "email", "on", "pm", "is", "question", "will", "online", "our", "software", "com", "schedule", "not", "gas", "here", "please", "you", "the", "louise", "http", "thanks", "no", "attached", "your", "enron"], ["mark", "order", "only", "pill", "dollar", "country", "read", "october", "employee", "fyi", "to", "viagra", "risk", "volume", "at", "of", "note", "life", "call", "kevin", "dave", "california", "sent", "group", "best", "message", "thank", "account", "result", "date", "hpl", "me", "interested", "let", "like", "free", "offer", "hope", "sally", "contract", "get", "mobile", "product", "file", "list", "trading", "more", "quality", "change", "watch", "site", "remove", "low", "de", "med", "energy", "hello", "mail", "deal", "is", "now", "number", "fw", "would", "meter", "not", "daren", "doc", "cc", "email", "for", "know", "monday", "question", "meeting", "com", "money", "on", "houston", "if", "the", "louise", "have", "gas", "will", "pm", "software", "online", "please", "our", "no", "here", "you", "http", "schedule", "thanks", "vince", "attached", "your", "enron"], ["update", "may", "agreement", "stop", "group", "removed", "volume", "site", "option", "mark", "dollar", "california", "deal", "regard", "hope", "to", "thank", "life", "fw", "ca", "low", "report", "if", "only", "product", "april", "number", "would", "have", "model", "hello", "me", "get", "sally", "med", "fyi", "mobile", "watch", "forwarded", "free", "is", "risk", "hpl", "call", "following", "file", "texas", "monday", "quality", "looking", "power", "energy", "mail", "offer", "meter", "know", "change", "we", "money", "friday", "account", "now", "on", "more", "remove", "best", "cc", "com", "contract", "am", "pm", "please", "let", "email", "software", "daren", "schedule", "louise", "doc", "houston", "meeting", "online", "our", "for", "question", "kaminski", "gas", "at", "not", "here", "the", "you", "will", "no", "attached", "http", "thanks", "your", "vince", "enron"], ["are", "model", "bob", "worldwide", "reply", "for", "hope", "quality", "price", "fax", "june", "california", "forwarded", "when", "to", "draft", "steve", "her", "message", "med", "am", "desk", "best", "research", "fyi", "free", "viagra", "that", "me", "professional", "trading", "update", "number", "call", "watch", "offer", "hello", "life", "plan", "stop", "this", "account", "file", "at", "country", "change", "mobile", "contract", "would", "mail", "monday", "issue", "hpl", "click", "fw", "meter", "now", "cc", "kaminski", "let", "will", "mark", "an", "friday", "email", "on", "energy", "houston", "our", "more", "is", "meeting", "deal", "site", "daren", "doc", "money", "remove", "com", "have", "software", "not", "the", "know", "you", "gas", "question", "please", "online", "schedule", "pm", "no", "here", "http", "louise", "attached", "thanks", "vince", "your", "enron"]]}