{"classification_report_train": {"0": {"precision_mean": 0.9690967580995974, "precision_std": 0.0017889252719549451, "recall_mean": 0.9152160773647628, "recall_std": 0.0013628456652144132, "f1-score_mean": 0.9413759587747214, "f1-score_std": 0.0007604062569836088, "support_mean": 13236.0, "support_std": 0.0}, "1": {"precision_mean": 0.9224701083488682, "precision_std": 0.0010838234510325267, "recall_mean": 0.9718566850454555, "recall_std": 0.0017083522577522863, "f1-score_mean": 0.9465120355838911, "f1-score_std": 0.0007416640220868929, "support_mean": 13736.8, "support_std": 0.17888543819998315}, "macro avg": {"precision_mean": 0.9457834332242328, "precision_std": 0.0008073721124015881, "recall_mean": 0.9435363812051092, "recall_std": 0.0007410312730368205, "f1-score_mean": 0.943943997179306, "f1-score_std": 0.0007474644944441268, "support_mean": 26972.8, "support_std": 0.17888543819998315}, "weighted avg": {"precision_mean": 0.9453506077438598, "precision_std": 0.0007959992782498258, "recall_mean": 0.9440621673628744, "recall_std": 0.0007480662131196864, "f1-score_mean": 0.9439916757760125, "f1-score_std": 0.0007472901778858776, "support_mean": 26972.8, "support_std": 0.17888543819998315}}, "classification_report_test": {"0": {"precision_mean": 0.9467922267014398, "precision_std": 0.0034532872729823782, "recall_mean": 0.8629797521909943, "recall_std": 0.016776026776662272, "f1-score_mean": 0.902359511009317, "f1-score_std": 0.008029109764141337, "support_mean": 3309.0, "support_std": 0.0}, "1": {"precision_mean": 0.8794405482920945, "precision_std": 0.012405560196361888, "recall_mean": 0.9529430076323842, "recall_std": 0.0038810490119793608, "f1-score_mean": 0.9143509491036234, "f1-score_std": 0.005244472130596632, "support_mean": 3434.2, "support_std": 0.17888543819998315}, "macro avg": {"precision_mean": 0.9131163874967673, "precision_std": 0.0048214078666154216, "recall_mean": 0.9079613799116892, "recall_std": 0.0066520192799827925, "f1-score_mean": 0.9083552300564701, "f1-score_std": 0.0066306159016202995, "support_mean": 6743.2, "support_std": 0.17888543819998315}, "weighted avg": {"precision_mean": 0.9124902772849964, "precision_std": 0.004959242820247479, "recall_mean": 0.9087976785028505, "recall_std": 0.006464837797420058, "f1-score_mean": 0.9084667128406538, "f1-score_std": 0.006604548228698914, "support_mean": 6743.2, "support_std": 0.17888543819998315}}, "timing": {"extractor_fit": "0:00:00.071052", "filtered_features": "0:00:00.107229", "model_training_time": "0:00:18.816782"}, "selected_vocabulary": [["sent", "let", "ha", "an", "message", "more", "know", "can", "no", "any", "re", "pm", "thanks", "http", "would", "all", "or", "not", "com", "cc", "here", "am", "our", "by", "me", "it", "subject", "at", "we", "are", "if", "please", "that", "from", "with", "be", "will", "enron", "this", "have", "is", "your", "in", "on", "you", "of", "for", "and", "to", "the"], ["email", "message", "now", "would", "ha", "do", "re", "know", "can", "any", "more", "pm", "or", "cc", "thanks", "no", "am", "http", "all", "me", "by", "com", "not", "here", "are", "at", "subject", "our", "it", "with", "if", "that", "we", "please", "will", "from", "be", "have", "enron", "this", "in", "is", "of", "on", "your", "and", "for", "you", "to", "the"], ["message", "get", "now", "ha", "let", "would", "can", "re", "know", "or", "more", "any", "pm", "no", "http", "all", "com", "not", "thanks", "cc", "am", "here", "by", "our", "me", "are", "it", "at", "subject", "we", "with", "that", "if", "from", "will", "please", "be", "have", "enron", "this", "is", "in", "of", "on", "your", "and", "you", "for", "to", "the"], ["let", "hou", "ha", "email", "ect", "can", "know", "would", "any", "re", "more", "or", "pm", "not", "no", "all", "http", "com", "thanks", "here", "it", "am", "our", "me", "by", "cc", "are", "we", "at", "subject", "if", "that", "from", "with", "please", "will", "be", "have", "this", "enron", "is", "in", "your", "of", "you", "and", "on", "for", "to", "the"], ["get", "message", "an", "ha", "let", "can", "would", "any", "more", "or", "know", "no", "com", "all", "http", "not", "pm", "re", "thanks", "by", "here", "our", "cc", "am", "it", "are", "me", "we", "at", "with", "if", "subject", "that", "please", "will", "from", "be", "this", "have", "enron", "is", "in", "of", "your", "on", "and", "you", "for", "to", "the"]]}