{"classification_report_train": {"0": {"precision_mean": 0.9947644557440618, "precision_std": 0.00020449823354723112, "recall_mean": 0.9675732849803567, "recall_std": 0.000613188027042809, "f1-score_mean": 0.980980174188883, "f1-score_std": 0.00039425777902507586, "support_mean": 13236.0, "support_std": 0.0}, "1": {"precision_mean": 0.969558485743752, "precision_std": 0.0005623388671071129, "recall_mean": 0.9950934613713673, "recall_std": 0.0001905576911517177, "f1-score_mean": 0.9821597745451088, "f1-score_std": 0.000362310887338239, "support_mean": 13736.8, "support_std": 0.17888543819998315}, "macro avg": {"precision_mean": 0.9821614707439071, "precision_std": 0.0003636371038767282, "recall_mean": 0.981333373175862, "recall_std": 0.0003817314192692948, "f1-score_mean": 0.981569974366996, "f1-score_std": 0.00037827795576342413, "support_mean": 26972.8, "support_std": 0.17888543819998315}, "weighted avg": {"precision_mean": 0.9819274728085496, "precision_std": 0.00036711048509985886, "recall_mean": 0.9815888545512133, "recall_std": 0.0003776425503101941, "f1-score_mean": 0.9815809249380069, "f1-score_std": 0.0003779829571323631, "support_mean": 26972.8, "support_std": 0.17888543819998315}}, "classification_report_test": {"0": {"precision_mean": 0.9898884162994376, "precision_std": 0.0016191549264822362, "recall_mean": 0.9403445149592022, "recall_std": 0.007450517494818174, "f1-score_mean": 0.9643752247846878, "f1-score_std": 0.003291891828601074, "support_mean": 3309.0, "support_std": 0.0}, "1": {"precision_mean": 0.9454222910424213, "precision_std": 0.006405133462110883, "recall_mean": 0.9906817940977246, "recall_std": 0.0015694097068245686, "f1-score_mean": 0.9674422064168737, "f1-score_std": 0.002736477425129599, "support_mean": 3434.2, "support_std": 0.17888543819998315}, "macro avg": {"precision_mean": 0.9676553536709294, "precision_std": 0.0025512234913877612, "recall_mean": 0.9655131545284634, "recall_std": 0.0030757651086449995, "f1-score_mean": 0.9659087156007808, "f1-score_std": 0.003013969777100624, "support_mean": 6743.2, "support_std": 0.17888543819998315}, "weighted avg": {"precision_mean": 0.9672422116267407, "precision_std": 0.0026217532570792087, "recall_mean": 0.9659808537442018, "recall_std": 0.0029951001678773957, "f1-score_mean": 0.9659372166343365, "f1-score_std": 0.0030087699820859834, "support_mean": 6743.2, "support_std": 0.17888543819998315}}, "timing": {"extractor_fit": "0:06:21.330968", "filtered_features": "0:00:00.108274", "model_training_time": "0:00:07.679018"}, "selected_vocabulary": [["commodity", "logo", "regarding", "file", "september", "country", "be", "world", "university", "jim", "to", "attend", "morning", "november", "revised", "low", "biz", "cheap", "at", "promotional", "point", "net", "doctor", "herein", "man", "wiil", "spam", "any", "no", "asked", "enronxgate", "advice", "august", "subscriber", "however", "enrononline", "differ", "men", "between", "corel", "adobe", "hundred", "now", "act", "eol", "smith", "photoshop", "robert", "from", "interview", "advertisement", "derivative", "beck", "probably", "yahoo", "scott", "gibner", "michael", "have", "remove", "review", "lavorato", "brand", "bob", "afternoon", "update", "management", "wish", "pipeline", "offer", "richard", "working", "london", "capacity", "that", "discussed", "email", "xp", "option", "cialis", "contract", "summary", "april", "dave", "site", "watch", "chris", "yesterday", "sex", "dollar", "following", "trading", "team", "greg", "scheduled", "mailing", "drug", "think", "tomorrow", "medication", "october", "crenshaw", "edu", "detected", "eb", "ancillary", "final", "featured", "presentation", "stinson", "software", "log", "research", "med", "professional", "life", "online", "doc", "pill", "prescription", "your", "week", "employee", "variance", "txt", "message", "ena", "fyi", "click", "power", "steve", "oo", "sally", "parsing", "mark", "shirley", "tuesday", "westdesk", "kevin", "save", "david", "php", "conference", "jeff", "stop", "fw", "viagra", "the", "hourahead", "thousand", "mike", "energy", "sent", "discus", "issue", "thursday", "if", "wednesday", "gas", "scheduling", "date", "comment", "please", "monday", "money", "california", "portland", "will", "call", "friday", "re", "kitchen", "know", "would", "on", "john", "here", "corp", "group", "original", "let", "me", "attached", "http", "question", "schedule", "meeting", "houston", "thanks", "louise", "forwarded", "hou", "kaminski", "am", "ect", "subject", "vince", "pm", "cc", "enron"], ["awarded", "gary", "november", "following", "herein", "pg", "quality", "update", "yourself", "promotional", "plant", "enrononline", "macromedia", "stationery", "spam", "week", "message", "unsubscribe", "farmer", "differ", "august", "photoshop", "afternoon", "shipping", "trading", "eb", "eol", "free", "scott", "team", "capacity", "easy", "advice", "cheap", "michael", "corel", "discussed", "subscriber", "low", "counterparty", "adobe", "wiil", "men", "lavorato", "creative", "beck", "mx", "our", "smith", "mary", "conference", "advertisement", "flow", "xl", "summary", "xp", "no", "hundred", "cialis", "country", "sitara", "enronxgate", "act", "man", "logo", "hello", "brand", "security", "yesterday", "chris", "world", "greg", "doc", "net", "would", "texas", "nomination", "scheduled", "employee", "tomorrow", "revised", "power", "robert", "drug", "yahoo", "best", "dave", "medication", "watch", "remove", "reply", "dollar", "log", "kevin", "pipeline", "now", "www", "will", "website", "more", "med", "prescription", "if", "pill", "file", "featured", "final", "sex", "nom", "october", "ancillary", "com", "detected", "volume", "wish", "discus", "april", "tuesday", "jeff", "steve", "online", "offer", "contract", "oo", "variance", "date", "txt", "re", "sent", "mark", "bob", "group", "kaminski", "mmbtu", "parsing", "thursday", "mailing", "sally", "please", "stop", "ena", "westdesk", "mike", "energy", "on", "professional", "issue", "php", "comment", "life", "call", "wednesday", "deal", "david", "email", "fyi", "know", "site", "friday", "meter", "fw", "save", "viagra", "software", "hourahead", "monday", "click", "vince", "thousand", "california", "john", "daren", "portland", "scheduling", "kitchen", "money", "original", "me", "hpl", "let", "meeting", "corp", "here", "schedule", "houston", "your", "question", "gas", "am", "attached", "thanks", "louise", "http", "hou", "forwarded", "ect", "subject", "pm", "cc", "enron"], ["quality", "tom", "trading", "chris", "sum", "team", "gibner", "easy", "stationery", "eol", "oem", "mailing", "discussed", "august", "week", "million", "presentation", "for", "subscriber", "awarded", "spam", "advice", "yesterday", "herein", "point", "creative", "richard", "scott", "hundred", "spreadsheet", "studio", "wiil", "promotional", "doctor", "best", "mx", "capacity", "men", "smith", "message", "graphic", "website", "logo", "security", "macromedia", "yahoo", "counterparty", "differ", "dave", "low", "afternoon", "think", "world", "greg", "april", "man", "cheap", "no", "act", "beck", "crenshaw", "www", "brand", "advertisement", "flow", "photoshop", "xl", "corel", "stinson", "revised", "country", "wish", "biz", "tomorrow", "watch", "adobe", "scheduled", "michael", "november", "the", "doc", "sitara", "final", "following", "texas", "eb", "nomination", "mary", "now", "dollar", "farmer", "xp", "email", "shirley", "cialis", "featured", "pipeline", "robert", "sent", "tuesday", "conference", "kitchen", "sex", "drug", "detected", "nom", "click", "more", "ancillary", "professional", "contract", "log", "employee", "file", "would", "oo", "fw", "pill", "kevin", "jeff", "medication", "offer", "david", "mark", "site", "thursday", "wednesday", "med", "october", "discus", "steve", "txt", "volume", "ena", "issue", "life", "variance", "prescription", "bob", "sally", "online", "mike", "energy", "parsing", "mmbtu", "westdesk", "original", "software", "will", "php", "monday", "fyi", "if", "deal", "stop", "john", "re", "comment", "save", 